ano,turno,cargo,uf,cidade_codigo,gravado_em_utc,gerado_tse_utc,fracao_secoes_apuradas,numero,nome,partido,votos,eleitores,comparecimento,abstencao,brancos,nulos
2022,2,presidente,AC,,2022-10-30T20:17:46.000Z,,0.0268,22,JAIR BOLSONARO,PL,8438,,,,,
2022,2,presidente,AC,,2022-10-30T20:17:46.000Z,,0.0268,13,LULA,PT,3321,,,,,
2022,2,presidente,AC,,2022-10-30T20:18:58.000Z,,0.0268,22,JAIR BOLSONARO,PL,8438,,,,,
2022,2,presidente,AC,,2022-10-30T20:18:58.000Z,,0.0268,13,LULA,PT,3321,,,,,
2022,2,presidente,AC,,2022-10-30T20:20:08.000Z,,0.0348,22,JAIR BOLSONARO,PL,10957,,,,,
2022,2,presidente,AC,,2022-10-30T20:20:08.000Z,,0.0348,13,LULA,PT,4323,,,,,
2022,2,presidente,AC,,2022-10-30T20:21:24.000Z,,0.0631,22,JAIR BOLSONARO,PL,19424,,,,,
2022,2,presidente,AC,,2022-10-30T20:21:24.000Z,,0.0631,13,LULA,PT,7551,,,,,
2022,2,presidente,AC,,2022-10-30T20:22:35.000Z,,0.0758,22,JAIR BOLSONARO,PL,23081,,,,,
2022,2,presidente,AC,,2022-10-30T20:22:35.000Z,,0.0758,13,LULA,PT,9039,,,,,
2022,2,presidente,AC,,2022-10-30T20:23:45.000Z,,0.0913,22,JAIR BOLSONARO,PL,27768,,,,,
2022,2,presidente,AC,,2022-10-30T20:23:45.000Z,,0.0913,13,LULA,PT,10853,,,,,
2022,2,presidente,AC,,2022-10-30T20:25:08.000Z,,0.1088,22,JAIR BOLSONARO,PL,33466,,,,,
2022,2,presidente,AC,,2022-10-30T20:25:08.000Z,,0.1088,13,LULA,PT,13040,,,,,
2022,2,presidente,AC,,2022-10-30T20:26:14.000Z,,0.161,22,JAIR BOLSONARO,PL,48517,,,,,
2022,2,presidente,AC,,2022-10-30T20:26:14.000Z,,0.161,13,LULA,PT,19964,,,,,
2022,2,presidente,AC,,2022-10-30T20:27:20.000Z,,0.1841,22,JAIR BOLSONARO,PL,55144,,,,,
2022,2,presidente,AC,,2022-10-30T20:27:20.000Z,,0.1841,13,LULA,PT,23039,,,,,
2022,2,presidente,AC,,2022-10-30T20:28:26.000Z,,0.1841,22,JAIR BOLSONARO,PL,55144,,,,,
2022,2,presidente,AC,,2022-10-30T20:28:26.000Z,,0.1841,13,LULA,PT,23039,,,,,
2022,2,presidente,AC,,2022-10-30T20:29:37.000Z,,0.2062,22,JAIR BOLSONARO,PL,62181,,,,,
2022,2,presidente,AC,,2022-10-30T20:29:37.000Z,,0.2062,13,LULA,PT,25927,,,,,
2022,2,presidente,AC,,2022-10-30T20:30:44.000Z,,0.2354,22,JAIR BOLSONARO,PL,70438,,,,,
2022,2,presidente,AC,,2022-10-30T20:30:44.000Z,,0.2354,13,LULA,PT,29682,,,,,
2022,2,presidente,AC,,2022-10-30T20:32:01.000Z,,0.2547,22,JAIR BOLSONARO,PL,75875,,,,,
2022,2,presidente,AC,,2022-10-30T20:32:01.000Z,,0.2547,13,LULA,PT,32083,,,,,
2022,2,presidente,AC,,2022-10-30T20:33:18.000Z,,0.2759,22,JAIR BOLSONARO,PL,81295,,,,,
2022,2,presidente,AC,,2022-10-30T20:33:18.000Z,,0.2759,13,LULA,PT,34899,,,,,
2022,2,presidente,AC,,2022-10-30T20:34:25.000Z,,0.2891,22,JAIR BOLSONARO,PL,85116,,,,,
2022,2,presidente,AC,,2022-10-30T20:34:25.000Z,,0.2891,13,LULA,PT,36931,,,,,
2022,2,presidente,AC,,2022-10-30T20:35:42.000Z,,0.3074,22,JAIR BOLSONARO,PL,91105,,,,,
2022,2,presidente,AC,,2022-10-30T20:35:42.000Z,,0.3074,13,LULA,PT,39447,,,,,
2022,2,presidente,AC,,2022-10-30T20:36:51.000Z,,0.3366,22,JAIR BOLSONARO,PL,98987,,,,,
2022,2,presidente,AC,,2022-10-30T20:36:51.000Z,,0.3366,13,LULA,PT,43499,,,,,
2022,2,presidente,AC,,2022-10-30T20:37:58.000Z,,0.3366,22,JAIR BOLSONARO,PL,98987,,,,,
2022,2,presidente,AC,,2022-10-30T20:37:58.000Z,,0.3366,13,LULA,PT,43499,,,,,
2022,2,presidente,AC,,2022-10-30T20:39:09.000Z,,0.363,22,JAIR BOLSONARO,PL,106630,,,,,
2022,2,presidente,AC,,2022-10-30T20:39:09.000Z,,0.363,13,LULA,PT,46925,,,,,
2022,2,presidente,AC,,2022-10-30T20:40:14.000Z,,0.3781,22,JAIR BOLSONARO,PL,111072,,,,,
2022,2,presidente,AC,,2022-10-30T20:40:14.000Z,,0.3781,13,LULA,PT,48692,,,,,
2022,2,presidente,AC,,2022-10-30T20:41:26.000Z,,0.4007,22,JAIR BOLSONARO,PL,116544,,,,,
2022,2,presidente,AC,,2022-10-30T20:41:26.000Z,,0.4007,13,LULA,PT,51486,,,,,
2022,2,presidente,AC,,2022-10-30T20:42:32.000Z,,0.4091,22,JAIR BOLSONARO,PL,118696,,,,,
2022,2,presidente,AC,,2022-10-30T20:42:32.000Z,,0.4091,13,LULA,PT,52582,,,,,
2022,2,presidente,AC,,2022-10-30T20:43:40.000Z,,0.4364,22,JAIR BOLSONARO,PL,127069,,,,,
2022,2,presidente,AC,,2022-10-30T20:43:40.000Z,,0.4364,13,LULA,PT,56027,,,,,
2022,2,presidente,AC,,2022-10-30T20:44:54.000Z,,0.4364,22,JAIR BOLSONARO,PL,127069,,,,,
2022,2,presidente,AC,,2022-10-30T20:44:54.000Z,,0.4364,13,LULA,PT,56027,,,,,
2022,2,presidente,AC,,2022-10-30T20:46:04.000Z,,0.4619,22,JAIR BOLSONARO,PL,133663,,,,,
2022,2,presidente,AC,,2022-10-30T20:46:04.000Z,,0.4619,13,LULA,PT,59327,,,,,
2022,2,presidente,AC,,2022-10-30T20:47:17.000Z,,0.4873,22,JAIR BOLSONARO,PL,141619,,,,,
2022,2,presidente,AC,,2022-10-30T20:47:17.000Z,,0.4873,13,LULA,PT,62409,,,,,
2022,2,presidente,AC,,2022-10-30T20:48:49.000Z,,0.5226,22,JAIR BOLSONARO,PL,150520,,,,,
2022,2,presidente,AC,,2022-10-30T20:48:49.000Z,,0.5226,13,LULA,PT,67358,,,,,
2022,2,presidente,AC,,2022-10-30T20:50:05.000Z,,0.5372,22,JAIR BOLSONARO,PL,154735,,,,,
2022,2,presidente,AC,,2022-10-30T20:50:05.000Z,,0.5372,13,LULA,PT,69400,,,,,
2022,2,presidente,AC,,2022-10-30T20:51:17.000Z,,0.5461,22,JAIR BOLSONARO,PL,156943,,,,,
2022,2,presidente,AC,,2022-10-30T20:51:17.000Z,,0.5461,13,LULA,PT,70539,,,,,
2022,2,presidente,AC,,2022-10-30T20:52:30.000Z,,0.5499,22,JAIR BOLSONARO,PL,157936,,,,,
2022,2,presidente,AC,,2022-10-30T20:52:30.000Z,,0.5499,13,LULA,PT,70999,,,,,
2022,2,presidente,AC,,2022-10-30T20:53:48.000Z,,0.557,22,JAIR BOLSONARO,PL,159730,,,,,
2022,2,presidente,AC,,2022-10-30T20:53:48.000Z,,0.557,13,LULA,PT,71820,,,,,
2022,2,presidente,AC,,2022-10-30T20:55:06.000Z,,0.5777,22,JAIR BOLSONARO,PL,164790,,,,,
2022,2,presidente,AC,,2022-10-30T20:55:06.000Z,,0.5777,13,LULA,PT,74732,,,,,
2022,2,presidente,AC,,2022-10-30T20:56:28.000Z,,0.5918,22,JAIR BOLSONARO,PL,169044,,,,,
2022,2,presidente,AC,,2022-10-30T20:56:28.000Z,,0.5918,13,LULA,PT,76612,,,,,
2022,2,presidente,AC,,2022-10-30T20:57:51.000Z,,0.6168,22,JAIR BOLSONARO,PL,175949,,,,,
2022,2,presidente,AC,,2022-10-30T20:57:51.000Z,,0.6168,13,LULA,PT,79592,,,,,
2022,2,presidente,AC,,2022-10-30T20:59:12.000Z,,0.6238,22,JAIR BOLSONARO,PL,178049,,,,,
2022,2,presidente,AC,,2022-10-30T20:59:12.000Z,,0.6238,13,LULA,PT,80364,,,,,
2022,2,presidente,AC,,2022-10-30T21:00:28.000Z,,0.6511,22,JAIR BOLSONARO,PL,185725,,,,,
2022,2,presidente,AC,,2022-10-30T21:00:28.000Z,,0.6511,13,LULA,PT,83601,,,,,
2022,2,presidente,AC,,2022-10-30T21:01:57.000Z,,0.6615,22,JAIR BOLSONARO,PL,188681,,,,,
2022,2,presidente,AC,,2022-10-30T21:01:57.000Z,,0.6615,13,LULA,PT,84683,,,,,
2022,2,presidente,AC,,2022-10-30T21:03:19.000Z,,0.6648,22,JAIR BOLSONARO,PL,189620,,,,,
2022,2,presidente,AC,,2022-10-30T21:03:19.000Z,,0.6648,13,LULA,PT,85073,,,,,
2022,2,presidente,AC,,2022-10-30T21:04:32.000Z,,0.6784,22,JAIR BOLSONARO,PL,193809,,,,,
2022,2,presidente,AC,,2022-10-30T21:04:32.000Z,,0.6784,13,LULA,PT,86613,,,,,
2022,2,presidente,AC,,2022-10-30T21:05:41.000Z,,0.6784,22,JAIR BOLSONARO,PL,193809,,,,,
2022,2,presidente,AC,,2022-10-30T21:05:41.000Z,,0.6784,13,LULA,PT,86613,,,,,
2022,2,presidente,AC,,2022-10-30T21:06:59.000Z,,0.6874,22,JAIR BOLSONARO,PL,196252,,,,,
2022,2,presidente,AC,,2022-10-30T21:06:59.000Z,,0.6874,13,LULA,PT,87543,,,,,
2022,2,presidente,AC,,2022-10-30T21:08:16.000Z,,0.7034,22,JAIR BOLSONARO,PL,201628,,,,,
2022,2,presidente,AC,,2022-10-30T21:08:16.000Z,,0.7034,13,LULA,PT,89394,,,,,
2022,2,presidente,AC,,2022-10-30T21:09:37.000Z,,0.7057,22,JAIR BOLSONARO,PL,202230,,,,,
2022,2,presidente,AC,,2022-10-30T21:09:37.000Z,,0.7057,13,LULA,PT,89719,,,,,
2022,2,presidente,AC,,2022-10-30T21:10:54.000Z,,0.7123,22,JAIR BOLSONARO,PL,204272,,,,,
2022,2,presidente,AC,,2022-10-30T21:10:54.000Z,,0.7123,13,LULA,PT,90479,,,,,
2022,2,presidente,AC,,2022-10-30T21:12:19.000Z,,0.7293,22,JAIR BOLSONARO,PL,209694,,,,,
2022,2,presidente,AC,,2022-10-30T21:12:19.000Z,,0.7293,13,LULA,PT,92647,,,,,
2022,2,presidente,AC,,2022-10-30T21:13:33.000Z,,0.7359,22,JAIR BOLSONARO,PL,211737,,,,,
2022,2,presidente,AC,,2022-10-30T21:13:33.000Z,,0.7359,13,LULA,PT,93430,,,,,
2022,2,presidente,AC,,2022-10-30T21:14:41.000Z,,0.7429,22,JAIR BOLSONARO,PL,213734,,,,,
2022,2,presidente,AC,,2022-10-30T21:14:41.000Z,,0.7429,13,LULA,PT,94300,,,,,
2022,2,presidente,AC,,2022-10-30T21:16:11.000Z,,0.7472,22,JAIR BOLSONARO,PL,214758,,,,,
2022,2,presidente,AC,,2022-10-30T21:16:11.000Z,,0.7472,13,LULA,PT,94708,,,,,
2022,2,presidente,AC,,2022-10-30T21:17:29.000Z,,0.7613,22,JAIR BOLSONARO,PL,218906,,,,,
2022,2,presidente,AC,,2022-10-30T21:17:29.000Z,,0.7613,13,LULA,PT,96421,,,,,
2022,2,presidente,AC,,2022-10-30T21:19:00.000Z,,0.766,22,JAIR BOLSONARO,PL,220277,,,,,
2022,2,presidente,AC,,2022-10-30T21:19:00.000Z,,0.766,13,LULA,PT,96910,,,,,
2022,2,presidente,AC,,2022-10-30T21:20:20.000Z,,0.7693,22,JAIR BOLSONARO,PL,221553,,,,,
2022,2,presidente,AC,,2022-10-30T21:20:20.000Z,,0.7693,13,LULA,PT,97354,,,,,
2022,2,presidente,AC,,2022-10-30T21:21:43.000Z,,0.7721,22,JAIR BOLSONARO,PL,222459,,,,,
2022,2,presidente,AC,,2022-10-30T21:21:43.000Z,,0.7721,13,LULA,PT,97781,,,,,
2022,2,presidente,AC,,2022-10-30T21:23:09.000Z,,0.79,22,JAIR BOLSONARO,PL,227752,,,,,
2022,2,presidente,AC,,2022-10-30T21:23:09.000Z,,0.79,13,LULA,PT,99725,,,,,
2022,2,presidente,AC,,2022-10-30T21:24:30.000Z,,0.7947,22,JAIR BOLSONARO,PL,229090,,,,,
2022,2,presidente,AC,,2022-10-30T21:24:30.000Z,,0.7947,13,LULA,PT,100334,,,,,
2022,2,presidente,AC,,2022-10-30T21:25:56.000Z,,0.7985,22,JAIR BOLSONARO,PL,230180,,,,,
2022,2,presidente,AC,,2022-10-30T21:25:56.000Z,,0.7985,13,LULA,PT,100762,,,,,
2022,2,presidente,AC,,2022-10-30T21:27:28.000Z,,0.8107,22,JAIR BOLSONARO,PL,233739,,,,,
2022,2,presidente,AC,,2022-10-30T21:27:28.000Z,,0.8107,13,LULA,PT,102135,,,,,
2022,2,presidente,AC,,2022-10-30T21:28:51.000Z,,0.823,22,JAIR BOLSONARO,PL,237226,,,,,
2022,2,presidente,AC,,2022-10-30T21:28:51.000Z,,0.823,13,LULA,PT,103547,,,,,
2022,2,presidente,AC,,2022-10-30T21:30:10.000Z,,0.8338,22,JAIR BOLSONARO,PL,240359,,,,,
2022,2,presidente,AC,,2022-10-30T21:30:10.000Z,,0.8338,13,LULA,PT,104526,,,,,
2022,2,presidente,AC,,2022-10-30T21:31:42.000Z,,0.8437,22,JAIR BOLSONARO,PL,243659,,,,,
2022,2,presidente,AC,,2022-10-30T21:31:42.000Z,,0.8437,13,LULA,PT,105698,,,,,
2022,2,presidente,AC,,2022-10-30T21:33:08.000Z,,0.8555,22,JAIR BOLSONARO,PL,246791,,,,,
2022,2,presidente,AC,,2022-10-30T21:33:08.000Z,,0.8555,13,LULA,PT,106901,,,,,
2022,2,presidente,AC,,2022-10-30T21:34:27.000Z,,0.8668,22,JAIR BOLSONARO,PL,250283,,,,,
2022,2,presidente,AC,,2022-10-30T21:34:27.000Z,,0.8668,13,LULA,PT,108222,,,,,
2022,2,presidente,AC,,2022-10-30T21:35:47.000Z,,0.8701,22,JAIR BOLSONARO,PL,250900,,,,,
2022,2,presidente,AC,,2022-10-30T21:35:47.000Z,,0.8701,13,LULA,PT,108734,,,,,
2022,2,presidente,AC,,2022-10-30T21:37:12.000Z,,0.8738,22,JAIR BOLSONARO,PL,252234,,,,,
2022,2,presidente,AC,,2022-10-30T21:37:12.000Z,,0.8738,13,LULA,PT,109116,,,,,
2022,2,presidente,AC,,2022-10-30T21:38:40.000Z,,0.8799,22,JAIR BOLSONARO,PL,254235,,,,,
2022,2,presidente,AC,,2022-10-30T21:38:40.000Z,,0.8799,13,LULA,PT,109714,,,,,
2022,2,presidente,AC,,2022-10-30T21:40:09.000Z,,0.8851,22,JAIR BOLSONARO,PL,255911,,,,,
2022,2,presidente,AC,,2022-10-30T21:40:09.000Z,,0.8851,13,LULA,PT,110172,,,,,
2022,2,presidente,AC,,2022-10-30T21:41:40.000Z,,0.895,22,JAIR BOLSONARO,PL,258852,,,,,
2022,2,presidente,AC,,2022-10-30T21:41:40.000Z,,0.895,13,LULA,PT,111009,,,,,
2022,2,presidente,AC,,2022-10-30T21:43:02.000Z,,0.8983,22,JAIR BOLSONARO,PL,259893,,,,,
2022,2,presidente,AC,,2022-10-30T21:43:02.000Z,,0.8983,13,LULA,PT,111330,,,,,
2022,2,presidente,AC,,2022-10-30T21:44:20.000Z,,0.904,22,JAIR BOLSONARO,PL,261723,,,,,
2022,2,presidente,AC,,2022-10-30T21:44:20.000Z,,0.904,13,LULA,PT,112021,,,,,
2022,2,presidente,AC,,2022-10-30T21:45:43.000Z,,0.9049,22,JAIR BOLSONARO,PL,261961,,,,,
2022,2,presidente,AC,,2022-10-30T21:45:43.000Z,,0.9049,13,LULA,PT,112110,,,,,
2022,2,presidente,AC,,2022-10-30T21:47:01.000Z,,0.911,22,JAIR BOLSONARO,PL,263886,,,,,
2022,2,presidente,AC,,2022-10-30T21:47:01.000Z,,0.911,13,LULA,PT,112774,,,,,
2022,2,presidente,AC,,2022-10-30T21:48:25.000Z,,0.9176,22,JAIR BOLSONARO,PL,265767,,,,,
2022,2,presidente,AC,,2022-10-30T21:48:25.000Z,,0.9176,13,LULA,PT,113351,,,,,
2022,2,presidente,AC,,2022-10-30T21:50:02.000Z,,0.9195,22,JAIR BOLSONARO,PL,266359,,,,,
2022,2,presidente,AC,,2022-10-30T21:50:02.000Z,,0.9195,13,LULA,PT,113605,,,,,
2022,2,presidente,AC,,2022-10-30T21:51:39.000Z,,0.9247,22,JAIR BOLSONARO,PL,267765,,,,,
2022,2,presidente,AC,,2022-10-30T21:51:39.000Z,,0.9247,13,LULA,PT,114166,,,,,
2022,2,presidente,AC,,2022-10-30T21:53:12.000Z,,0.9308,22,JAIR BOLSONARO,PL,269655,,,,,
2022,2,presidente,AC,,2022-10-30T21:53:12.000Z,,0.9308,13,LULA,PT,114774,,,,,
2022,2,presidente,AC,,2022-10-30T21:54:39.000Z,,0.9346,22,JAIR BOLSONARO,PL,270718,,,,,
2022,2,presidente,AC,,2022-10-30T21:54:39.000Z,,0.9346,13,LULA,PT,115200,,,,,
2022,2,presidente,AC,,2022-10-30T21:56:09.000Z,,0.943,22,JAIR BOLSONARO,PL,273015,,,,,
2022,2,presidente,AC,,2022-10-30T21:56:09.000Z,,0.943,13,LULA,PT,116141,,,,,
2022,2,presidente,AC,,2022-10-30T21:57:46.000Z,,0.9444,22,JAIR BOLSONARO,PL,273493,,,,,
2022,2,presidente,AC,,2022-10-30T21:57:46.000Z,,0.9444,13,LULA,PT,116280,,,,,
2022,2,presidente,AC,,2022-10-30T21:59:13.000Z,,0.9449,22,JAIR BOLSONARO,PL,273666,,,,,
2022,2,presidente,AC,,2022-10-30T21:59:13.000Z,,0.9449,13,LULA,PT,116337,,,,,
2022,2,presidente,AC,,2022-10-30T22:00:45.000Z,,0.9477,22,JAIR BOLSONARO,PL,274413,,,,,
2022,2,presidente,AC,,2022-10-30T22:00:45.000Z,,0.9477,13,LULA,PT,116537,,,,,
2022,2,presidente,AC,,2022-10-30T22:02:15.000Z,,0.9496,22,JAIR BOLSONARO,PL,275009,,,,,
2022,2,presidente,AC,,2022-10-30T22:02:15.000Z,,0.9496,13,LULA,PT,116725,,,,,
2022,2,presidente,AC,,2022-10-30T22:03:38.000Z,,0.9567,22,JAIR BOLSONARO,PL,276896,,,,,
2022,2,presidente,AC,,2022-10-30T22:03:38.000Z,,0.9567,13,LULA,PT,117373,,,,,
2022,2,presidente,AC,,2022-10-30T22:05:04.000Z,,0.9619,22,JAIR BOLSONARO,PL,278091,,,,,
2022,2,presidente,AC,,2022-10-30T22:05:04.000Z,,0.9619,13,LULA,PT,117924,,,,,
2022,2,presidente,AC,,2022-10-30T22:06:25.000Z,,0.9708,22,JAIR BOLSONARO,PL,280301,,,,,
2022,2,presidente,AC,,2022-10-30T22:06:25.000Z,,0.9708,13,LULA,PT,118794,,,,,
2022,2,presidente,AC,,2022-10-30T22:07:55.000Z,,0.9727,22,JAIR BOLSONARO,PL,280859,,,,,
2022,2,presidente,AC,,2022-10-30T22:07:55.000Z,,0.9727,13,LULA,PT,118991,,,,,
2022,2,presidente,AC,,2022-10-30T22:09:18.000Z,,0.9816,22,JAIR BOLSONARO,PL,283278,,,,,
2022,2,presidente,AC,,2022-10-30T22:09:18.000Z,,0.9816,13,LULA,PT,119792,,,,,
2022,2,presidente,AC,,2022-10-30T22:10:48.000Z,,0.9826,22,JAIR BOLSONARO,PL,283517,,,,,
2022,2,presidente,AC,,2022-10-30T22:10:48.000Z,,0.9826,13,LULA,PT,119835,,,,,
2022,2,presidente,AC,,2022-10-30T22:12:35.000Z,,0.9845,22,JAIR BOLSONARO,PL,284058,,,,,
2022,2,presidente,AC,,2022-10-30T22:12:35.000Z,,0.9845,13,LULA,PT,120037,,,,,
2022,2,presidente,AC,,2022-10-30T22:14:19.000Z,,0.9859,22,JAIR BOLSONARO,PL,284449,,,,,
2022,2,presidente,AC,,2022-10-30T22:14:19.000Z,,0.9859,13,LULA,PT,120145,,,,,
2022,2,presidente,AC,,2022-10-30T22:15:56.000Z,,0.9863,22,JAIR BOLSONARO,PL,284597,,,,,
2022,2,presidente,AC,,2022-10-30T22:15:56.000Z,,0.9863,13,LULA,PT,120202,,,,,
2022,2,presidente,AC,,2022-10-30T22:17:39.000Z,,0.9878,22,JAIR BOLSONARO,PL,284952,,,,,
2022,2,presidente,AC,,2022-10-30T22:17:39.000Z,,0.9878,13,LULA,PT,120332,,,,,
2022,2,presidente,AC,,2022-10-30T22:19:20.000Z,,0.9906,22,JAIR BOLSONARO,PL,285836,,,,,
2022,2,presidente,AC,,2022-10-30T22:19:20.000Z,,0.9906,13,LULA,PT,120608,,,,,
2022,2,presidente,AC,,2022-10-30T22:20:57.000Z,,0.9929,22,JAIR BOLSONARO,PL,286264,,,,,
2022,2,presidente,AC,,2022-10-30T22:20:57.000Z,,0.9929,13,LULA,PT,120971,,,,,
2022,2,presidente,AC,,2022-10-30T22:22:30.000Z,,0.9929,22,JAIR BOLSONARO,PL,286264,,,,,
2022,2,presidente,AC,,2022-10-30T22:22:30.000Z,,0.9929,13,LULA,PT,120971,,,,,
2022,2,presidente,AC,,2022-10-30T22:24:02.000Z,,0.9934,22,JAIR BOLSONARO,PL,286395,,,,,
2022,2,presidente,AC,,2022-10-30T22:24:02.000Z,,0.9934,13,LULA,PT,121005,,,,,
2022,2,presidente,AC,,2022-10-30T22:25:49.000Z,,0.9934,22,JAIR BOLSONARO,PL,286395,,,,,
2022,2,presidente,AC,,2022-10-30T22:25:49.000Z,,0.9934,13,LULA,PT,121005,,,,,
2022,2,presidente,AC,,2022-10-30T22:27:39.000Z,,0.9953,22,JAIR BOLSONARO,PL,286844,,,,,
2022,2,presidente,AC,,2022-10-30T22:27:39.000Z,,0.9953,13,LULA,PT,121116,,,,,
2022,2,presidente,AC,,2022-10-30T22:29:14.000Z,,0.9953,22,JAIR BOLSONARO,PL,286844,,,,,
2022,2,presidente,AC,,2022-10-30T22:29:14.000Z,,0.9953,13,LULA,PT,121116,,,,,
2022,2,presidente,AC,,2022-10-30T22:31:03.000Z,,0.9953,22,JAIR BOLSONARO,PL,286844,,,,,
2022,2,presidente,AC,,2022-10-30T22:31:03.000Z,,0.9953,13,LULA,PT,121116,,,,,
2022,2,presidente,AC,,2022-10-30T22:32:40.000Z,,0.9953,22,JAIR BOLSONARO,PL,286844,,,,,
2022,2,presidente,AC,,2022-10-30T22:32:40.000Z,,0.9953,13,LULA,PT,121116,,,,,
2022,2,presidente,AC,,2022-10-30T22:34:25.000Z,,0.9953,22,JAIR BOLSONARO,PL,286844,,,,,
2022,2,presidente,AC,,2022-10-30T22:34:25.000Z,,0.9953,13,LULA,PT,121116,,,,,
2022,2,presidente,AC,,2022-10-30T22:36:21.000Z,,0.9953,22,JAIR BOLSONARO,PL,286844,,,,,
2022,2,presidente,AC,,2022-10-30T22:36:21.000Z,,0.9953,13,LULA,PT,121116,,,,,
2022,2,presidente,AC,,2022-10-30T22:38:19.000Z,,0.9953,22,JAIR BOLSONARO,PL,286844,,,,,
2022,2,presidente,AC,,2022-10-30T22:38:19.000Z,,0.9953,13,LULA,PT,121116,,,,,
2022,2,presidente,AC,,2022-10-30T22:39:50.000Z,,0.9953,22,JAIR BOLSONARO,PL,286844,,,,,
2022,2,presidente,AC,,2022-10-30T22:39:50.000Z,,0.9953,13,LULA,PT,121116,,,,,
2022,2,presidente,AC,,2022-10-30T22:41:42.000Z,,0.9953,22,JAIR BOLSONARO,PL,286844,,,,,
2022,2,presidente,AC,,2022-10-30T22:41:42.000Z,,0.9953,13,LULA,PT,121116,,,,,
2022,2,presidente,AC,,2022-10-30T22:43:10.000Z,,0.9981,22,JAIR BOLSONARO,PL,287489,,,,,
2022,2,presidente,AC,,2022-10-30T22:43:10.000Z,,0.9981,13,LULA,PT,121435,,,,,
2022,2,presidente,AC,,2022-10-30T22:44:54.000Z,,0.9981,22,JAIR BOLSONARO,PL,287489,,,,,
2022,2,presidente,AC,,2022-10-30T22:44:54.000Z,,0.9981,13,LULA,PT,121435,,,,,
2022,2,presidente,AC,,2022-10-30T22:46:45.000Z,,0.9981,22,JAIR BOLSONARO,PL,287489,,,,,
2022,2,presidente,AC,,2022-10-30T22:46:45.000Z,,0.9981,13,LULA,PT,121435,,,,,
2022,2,presidente,AC,,2022-10-30T22:48:30.000Z,,0.9986,22,JAIR BOLSONARO,PL,287526,,,,,
2022,2,presidente,AC,,2022-10-30T22:48:30.000Z,,0.9986,13,LULA,PT,121450,,,,,
2022,2,presidente,AC,,2022-10-30T22:50:13.000Z,,0.9986,22,JAIR BOLSONARO,PL,287526,,,,,
2022,2,presidente,AC,,2022-10-30T22:50:13.000Z,,0.9986,13,LULA,PT,121450,,,,,
2022,2,presidente,AC,,2022-10-30T22:51:54.000Z,,0.9986,22,JAIR BOLSONARO,PL,287526,,,,,
2022,2,presidente,AC,,2022-10-30T22:51:54.000Z,,0.9986,13,LULA,PT,121450,,,,,
2022,2,presidente,AC,,2022-10-30T22:53:30.000Z,,0.9986,22,JAIR BOLSONARO,PL,287526,,,,,
2022,2,presidente,AC,,2022-10-30T22:53:30.000Z,,0.9986,13,LULA,PT,121450,,,,,
2022,2,presidente,AC,,2022-10-30T22:55:03.000Z,,0.9991,22,JAIR BOLSONARO,PL,287638,,,,,
2022,2,presidente,AC,,2022-10-30T22:55:03.000Z,,0.9991,13,LULA,PT,121496,,,,,
2022,2,presidente,AC,,2022-10-30T22:56:45.000Z,,0.9991,22,JAIR BOLSONARO,PL,287638,,,,,
2022,2,presidente,AC,,2022-10-30T22:56:45.000Z,,0.9991,13,LULA,PT,121496,,,,,
2022,2,presidente,AC,,2022-10-30T22:58:24.000Z,,0.9991,22,JAIR BOLSONARO,PL,287638,,,,,
2022,2,presidente,AC,,2022-10-30T22:58:24.000Z,,0.9991,13,LULA,PT,121496,,,,,
2022,2,presidente,AC,,2022-10-30T23:00:37.000Z,,0.9991,22,JAIR BOLSONARO,PL,287638,,,,,
2022,2,presidente,AC,,2022-10-30T23:00:37.000Z,,0.9991,13,LULA,PT,121496,,,,,
2022,2,presidente,AC,,2022-10-30T23:02:51.000Z,,0.9991,22,JAIR BOLSONARO,PL,287638,,,,,
2022,2,presidente,AC,,2022-10-30T23:02:51.000Z,,0.9991,13,LULA,PT,121496,,,,,
2022,2,presidente,AC,,2022-10-30T23:04:44.000Z,,0.9991,22,JAIR BOLSONARO,PL,287638,,,,,
2022,2,presidente,AC,,2022-10-30T23:04:44.000Z,,0.9991,13,LULA,PT,121496,,,,,
2022,2,presidente,AC,,2022-10-30T23:06:39.000Z,,0.9991,22,JAIR BOLSONARO,PL,287638,,,,,
2022,2,presidente,AC,,2022-10-30T23:06:39.000Z,,0.9991,13,LULA,PT,121496,,,,,
2022,2,presidente,AC,,2022-10-30T23:08:25.000Z,,0.9991,22,JAIR BOLSONARO,PL,287638,,,,,
2022,2,presidente,AC,,2022-10-30T23:08:25.000Z,,0.9991,13,LULA,PT,121496,,,,,
2022,2,presidente,AC,,2022-10-30T23:10:03.000Z,,0.9991,22,JAIR BOLSONARO,PL,287638,,,,,
2022,2,presidente,AC,,2022-10-30T23:10:03.000Z,,0.9991,13,LULA,PT,121496,,,,,
2022,2,presidente,AC,,2022-10-30T23:11:57.000Z,,0.9991,22,JAIR BOLSONARO,PL,287638,,,,,
2022,2,presidente,AC,,2022-10-30T23:11:57.000Z,,0.9991,13,LULA,PT,121496,,,,,
2022,2,presidente,AC,,2022-10-30T23:14:05.000Z,,0.9991,22,JAIR BOLSONARO,PL,287638,,,,,
2022,2,presidente,AC,,2022-10-30T23:14:05.000Z,,0.9991,13,LULA,PT,121496,,,,,
2022,2,presidente,AC,,2022-10-30T23:16:13.000Z,,0.9991,22,JAIR BOLSONARO,PL,287638,,,,,
2022,2,presidente,AC,,2022-10-30T23:16:13.000Z,,0.9991,13,LULA,PT,121496,,,,,
2022,2,presidente,AC,,2022-10-30T23:18:46.000Z,,0.9995,22,JAIR BOLSONARO,PL,287695,,,,,
2022,2,presidente,AC,,2022-10-30T23:18:46.000Z,,0.9995,13,LULA,PT,121523,,,,,
2022,2,presidente,AC,,2022-10-30T23:20:48.000Z,,0.9995,22,JAIR BOLSONARO,PL,287695,,,,,
2022,2,presidente,AC,,2022-10-30T23:20:48.000Z,,0.9995,13,LULA,PT,121523,,,,,
2022,2,presidente,AC,,2022-10-30T23:22:14.000Z,,0.9995,22,JAIR BOLSONARO,PL,287695,,,,,
2022,2,presidente,AC,,2022-10-30T23:22:14.000Z,,0.9995,13,LULA,PT,121523,,,,,
2022,2,presidente,AC,,2022-10-30T23:23:46.000Z,,0.9995,22,JAIR BOLSONARO,PL,287695,,,,,
2022,2,presidente,AC,,2022-10-30T23:23:46.000Z,,0.9995,13,LULA,PT,121523,,,,,
2022,2,presidente,AC,,2022-10-30T23:25:09.000Z,,0.9995,22,JAIR BOLSONARO,PL,287695,,,,,
2022,2,presidente,AC,,2022-10-30T23:25:09.000Z,,0.9995,13,LULA,PT,121523,,,,,
2022,2,presidente,AC,,2022-10-30T23:26:49.000Z,,0.9995,22,JAIR BOLSONARO,PL,287695,,,,,
2022,2,presidente,AC,,2022-10-30T23:26:49.000Z,,0.9995,13,LULA,PT,121523,,,,,
2022,2,presidente,AC,,2022-10-30T23:28:22.000Z,,0.9995,22,JAIR BOLSONARO,PL,287695,,,,,
2022,2,presidente,AC,,2022-10-30T23:28:22.000Z,,0.9995,13,LULA,PT,121523,,,,,
2022,2,presidente,AC,,2022-10-30T23:30:18.000Z,,0.9995,22,JAIR BOLSONARO,PL,287695,,,,,
2022,2,presidente,AC,,2022-10-30T23:30:18.000Z,,0.9995,13,LULA,PT,121523,,,,,
2022,2,presidente,AC,,2022-10-30T23:32:04.000Z,,0.9995,22,JAIR BOLSONARO,PL,287695,,,,,
2022,2,presidente,AC,,2022-10-30T23:32:04.000Z,,0.9995,13,LULA,PT,121523,,,,,
2022,2,presidente,AC,,2022-10-30T23:33:54.000Z,,0.9995,22,JAIR BOLSONARO,PL,287695,,,,,
2022,2,presidente,AC,,2022-10-30T23:33:54.000Z,,0.9995,13,LULA,PT,121523,,,,,
2022,2,presidente,AC,,2022-10-30T23:35:25.000Z,,0.9995,22,JAIR BOLSONARO,PL,287695,,,,,
2022,2,presidente,AC,,2022-10-30T23:35:25.000Z,,0.9995,13,LULA,PT,121523,,,,,
2022,2,presidente,AC,,2022-10-30T23:36:58.000Z,,0.9995,22,JAIR BOLSONARO,PL,287695,,,,,
2022,2,presidente,AC,,2022-10-30T23:36:58.000Z,,0.9995,13,LULA,PT,121523,,,,,
2022,2,presidente,AC,,2022-10-30T23:39:02.000Z,,0.9995,22,JAIR BOLSONARO,PL,287695,,,,,
2022,2,presidente,AC,,2022-10-30T23:39:02.000Z,,0.9995,13,LULA,PT,121523,,,,,
2022,2,presidente,AC,,2022-10-30T23:41:19.000Z,,0.9995,22,JAIR BOLSONARO,PL,287695,,,,,
2022,2,presidente,AC,,2022-10-30T23:41:19.000Z,,0.9995,13,LULA,PT,121523,,,,,
2022,2,presidente,AC,,2022-10-30T23:43:01.000Z,,0.9995,22,JAIR BOLSONARO,PL,287695,,,,,
2022,2,presidente,AC,,2022-10-30T23:43:01.000Z,,0.9995,13,LULA,PT,121523,,,,,
2022,2,presidente,AC,,2022-10-30T23:45:14.000Z,,0.9995,22,JAIR BOLSONARO,PL,287695,,,,,
2022,2,presidente,AC,,2022-10-30T23:45:14.000Z,,0.9995,13,LULA,PT,121523,,,,,
2022,2,presidente,AC,,2022-10-30T23:47:05.000Z,,0.9995,22,JAIR BOLSONARO,PL,287695,,,,,
2022,2,presidente,AC,,2022-10-30T23:47:05.000Z,,0.9995,13,LULA,PT,121523,,,,,
2022,2,presidente,AC,,2022-10-30T23:48:44.000Z,,0.9995,22,JAIR BOLSONARO,PL,287695,,,,,
2022,2,presidente,AC,,2022-10-30T23:48:44.000Z,,0.9995,13,LULA,PT,121523,,,,,
2022,2,presidente,AC,,2022-10-30T23:50:48.000Z,,0.9995,22,JAIR BOLSONARO,PL,287695,,,,,
2022,2,presidente,AC,,2022-10-30T23:50:48.000Z,,0.9995,13,LULA,PT,121523,,,,,
2022,2,presidente,AC,,2022-10-30T23:52:14.000Z,,0.9995,22,JAIR BOLSONARO,PL,287695,,,,,
2022,2,presidente,AC,,2022-10-30T23:52:14.000Z,,0.9995,13,LULA,PT,121523,,,,,
2022,2,presidente,AC,,2022-10-30T23:54:23.000Z,,0.9995,22,JAIR BOLSONARO,PL,287695,,,,,
2022,2,presidente,AC,,2022-10-30T23:54:23.000Z,,0.9995,13,LULA,PT,121523,,,,,
2022,2,presidente,AC,,2022-10-30T23:56:21.000Z,,0.9995,22,JAIR BOLSONARO,PL,287695,,,,,
2022,2,presidente,AC,,2022-10-30T23:56:21.000Z,,0.9995,13,LULA,PT,121523,,,,,
2022,2,presidente,AC,,2022-10-30T23:58:48.000Z,,0.9995,22,JAIR BOLSONARO,PL,287695,,,,,
2022,2,presidente,AC,,2022-10-30T23:58:48.000Z,,0.9995,13,LULA,PT,121523,,,,,
2022,2,presidente,AC,,2022-10-31T00:00:15.000Z,,0.9995,22,JAIR BOLSONARO,PL,287695,,,,,
2022,2,presidente,AC,,2022-10-31T00:00:15.000Z,,0.9995,13,LULA,PT,121523,,,,,
2022,2,presidente,AC,,2022-10-31T00:01:39.000Z,,0.9995,22,JAIR BOLSONARO,PL,287695,,,,,
2022,2,presidente,AC,,2022-10-31T00:01:39.000Z,,0.9995,13,LULA,PT,121523,,,,,
2022,2,presidente,AC,,2022-10-31T00:03:57.000Z,,0.9995,22,JAIR BOLSONARO,PL,287695,,,,,
2022,2,presidente,AC,,2022-10-31T00:03:57.000Z,,0.9995,13,LULA,PT,121523,,,,,
2022,2,presidente,AC,,2022-10-31T00:06:42.000Z,,0.9995,22,JAIR BOLSONARO,PL,287695,,,,,
2022,2,presidente,AC,,2022-10-31T00:06:42.000Z,,0.9995,13,LULA,PT,121523,,,,,
2022,2,presidente,AC,,2022-10-31T00:08:27.000Z,,0.9995,22,JAIR BOLSONARO,PL,287695,,,,,
2022,2,presidente,AC,,2022-10-31T00:08:27.000Z,,0.9995,13,LULA,PT,121523,,,,,
2022,2,presidente,AC,,2022-10-31T00:10:47.000Z,,0.9995,22,JAIR BOLSONARO,PL,287695,,,,,
2022,2,presidente,AC,,2022-10-31T00:10:47.000Z,,0.9995,13,LULA,PT,121523,,,,,
2022,2,presidente,AC,,2022-10-31T00:13:03.000Z,,0.9995,22,JAIR BOLSONARO,PL,287695,,,,,
2022,2,presidente,AC,,2022-10-31T00:13:03.000Z,,0.9995,13,LULA,PT,121523,,,,,
2022,2,presidente,AC,,2022-10-31T00:15:03.000Z,,0.9995,22,JAIR BOLSONARO,PL,287695,,,,,
2022,2,presidente,AC,,2022-10-31T00:15:03.000Z,,0.9995,13,LULA,PT,121523,,,,,
2022,2,presidente,AC,,2022-10-31T00:16:53.000Z,,0.9995,22,JAIR BOLSONARO,PL,287695,,,,,
2022,2,presidente,AC,,2022-10-31T00:16:53.000Z,,0.9995,13,LULA,PT,121523,,,,,
2022,2,presidente,AC,,2022-10-31T00:19:12.000Z,,0.9995,22,JAIR BOLSONARO,PL,287695,,,,,
2022,2,presidente,AC,,2022-10-31T00:19:12.000Z,,0.9995,13,LULA,PT,121523,,,,,
2022,2,presidente,AC,,2022-10-31T00:21:14.000Z,,0.9995,22,JAIR BOLSONARO,PL,287695,,,,,
2022,2,presidente,AC,,2022-10-31T00:21:14.000Z,,0.9995,13,LULA,PT,121523,,,,,
2022,2,presidente,AC,,2022-10-31T00:23:45.000Z,,0.9995,22,JAIR BOLSONARO,PL,287695,,,,,
2022,2,presidente,AC,,2022-10-31T00:23:45.000Z,,0.9995,13,LULA,PT,121523,,,,,
2022,2,presidente,AC,,2022-10-31T00:25:58.000Z,,0.9995,22,JAIR BOLSONARO,PL,287695,,,,,
2022,2,presidente,AC,,2022-10-31T00:25:58.000Z,,0.9995,13,LULA,PT,121523,,,,,
2022,2,presidente,AC,,2022-10-31T00:27:49.000Z,,0.9995,22,JAIR BOLSONARO,PL,287695,,,,,
2022,2,presidente,AC,,2022-10-31T00:27:49.000Z,,0.9995,13,LULA,PT,121523,,,,,
2022,2,presidente,AC,,2022-10-31T00:29:51.000Z,,0.9995,22,JAIR BOLSONARO,PL,287695,,,,,
2022,2,presidente,AC,,2022-10-31T00:29:51.000Z,,0.9995,13,LULA,PT,121523,,,,,
2022,2,presidente,AC,,2022-10-31T00:31:59.000Z,,0.9995,22,JAIR BOLSONARO,PL,287695,,,,,
2022,2,presidente,AC,,2022-10-31T00:31:59.000Z,,0.9995,13,LULA,PT,121523,,,,,
2022,2,presidente,AC,,2022-10-31T00:34:17.000Z,,0.9995,22,JAIR BOLSONARO,PL,287695,,,,,
2022,2,presidente,AC,,2022-10-31T00:34:17.000Z,,0.9995,13,LULA,PT,121523,,,,,
2022,2,presidente,AC,,2022-10-31T00:36:12.000Z,,0.9995,22,JAIR BOLSONARO,PL,287695,,,,,
2022,2,presidente,AC,,2022-10-31T00:36:12.000Z,,0.9995,13,LULA,PT,121523,,,,,
2022,2,presidente,AC,,2022-10-31T00:38:30.000Z,,0.9995,22,JAIR BOLSONARO,PL,287695,,,,,
2022,2,presidente,AC,,2022-10-31T00:38:30.000Z,,0.9995,13,LULA,PT,121523,,,,,
2022,2,presidente,AC,,2022-10-31T00:40:34.000Z,,0.9995,22,JAIR BOLSONARO,PL,287695,,,,,
2022,2,presidente,AC,,2022-10-31T00:40:34.000Z,,0.9995,13,LULA,PT,121523,,,,,
2022,2,presidente,AC,,2022-10-31T00:42:31.000Z,,0.9995,22,JAIR BOLSONARO,PL,287695,,,,,
2022,2,presidente,AC,,2022-10-31T00:42:31.000Z,,0.9995,13,LULA,PT,121523,,,,,
2022,2,presidente,AC,,2022-10-31T00:44:14.000Z,,0.9995,22,JAIR BOLSONARO,PL,287695,,,,,
2022,2,presidente,AC,,2022-10-31T00:44:14.000Z,,0.9995,13,LULA,PT,121523,,,,,
2022,2,presidente,AC,,2022-10-31T00:46:15.000Z,,0.9995,22,JAIR BOLSONARO,PL,287695,,,,,
2022,2,presidente,AC,,2022-10-31T00:46:15.000Z,,0.9995,13,LULA,PT,121523,,,,,
2022,2,presidente,AC,,2022-10-31T00:48:11.000Z,,0.9995,22,JAIR BOLSONARO,PL,287695,,,,,
2022,2,presidente,AC,,2022-10-31T00:48:11.000Z,,0.9995,13,LULA,PT,121523,,,,,
2022,2,presidente,AC,,2022-10-31T00:50:00.000Z,,0.9995,22,JAIR BOLSONARO,PL,287695,,,,,
2022,2,presidente,AC,,2022-10-31T00:50:00.000Z,,0.9995,13,LULA,PT,121523,,,,,
2022,2,presidente,AC,,2022-10-31T00:52:43.000Z,,0.9995,22,JAIR BOLSONARO,PL,287695,,,,,
2022,2,presidente,AC,,2022-10-31T00:52:43.000Z,,0.9995,13,LULA,PT,121523,,,,,
2022,2,presidente,AC,,2022-10-31T00:54:22.000Z,,0.9995,22,JAIR BOLSONARO,PL,287695,,,,,
2022,2,presidente,AC,,2022-10-31T00:54:22.000Z,,0.9995,13,LULA,PT,121523,,,,,
2022,2,presidente,AC,,2022-10-31T00:56:27.000Z,,0.9995,22,JAIR BOLSONARO,PL,287695,,,,,
2022,2,presidente,AC,,2022-10-31T00:56:27.000Z,,0.9995,13,LULA,PT,121523,,,,,
2022,2,presidente,AC,,2022-10-31T00:58:19.000Z,,0.9995,22,JAIR BOLSONARO,PL,287695,,,,,
2022,2,presidente,AC,,2022-10-31T00:58:19.000Z,,0.9995,13,LULA,PT,121523,,,,,
2022,2,presidente,AC,,2022-10-31T01:00:36.000Z,,0.9995,22,JAIR BOLSONARO,PL,287695,,,,,
2022,2,presidente,AC,,2022-10-31T01:00:36.000Z,,0.9995,13,LULA,PT,121523,,,,,
2022,2,presidente,AC,,2022-10-31T01:02:14.000Z,,0.9995,22,JAIR BOLSONARO,PL,287695,,,,,
2022,2,presidente,AC,,2022-10-31T01:02:14.000Z,,0.9995,13,LULA,PT,121523,,,,,
2022,2,presidente,AC,,2022-10-31T01:04:17.000Z,,0.9995,22,JAIR BOLSONARO,PL,287695,,,,,
2022,2,presidente,AC,,2022-10-31T01:04:17.000Z,,0.9995,13,LULA,PT,121523,,,,,
2022,2,presidente,AC,,2022-10-31T01:05:38.000Z,,0.9995,22,JAIR BOLSONARO,PL,287695,,,,,
2022,2,presidente,AC,,2022-10-31T01:05:38.000Z,,0.9995,13,LULA,PT,121523,,,,,
2022,2,presidente,AC,,2022-10-31T01:07:58.000Z,,0.9995,22,JAIR BOLSONARO,PL,287695,,,,,
2022,2,presidente,AC,,2022-10-31T01:07:58.000Z,,0.9995,13,LULA,PT,121523,,,,,
2022,2,presidente,AC,,2022-10-31T01:09:37.000Z,,0.9995,22,JAIR BOLSONARO,PL,287695,,,,,
2022,2,presidente,AC,,2022-10-31T01:09:37.000Z,,0.9995,13,LULA,PT,121523,,,,,
2022,2,presidente,AC,,2022-10-31T01:11:40.000Z,,0.9995,22,JAIR BOLSONARO,PL,287695,,,,,
2022,2,presidente,AC,,2022-10-31T01:11:40.000Z,,0.9995,13,LULA,PT,121523,,,,,
2022,2,presidente,AC,,2022-10-31T01:13:22.000Z,,0.9995,22,JAIR BOLSONARO,PL,287695,,,,,
2022,2,presidente,AC,,2022-10-31T01:13:22.000Z,,0.9995,13,LULA,PT,121523,,,,,
2022,2,presidente,AC,,2022-10-31T01:15:35.000Z,,0.9995,22,JAIR BOLSONARO,PL,287695,,,,,
2022,2,presidente,AC,,2022-10-31T01:15:35.000Z,,0.9995,13,LULA,PT,121523,,,,,
2022,2,presidente,AC,,2022-10-31T01:17:31.000Z,,0.9995,22,JAIR BOLSONARO,PL,287695,,,,,
2022,2,presidente,AC,,2022-10-31T01:17:31.000Z,,0.9995,13,LULA,PT,121523,,,,,
2022,2,presidente,AC,,2022-10-31T01:19:19.000Z,,0.9995,22,JAIR BOLSONARO,PL,287695,,,,,
2022,2,presidente,AC,,2022-10-31T01:19:19.000Z,,0.9995,13,LULA,PT,121523,,,,,
2022,2,presidente,AC,,2022-10-31T01:20:59.000Z,,0.9995,22,JAIR BOLSONARO,PL,287695,,,,,
2022,2,presidente,AC,,2022-10-31T01:20:59.000Z,,0.9995,13,LULA,PT,121523,,,,,
2022,2,presidente,AC,,2022-10-31T01:35:02.000Z,,1,22,JAIR BOLSONARO,PL,287750,,,,,
2022,2,presidente,AC,,2022-10-31T01:35:02.000Z,,1,13,LULA,PT,121566,,,,,
2022,2,presidente,AL,,2022-10-30T20:16:41.000Z,,0.0003,22,JAIR BOLSONARO,PL,459,,,,,
2022,2,presidente,AL,,2022-10-30T20:16:41.000Z,,0.0003,13,LULA,PT,293,,,,,
2022,2,presidente,AL,,2022-10-30T20:17:48.000Z,,0.0003,22,JAIR BOLSONARO,PL,459,,,,,
2022,2,presidente,AL,,2022-10-30T20:17:48.000Z,,0.0003,13,LULA,PT,293,,,,,
2022,2,presidente,AL,,2022-10-30T20:19:04.000Z,,0.0003,22,JAIR BOLSONARO,PL,459,,,,,
2022,2,presidente,AL,,2022-10-30T20:19:04.000Z,,0.0003,13,LULA,PT,293,,,,,
2022,2,presidente,AL,,2022-10-30T20:20:10.000Z,,0.0003,22,JAIR BOLSONARO,PL,459,,,,,
2022,2,presidente,AL,,2022-10-30T20:20:10.000Z,,0.0003,13,LULA,PT,293,,,,,
2022,2,presidente,AL,,2022-10-30T20:21:31.000Z,,0.0011,22,JAIR BOLSONARO,PL,937,,,,,
2022,2,presidente,AL,,2022-10-30T20:21:31.000Z,,0.0011,13,LULA,PT,1165,,,,,
2022,2,presidente,AL,,2022-10-30T20:22:37.000Z,,0.0012,22,JAIR BOLSONARO,PL,1158,,,,,
2022,2,presidente,AL,,2022-10-30T20:22:37.000Z,,0.0012,13,LULA,PT,1323,,,,,
2022,2,presidente,AL,,2022-10-30T20:23:53.000Z,,0.0018,22,JAIR BOLSONARO,PL,1800,,,,,
2022,2,presidente,AL,,2022-10-30T20:23:53.000Z,,0.0018,13,LULA,PT,1865,,,,,
2022,2,presidente,AL,,2022-10-30T20:25:10.000Z,,0.0039,22,JAIR BOLSONARO,PL,3813,,,,,
2022,2,presidente,AL,,2022-10-30T20:25:10.000Z,,0.0039,13,LULA,PT,3844,,,,,
2022,2,presidente,AL,,2022-10-30T20:26:16.000Z,,0.0103,22,JAIR BOLSONARO,PL,9621,,,,,
2022,2,presidente,AL,,2022-10-30T20:26:16.000Z,,0.0103,13,LULA,PT,10881,,,,,
2022,2,presidente,AL,,2022-10-30T20:27:22.000Z,,0.0121,22,JAIR BOLSONARO,PL,10150,,,,,
2022,2,presidente,AL,,2022-10-30T20:27:22.000Z,,0.0121,13,LULA,PT,12954,,,,,
2022,2,presidente,AL,,2022-10-30T20:28:28.000Z,,0.0121,22,JAIR BOLSONARO,PL,10150,,,,,
2022,2,presidente,AL,,2022-10-30T20:28:28.000Z,,0.0121,13,LULA,PT,12954,,,,,
2022,2,presidente,AL,,2022-10-30T20:29:39.000Z,,0.013,22,JAIR BOLSONARO,PL,10856,,,,,
2022,2,presidente,AL,,2022-10-30T20:29:39.000Z,,0.013,13,LULA,PT,13818,,,,,
2022,2,presidente,AL,,2022-10-30T20:30:51.000Z,,0.0166,22,JAIR BOLSONARO,PL,12217,,,,,
2022,2,presidente,AL,,2022-10-30T20:30:51.000Z,,0.0166,13,LULA,PT,18470,,,,,
2022,2,presidente,AL,,2022-10-30T20:32:08.000Z,,0.0181,22,JAIR BOLSONARO,PL,13489,,,,,
2022,2,presidente,AL,,2022-10-30T20:32:08.000Z,,0.0181,13,LULA,PT,20165,,,,,
2022,2,presidente,AL,,2022-10-30T20:33:21.000Z,,0.0216,22,JAIR BOLSONARO,PL,14929,,,,,
2022,2,presidente,AL,,2022-10-30T20:33:21.000Z,,0.0216,13,LULA,PT,23339,,,,,
2022,2,presidente,AL,,2022-10-30T20:34:32.000Z,,0.0241,22,JAIR BOLSONARO,PL,16487,,,,,
2022,2,presidente,AL,,2022-10-30T20:34:32.000Z,,0.0241,13,LULA,PT,26066,,,,,
2022,2,presidente,AL,,2022-10-30T20:35:44.000Z,,0.029,22,JAIR BOLSONARO,PL,19736,,,,,
2022,2,presidente,AL,,2022-10-30T20:35:44.000Z,,0.029,13,LULA,PT,31198,,,,,
2022,2,presidente,AL,,2022-10-30T20:36:54.000Z,,0.029,22,JAIR BOLSONARO,PL,19736,,,,,
2022,2,presidente,AL,,2022-10-30T20:36:54.000Z,,0.029,13,LULA,PT,31198,,,,,
2022,2,presidente,AL,,2022-10-30T20:38:00.000Z,,0.0329,22,JAIR BOLSONARO,PL,22219,,,,,
2022,2,presidente,AL,,2022-10-30T20:38:00.000Z,,0.0329,13,LULA,PT,35006,,,,,
2022,2,presidente,AL,,2022-10-30T20:39:11.000Z,,0.0377,22,JAIR BOLSONARO,PL,25542,,,,,
2022,2,presidente,AL,,2022-10-30T20:39:11.000Z,,0.0377,13,LULA,PT,39606,,,,,
2022,2,presidente,AL,,2022-10-30T20:40:16.000Z,,0.0377,22,JAIR BOLSONARO,PL,25542,,,,,
2022,2,presidente,AL,,2022-10-30T20:40:16.000Z,,0.0377,13,LULA,PT,39606,,,,,
2022,2,presidente,AL,,2022-10-30T20:41:28.000Z,,0.0459,22,JAIR BOLSONARO,PL,29737,,,,,
2022,2,presidente,AL,,2022-10-30T20:41:28.000Z,,0.0459,13,LULA,PT,48466,,,,,
2022,2,presidente,AL,,2022-10-30T20:42:34.000Z,,0.0487,22,JAIR BOLSONARO,PL,31676,,,,,
2022,2,presidente,AL,,2022-10-30T20:42:34.000Z,,0.0487,13,LULA,PT,51465,,,,,
2022,2,presidente,AL,,2022-10-30T20:43:46.000Z,,0.0528,22,JAIR BOLSONARO,PL,34104,,,,,
2022,2,presidente,AL,,2022-10-30T20:43:46.000Z,,0.0528,13,LULA,PT,55779,,,,,
2022,2,presidente,AL,,2022-10-30T20:44:57.000Z,,0.0551,22,JAIR BOLSONARO,PL,35034,,,,,
2022,2,presidente,AL,,2022-10-30T20:44:57.000Z,,0.0551,13,LULA,PT,58531,,,,,
2022,2,presidente,AL,,2022-10-30T20:46:06.000Z,,0.059,22,JAIR BOLSONARO,PL,37092,,,,,
2022,2,presidente,AL,,2022-10-30T20:46:06.000Z,,0.059,13,LULA,PT,62793,,,,,
2022,2,presidente,AL,,2022-10-30T20:47:26.000Z,,0.0604,22,JAIR BOLSONARO,PL,37578,,,,,
2022,2,presidente,AL,,2022-10-30T20:47:26.000Z,,0.0604,13,LULA,PT,64330,,,,,
2022,2,presidente,AL,,2022-10-30T20:48:54.000Z,,0.0604,22,JAIR BOLSONARO,PL,37578,,,,,
2022,2,presidente,AL,,2022-10-30T20:48:54.000Z,,0.0604,13,LULA,PT,64330,,,,,
2022,2,presidente,AL,,2022-10-30T20:50:08.000Z,,0.0641,22,JAIR BOLSONARO,PL,39191,,,,,
2022,2,presidente,AL,,2022-10-30T20:50:08.000Z,,0.0641,13,LULA,PT,68085,,,,,
2022,2,presidente,AL,,2022-10-30T20:51:20.000Z,,0.0691,22,JAIR BOLSONARO,PL,41785,,,,,
2022,2,presidente,AL,,2022-10-30T20:51:20.000Z,,0.0691,13,LULA,PT,73303,,,,,
2022,2,presidente,AL,,2022-10-30T20:52:36.000Z,,0.0712,22,JAIR BOLSONARO,PL,42865,,,,,
2022,2,presidente,AL,,2022-10-30T20:52:36.000Z,,0.0712,13,LULA,PT,75338,,,,,
2022,2,presidente,AL,,2022-10-30T20:53:53.000Z,,0.0715,22,JAIR BOLSONARO,PL,43084,,,,,
2022,2,presidente,AL,,2022-10-30T20:53:53.000Z,,0.0715,13,LULA,PT,75535,,,,,
2022,2,presidente,AL,,2022-10-30T20:55:18.000Z,,0.0749,22,JAIR BOLSONARO,PL,45320,,,,,
2022,2,presidente,AL,,2022-10-30T20:55:18.000Z,,0.0749,13,LULA,PT,78725,,,,,
2022,2,presidente,AL,,2022-10-30T20:56:34.000Z,,0.0774,22,JAIR BOLSONARO,PL,47748,,,,,
2022,2,presidente,AL,,2022-10-30T20:56:34.000Z,,0.0774,13,LULA,PT,81293,,,,,
2022,2,presidente,AL,,2022-10-30T20:58:02.000Z,,0.0815,22,JAIR BOLSONARO,PL,49566,,,,,
2022,2,presidente,AL,,2022-10-30T20:58:02.000Z,,0.0815,13,LULA,PT,85662,,,,,
2022,2,presidente,AL,,2022-10-30T20:59:14.000Z,,0.0841,22,JAIR BOLSONARO,PL,50718,,,,,
2022,2,presidente,AL,,2022-10-30T20:59:14.000Z,,0.0841,13,LULA,PT,88329,,,,,
2022,2,presidente,AL,,2022-10-30T21:00:35.000Z,,0.0916,22,JAIR BOLSONARO,PL,54905,,,,,
2022,2,presidente,AL,,2022-10-30T21:00:35.000Z,,0.0916,13,LULA,PT,97238,,,,,
2022,2,presidente,AL,,2022-10-30T21:02:02.000Z,,0.0976,22,JAIR BOLSONARO,PL,58174,,,,,
2022,2,presidente,AL,,2022-10-30T21:02:02.000Z,,0.0976,13,LULA,PT,103717,,,,,
2022,2,presidente,AL,,2022-10-30T21:03:25.000Z,,0.1028,22,JAIR BOLSONARO,PL,61364,,,,,
2022,2,presidente,AL,,2022-10-30T21:03:25.000Z,,0.1028,13,LULA,PT,108860,,,,,
2022,2,presidente,AL,,2022-10-30T21:04:34.000Z,,0.113,22,JAIR BOLSONARO,PL,67381,,,,,
2022,2,presidente,AL,,2022-10-30T21:04:34.000Z,,0.113,13,LULA,PT,118552,,,,,
2022,2,presidente,AL,,2022-10-30T21:05:44.000Z,,0.1194,22,JAIR BOLSONARO,PL,71230,,,,,
2022,2,presidente,AL,,2022-10-30T21:05:44.000Z,,0.1194,13,LULA,PT,123873,,,,,
2022,2,presidente,AL,,2022-10-30T21:07:05.000Z,,0.1324,22,JAIR BOLSONARO,PL,77773,,,,,
2022,2,presidente,AL,,2022-10-30T21:07:05.000Z,,0.1324,13,LULA,PT,135352,,,,,
2022,2,presidente,AL,,2022-10-30T21:08:23.000Z,,0.1419,22,JAIR BOLSONARO,PL,81689,,,,,
2022,2,presidente,AL,,2022-10-30T21:08:23.000Z,,0.1419,13,LULA,PT,146122,,,,,
2022,2,presidente,AL,,2022-10-30T21:09:40.000Z,,0.1467,22,JAIR BOLSONARO,PL,84779,,,,,
2022,2,presidente,AL,,2022-10-30T21:09:40.000Z,,0.1467,13,LULA,PT,150735,,,,,
2022,2,presidente,AL,,2022-10-30T21:11:00.000Z,,0.1545,22,JAIR BOLSONARO,PL,90020,,,,,
2022,2,presidente,AL,,2022-10-30T21:11:00.000Z,,0.1545,13,LULA,PT,158356,,,,,
2022,2,presidente,AL,,2022-10-30T21:12:24.000Z,,0.1603,22,JAIR BOLSONARO,PL,92999,,,,,
2022,2,presidente,AL,,2022-10-30T21:12:24.000Z,,0.1603,13,LULA,PT,164261,,,,,
2022,2,presidente,AL,,2022-10-30T21:13:34.000Z,,0.1736,22,JAIR BOLSONARO,PL,99478,,,,,
2022,2,presidente,AL,,2022-10-30T21:13:34.000Z,,0.1736,13,LULA,PT,177903,,,,,
2022,2,presidente,AL,,2022-10-30T21:14:56.000Z,,0.1757,22,JAIR BOLSONARO,PL,100249,,,,,
2022,2,presidente,AL,,2022-10-30T21:14:56.000Z,,0.1757,13,LULA,PT,180874,,,,,
2022,2,presidente,AL,,2022-10-30T21:16:17.000Z,,0.1764,22,JAIR BOLSONARO,PL,100854,,,,,
2022,2,presidente,AL,,2022-10-30T21:16:17.000Z,,0.1764,13,LULA,PT,181370,,,,,
2022,2,presidente,AL,,2022-10-30T21:17:32.000Z,,0.1811,22,JAIR BOLSONARO,PL,103603,,,,,
2022,2,presidente,AL,,2022-10-30T21:17:32.000Z,,0.1811,13,LULA,PT,186206,,,,,
2022,2,presidente,AL,,2022-10-30T21:19:07.000Z,,0.1979,22,JAIR BOLSONARO,PL,111749,,,,,
2022,2,presidente,AL,,2022-10-30T21:19:07.000Z,,0.1979,13,LULA,PT,203039,,,,,
2022,2,presidente,AL,,2022-10-30T21:20:29.000Z,,0.2093,22,JAIR BOLSONARO,PL,118554,,,,,
2022,2,presidente,AL,,2022-10-30T21:20:29.000Z,,0.2093,13,LULA,PT,215049,,,,,
2022,2,presidente,AL,,2022-10-30T21:21:48.000Z,,0.2122,22,JAIR BOLSONARO,PL,120311,,,,,
2022,2,presidente,AL,,2022-10-30T21:21:48.000Z,,0.2122,13,LULA,PT,217713,,,,,
2022,2,presidente,AL,,2022-10-30T21:23:16.000Z,,0.2172,22,JAIR BOLSONARO,PL,123805,,,,,
2022,2,presidente,AL,,2022-10-30T21:23:16.000Z,,0.2172,13,LULA,PT,222050,,,,,
2022,2,presidente,AL,,2022-10-30T21:24:41.000Z,,0.233,22,JAIR BOLSONARO,PL,131681,,,,,
2022,2,presidente,AL,,2022-10-30T21:24:41.000Z,,0.233,13,LULA,PT,238073,,,,,
2022,2,presidente,AL,,2022-10-30T21:26:07.000Z,,0.2481,22,JAIR BOLSONARO,PL,140031,,,,,
2022,2,presidente,AL,,2022-10-30T21:26:07.000Z,,0.2481,13,LULA,PT,253204,,,,,
2022,2,presidente,AL,,2022-10-30T21:27:34.000Z,,0.2659,22,JAIR BOLSONARO,PL,153425,,,,,
2022,2,presidente,AL,,2022-10-30T21:27:34.000Z,,0.2659,13,LULA,PT,269220,,,,,
2022,2,presidente,AL,,2022-10-30T21:28:58.000Z,,0.2784,22,JAIR BOLSONARO,PL,162035,,,,,
2022,2,presidente,AL,,2022-10-30T21:28:58.000Z,,0.2784,13,LULA,PT,281228,,,,,
2022,2,presidente,AL,,2022-10-30T21:30:20.000Z,,0.2973,22,JAIR BOLSONARO,PL,173877,,,,,
2022,2,presidente,AL,,2022-10-30T21:30:20.000Z,,0.2973,13,LULA,PT,299523,,,,,
2022,2,presidente,AL,,2022-10-30T21:31:49.000Z,,0.3145,22,JAIR BOLSONARO,PL,186610,,,,,
2022,2,presidente,AL,,2022-10-30T21:31:49.000Z,,0.3145,13,LULA,PT,315712,,,,,
2022,2,presidente,AL,,2022-10-30T21:33:13.000Z,,0.3195,22,JAIR BOLSONARO,PL,189473,,,,,
2022,2,presidente,AL,,2022-10-30T21:33:13.000Z,,0.3195,13,LULA,PT,320852,,,,,
2022,2,presidente,AL,,2022-10-30T21:34:34.000Z,,0.3538,22,JAIR BOLSONARO,PL,212816,,,,,
2022,2,presidente,AL,,2022-10-30T21:34:34.000Z,,0.3538,13,LULA,PT,355447,,,,,
2022,2,presidente,AL,,2022-10-30T21:35:53.000Z,,0.3747,22,JAIR BOLSONARO,PL,226936,,,,,
2022,2,presidente,AL,,2022-10-30T21:35:53.000Z,,0.3747,13,LULA,PT,374979,,,,,
2022,2,presidente,AL,,2022-10-30T21:37:22.000Z,,0.3912,22,JAIR BOLSONARO,PL,239321,,,,,
2022,2,presidente,AL,,2022-10-30T21:37:22.000Z,,0.3912,13,LULA,PT,389386,,,,,
2022,2,presidente,AL,,2022-10-30T21:38:52.000Z,,0.3993,22,JAIR BOLSONARO,PL,244735,,,,,
2022,2,presidente,AL,,2022-10-30T21:38:52.000Z,,0.3993,13,LULA,PT,396661,,,,,
2022,2,presidente,AL,,2022-10-30T21:40:17.000Z,,0.4304,22,JAIR BOLSONARO,PL,264010,,,,,
2022,2,presidente,AL,,2022-10-30T21:40:17.000Z,,0.4304,13,LULA,PT,427204,,,,,
2022,2,presidente,AL,,2022-10-30T21:41:49.000Z,,0.4439,22,JAIR BOLSONARO,PL,275054,,,,,
2022,2,presidente,AL,,2022-10-30T21:41:49.000Z,,0.4439,13,LULA,PT,439042,,,,,
2022,2,presidente,AL,,2022-10-30T21:43:10.000Z,,0.4603,22,JAIR BOLSONARO,PL,284811,,,,,
2022,2,presidente,AL,,2022-10-30T21:43:10.000Z,,0.4603,13,LULA,PT,456233,,,,,
2022,2,presidente,AL,,2022-10-30T21:44:27.000Z,,0.5005,22,JAIR BOLSONARO,PL,312919,,,,,
2022,2,presidente,AL,,2022-10-30T21:44:27.000Z,,0.5005,13,LULA,PT,496955,,,,,
2022,2,presidente,AL,,2022-10-30T21:45:51.000Z,,0.5056,22,JAIR BOLSONARO,PL,316548,,,,,
2022,2,presidente,AL,,2022-10-30T21:45:51.000Z,,0.5056,13,LULA,PT,501719,,,,,
2022,2,presidente,AL,,2022-10-30T21:47:05.000Z,,0.5315,22,JAIR BOLSONARO,PL,337915,,,,,
2022,2,presidente,AL,,2022-10-30T21:47:05.000Z,,0.5315,13,LULA,PT,526350,,,,,
2022,2,presidente,AL,,2022-10-30T21:48:32.000Z,,0.5498,22,JAIR BOLSONARO,PL,351967,,,,,
2022,2,presidente,AL,,2022-10-30T21:48:32.000Z,,0.5498,13,LULA,PT,544136,,,,,
2022,2,presidente,AL,,2022-10-30T21:50:17.000Z,,0.6041,22,JAIR BOLSONARO,PL,386022,,,,,
2022,2,presidente,AL,,2022-10-30T21:50:17.000Z,,0.6041,13,LULA,PT,597710,,,,,
2022,2,presidente,AL,,2022-10-30T21:51:46.000Z,,0.6149,22,JAIR BOLSONARO,PL,392594,,,,,
2022,2,presidente,AL,,2022-10-30T21:51:46.000Z,,0.6149,13,LULA,PT,607879,,,,,
2022,2,presidente,AL,,2022-10-30T21:53:21.000Z,,0.6305,22,JAIR BOLSONARO,PL,404244,,,,,
2022,2,presidente,AL,,2022-10-30T21:53:21.000Z,,0.6305,13,LULA,PT,622311,,,,,
2022,2,presidente,AL,,2022-10-30T21:54:46.000Z,,0.6642,22,JAIR BOLSONARO,PL,430925,,,,,
2022,2,presidente,AL,,2022-10-30T21:54:46.000Z,,0.6642,13,LULA,PT,655568,,,,,
2022,2,presidente,AL,,2022-10-30T21:56:19.000Z,,0.6876,22,JAIR BOLSONARO,PL,448456,,,,,
2022,2,presidente,AL,,2022-10-30T21:56:19.000Z,,0.6876,13,LULA,PT,678357,,,,,
2022,2,presidente,AL,,2022-10-30T21:57:54.000Z,,0.7487,22,JAIR BOLSONARO,PL,492647,,,,,
2022,2,presidente,AL,,2022-10-30T21:57:54.000Z,,0.7487,13,LULA,PT,739781,,,,,
2022,2,presidente,AL,,2022-10-30T21:59:20.000Z,,0.7644,22,JAIR BOLSONARO,PL,506066,,,,,
2022,2,presidente,AL,,2022-10-30T21:59:20.000Z,,0.7644,13,LULA,PT,754424,,,,,
2022,2,presidente,AL,,2022-10-30T22:00:58.000Z,,0.7881,22,JAIR BOLSONARO,PL,524419,,,,,
2022,2,presidente,AL,,2022-10-30T22:00:58.000Z,,0.7881,13,LULA,PT,777470,,,,,
2022,2,presidente,AL,,2022-10-30T22:02:22.000Z,,0.8203,22,JAIR BOLSONARO,PL,548573,,,,,
2022,2,presidente,AL,,2022-10-30T22:02:22.000Z,,0.8203,13,LULA,PT,808778,,,,,
2022,2,presidente,AL,,2022-10-30T22:03:46.000Z,,0.8532,22,JAIR BOLSONARO,PL,574084,,,,,
2022,2,presidente,AL,,2022-10-30T22:03:46.000Z,,0.8532,13,LULA,PT,840403,,,,,
2022,2,presidente,AL,,2022-10-30T22:05:09.000Z,,0.8581,22,JAIR BOLSONARO,PL,577607,,,,,
2022,2,presidente,AL,,2022-10-30T22:05:09.000Z,,0.8581,13,LULA,PT,845284,,,,,
2022,2,presidente,AL,,2022-10-30T22:06:33.000Z,,0.8784,22,JAIR BOLSONARO,PL,595860,,,,,
2022,2,presidente,AL,,2022-10-30T22:06:33.000Z,,0.8784,13,LULA,PT,863297,,,,,
2022,2,presidente,AL,,2022-10-30T22:08:01.000Z,,0.8942,22,JAIR BOLSONARO,PL,609386,,,,,
2022,2,presidente,AL,,2022-10-30T22:08:01.000Z,,0.8942,13,LULA,PT,877998,,,,,
2022,2,presidente,AL,,2022-10-30T22:09:25.000Z,,0.8989,22,JAIR BOLSONARO,PL,612781,,,,,
2022,2,presidente,AL,,2022-10-30T22:09:25.000Z,,0.8989,13,LULA,PT,882557,,,,,
2022,2,presidente,AL,,2022-10-30T22:11:02.000Z,,0.9184,22,JAIR BOLSONARO,PL,628563,,,,,
2022,2,presidente,AL,,2022-10-30T22:11:02.000Z,,0.9184,13,LULA,PT,900602,,,,,
2022,2,presidente,AL,,2022-10-30T22:12:53.000Z,,0.9217,22,JAIR BOLSONARO,PL,631271,,,,,
2022,2,presidente,AL,,2022-10-30T22:12:53.000Z,,0.9217,13,LULA,PT,903588,,,,,
2022,2,presidente,AL,,2022-10-30T22:14:30.000Z,,0.9286,22,JAIR BOLSONARO,PL,636483,,,,,
2022,2,presidente,AL,,2022-10-30T22:14:30.000Z,,0.9286,13,LULA,PT,909408,,,,,
2022,2,presidente,AL,,2022-10-30T22:16:08.000Z,,0.9408,22,JAIR BOLSONARO,PL,646532,,,,,
2022,2,presidente,AL,,2022-10-30T22:16:08.000Z,,0.9408,13,LULA,PT,920852,,,,,
2022,2,presidente,AL,,2022-10-30T22:17:50.000Z,,0.9513,22,JAIR BOLSONARO,PL,654282,,,,,
2022,2,presidente,AL,,2022-10-30T22:17:50.000Z,,0.9513,13,LULA,PT,930140,,,,,
2022,2,presidente,AL,,2022-10-30T22:19:32.000Z,,0.9552,22,JAIR BOLSONARO,PL,656531,,,,,
2022,2,presidente,AL,,2022-10-30T22:19:32.000Z,,0.9552,13,LULA,PT,934122,,,,,
2022,2,presidente,AL,,2022-10-30T22:21:07.000Z,,0.9641,22,JAIR BOLSONARO,PL,662518,,,,,
2022,2,presidente,AL,,2022-10-30T22:21:07.000Z,,0.9641,13,LULA,PT,942280,,,,,
2022,2,presidente,AL,,2022-10-30T22:22:37.000Z,,0.9688,22,JAIR BOLSONARO,PL,665656,,,,,
2022,2,presidente,AL,,2022-10-30T22:22:37.000Z,,0.9688,13,LULA,PT,946535,,,,,
2022,2,presidente,AL,,2022-10-30T22:24:17.000Z,,0.9713,22,JAIR BOLSONARO,PL,667661,,,,,
2022,2,presidente,AL,,2022-10-30T22:24:17.000Z,,0.9713,13,LULA,PT,949319,,,,,
2022,2,presidente,AL,,2022-10-30T22:26:17.000Z,,0.9742,22,JAIR BOLSONARO,PL,669415,,,,,
2022,2,presidente,AL,,2022-10-30T22:26:17.000Z,,0.9742,13,LULA,PT,952010,,,,,
2022,2,presidente,AL,,2022-10-30T22:27:49.000Z,,0.9848,22,JAIR BOLSONARO,PL,675084,,,,,
2022,2,presidente,AL,,2022-10-30T22:27:49.000Z,,0.9848,13,LULA,PT,962818,,,,,
2022,2,presidente,AL,,2022-10-30T22:29:37.000Z,,0.9861,22,JAIR BOLSONARO,PL,676681,,,,,
2022,2,presidente,AL,,2022-10-30T22:29:37.000Z,,0.9861,13,LULA,PT,963826,,,,,
2022,2,presidente,AL,,2022-10-30T22:31:16.000Z,,0.9863,22,JAIR BOLSONARO,PL,676775,,,,,
2022,2,presidente,AL,,2022-10-30T22:31:16.000Z,,0.9863,13,LULA,PT,964010,,,,,
2022,2,presidente,AL,,2022-10-30T22:32:53.000Z,,0.9926,22,JAIR BOLSONARO,PL,678992,,,,,
2022,2,presidente,AL,,2022-10-30T22:32:53.000Z,,0.9926,13,LULA,PT,969962,,,,,
2022,2,presidente,AL,,2022-10-30T22:34:43.000Z,,0.9926,22,JAIR BOLSONARO,PL,678992,,,,,
2022,2,presidente,AL,,2022-10-30T22:34:43.000Z,,0.9926,13,LULA,PT,969962,,,,,
2022,2,presidente,AL,,2022-10-30T22:36:34.000Z,,0.9928,22,JAIR BOLSONARO,PL,679033,,,,,
2022,2,presidente,AL,,2022-10-30T22:36:34.000Z,,0.9928,13,LULA,PT,970175,,,,,
2022,2,presidente,AL,,2022-10-30T22:38:30.000Z,,0.9928,22,JAIR BOLSONARO,PL,679033,,,,,
2022,2,presidente,AL,,2022-10-30T22:38:30.000Z,,0.9928,13,LULA,PT,970175,,,,,
2022,2,presidente,AL,,2022-10-30T22:40:02.000Z,,0.9928,22,JAIR BOLSONARO,PL,679033,,,,,
2022,2,presidente,AL,,2022-10-30T22:40:02.000Z,,0.9928,13,LULA,PT,970175,,,,,
2022,2,presidente,AL,,2022-10-30T22:41:53.000Z,,0.9928,22,JAIR BOLSONARO,PL,679033,,,,,
2022,2,presidente,AL,,2022-10-30T22:41:53.000Z,,0.9928,13,LULA,PT,970175,,,,,
2022,2,presidente,AL,,2022-10-30T22:43:24.000Z,,0.9928,22,JAIR BOLSONARO,PL,679033,,,,,
2022,2,presidente,AL,,2022-10-30T22:43:24.000Z,,0.9928,13,LULA,PT,970175,,,,,
2022,2,presidente,AL,,2022-10-30T22:45:04.000Z,,0.9929,22,JAIR BOLSONARO,PL,679055,,,,,
2022,2,presidente,AL,,2022-10-30T22:45:04.000Z,,0.9929,13,LULA,PT,970419,,,,,
2022,2,presidente,AL,,2022-10-30T22:46:57.000Z,,0.9929,22,JAIR BOLSONARO,PL,679055,,,,,
2022,2,presidente,AL,,2022-10-30T22:46:57.000Z,,0.9929,13,LULA,PT,970419,,,,,
2022,2,presidente,AL,,2022-10-30T22:48:42.000Z,,0.9931,22,JAIR BOLSONARO,PL,679195,,,,,
2022,2,presidente,AL,,2022-10-30T22:48:42.000Z,,0.9931,13,LULA,PT,970508,,,,,
2022,2,presidente,AL,,2022-10-30T22:50:26.000Z,,0.9932,22,JAIR BOLSONARO,PL,679226,,,,,
2022,2,presidente,AL,,2022-10-30T22:50:26.000Z,,0.9932,13,LULA,PT,970662,,,,,
2022,2,presidente,AL,,2022-10-30T22:52:13.000Z,,0.9932,22,JAIR BOLSONARO,PL,679226,,,,,
2022,2,presidente,AL,,2022-10-30T22:52:13.000Z,,0.9932,13,LULA,PT,970662,,,,,
2022,2,presidente,AL,,2022-10-30T22:53:45.000Z,,0.9932,22,JAIR BOLSONARO,PL,679226,,,,,
2022,2,presidente,AL,,2022-10-30T22:53:45.000Z,,0.9932,13,LULA,PT,970662,,,,,
2022,2,presidente,AL,,2022-10-30T22:55:10.000Z,,0.9932,22,JAIR BOLSONARO,PL,679226,,,,,
2022,2,presidente,AL,,2022-10-30T22:55:10.000Z,,0.9932,13,LULA,PT,970662,,,,,
2022,2,presidente,AL,,2022-10-30T22:57:03.000Z,,0.9932,22,JAIR BOLSONARO,PL,679226,,,,,
2022,2,presidente,AL,,2022-10-30T22:57:03.000Z,,0.9932,13,LULA,PT,970662,,,,,
2022,2,presidente,AL,,2022-10-30T22:58:50.000Z,,0.9932,22,JAIR BOLSONARO,PL,679226,,,,,
2022,2,presidente,AL,,2022-10-30T22:58:50.000Z,,0.9932,13,LULA,PT,970662,,,,,
2022,2,presidente,AL,,2022-10-30T23:00:58.000Z,,0.9932,22,JAIR BOLSONARO,PL,679226,,,,,
2022,2,presidente,AL,,2022-10-30T23:00:58.000Z,,0.9932,13,LULA,PT,970662,,,,,
2022,2,presidente,AL,,2022-10-30T23:03:06.000Z,,0.9932,22,JAIR BOLSONARO,PL,679226,,,,,
2022,2,presidente,AL,,2022-10-30T23:03:06.000Z,,0.9932,13,LULA,PT,970662,,,,,
2022,2,presidente,AL,,2022-10-30T23:04:59.000Z,,0.9932,22,JAIR BOLSONARO,PL,679226,,,,,
2022,2,presidente,AL,,2022-10-30T23:04:59.000Z,,0.9932,13,LULA,PT,970662,,,,,
2022,2,presidente,AL,,2022-10-30T23:07:03.000Z,,0.9932,22,JAIR BOLSONARO,PL,679226,,,,,
2022,2,presidente,AL,,2022-10-30T23:07:03.000Z,,0.9932,13,LULA,PT,970662,,,,,
2022,2,presidente,AL,,2022-10-30T23:08:48.000Z,,1,22,JAIR BOLSONARO,PL,687827,,,,,
2022,2,presidente,AL,,2022-10-30T23:08:48.000Z,,1,13,LULA,PT,976831,,,,,
2022,2,presidente,AM,,2022-10-30T20:05:02.000Z,,0.0001,22,JAIR BOLSONARO,PL,186,,,,,
2022,2,presidente,AM,,2022-10-30T20:05:02.000Z,,0.0001,13,LULA,PT,126,,,,,
2022,2,presidente,AM,,2022-10-30T20:06:13.000Z,,0.0009,22,JAIR BOLSONARO,PL,1372,,,,,
2022,2,presidente,AM,,2022-10-30T20:06:13.000Z,,0.0009,13,LULA,PT,841,,,,,
2022,2,presidente,AM,,2022-10-30T20:07:24.000Z,,0.0038,22,JAIR BOLSONARO,PL,5438,,,,,
2022,2,presidente,AM,,2022-10-30T20:07:24.000Z,,0.0038,13,LULA,PT,3259,,,,,
2022,2,presidente,AM,,2022-10-30T20:08:28.000Z,,0.0233,22,JAIR BOLSONARO,PL,33562,,,,,
2022,2,presidente,AM,,2022-10-30T20:08:28.000Z,,0.0233,13,LULA,PT,20353,,,,,
2022,2,presidente,AM,,2022-10-30T20:09:41.000Z,,0.0233,22,JAIR BOLSONARO,PL,33562,,,,,
2022,2,presidente,AM,,2022-10-30T20:09:41.000Z,,0.0233,13,LULA,PT,20353,,,,,
2022,2,presidente,AM,,2022-10-30T20:10:52.000Z,,0.0421,22,JAIR BOLSONARO,PL,59857,,,,,
2022,2,presidente,AM,,2022-10-30T20:10:52.000Z,,0.0421,13,LULA,PT,35870,,,,,
2022,2,presidente,AM,,2022-10-30T20:12:03.000Z,,0.0476,22,JAIR BOLSONARO,PL,67300,,,,,
2022,2,presidente,AM,,2022-10-30T20:12:03.000Z,,0.0476,13,LULA,PT,40265,,,,,
2022,2,presidente,AM,,2022-10-30T20:13:10.000Z,,0.0517,22,JAIR BOLSONARO,PL,72702,,,,,
2022,2,presidente,AM,,2022-10-30T20:13:10.000Z,,0.0517,13,LULA,PT,43609,,,,,
2022,2,presidente,AM,,2022-10-30T20:14:17.000Z,,0.0549,22,JAIR BOLSONARO,PL,76792,,,,,
2022,2,presidente,AM,,2022-10-30T20:14:17.000Z,,0.0549,13,LULA,PT,46474,,,,,
2022,2,presidente,AM,,2022-10-30T20:15:32.000Z,,0.0609,22,JAIR BOLSONARO,PL,85004,,,,,
2022,2,presidente,AM,,2022-10-30T20:15:32.000Z,,0.0609,13,LULA,PT,51724,,,,,
2022,2,presidente,AM,,2022-10-30T20:16:38.000Z,,0.0668,22,JAIR BOLSONARO,PL,92108,,,,,
2022,2,presidente,AM,,2022-10-30T20:16:38.000Z,,0.0668,13,LULA,PT,57046,,,,,
2022,2,presidente,AM,,2022-10-30T20:17:44.000Z,,0.071,22,JAIR BOLSONARO,PL,96237,,,,,
2022,2,presidente,AM,,2022-10-30T20:17:44.000Z,,0.071,13,LULA,PT,60729,,,,,
2022,2,presidente,AM,,2022-10-30T20:18:57.000Z,,0.0845,22,JAIR BOLSONARO,PL,112679,,,,,
2022,2,presidente,AM,,2022-10-30T20:18:57.000Z,,0.0845,13,LULA,PT,72670,,,,,
2022,2,presidente,AM,,2022-10-30T20:20:07.000Z,,0.0845,22,JAIR BOLSONARO,PL,112679,,,,,
2022,2,presidente,AM,,2022-10-30T20:20:07.000Z,,0.0845,13,LULA,PT,72670,,,,,
2022,2,presidente,AM,,2022-10-30T20:21:18.000Z,,0.1163,22,JAIR BOLSONARO,PL,147268,,,,,
2022,2,presidente,AM,,2022-10-30T20:21:18.000Z,,0.1163,13,LULA,PT,100635,,,,,
2022,2,presidente,AM,,2022-10-30T20:22:34.000Z,,0.1163,22,JAIR BOLSONARO,PL,147268,,,,,
2022,2,presidente,AM,,2022-10-30T20:22:34.000Z,,0.1163,13,LULA,PT,100635,,,,,
2022,2,presidente,AM,,2022-10-30T20:23:44.000Z,,0.1474,22,JAIR BOLSONARO,PL,182526,,,,,
2022,2,presidente,AM,,2022-10-30T20:23:44.000Z,,0.1474,13,LULA,PT,130463,,,,,
2022,2,presidente,AM,,2022-10-30T20:25:07.000Z,,0.1591,22,JAIR BOLSONARO,PL,196523,,,,,
2022,2,presidente,AM,,2022-10-30T20:25:07.000Z,,0.1591,13,LULA,PT,141521,,,,,
2022,2,presidente,AM,,2022-10-30T20:26:13.000Z,,0.1712,22,JAIR BOLSONARO,PL,210292,,,,,
2022,2,presidente,AM,,2022-10-30T20:26:13.000Z,,0.1712,13,LULA,PT,152647,,,,,
2022,2,presidente,AM,,2022-10-30T20:27:20.000Z,,0.1904,22,JAIR BOLSONARO,PL,232349,,,,,
2022,2,presidente,AM,,2022-10-30T20:27:20.000Z,,0.1904,13,LULA,PT,169588,,,,,
2022,2,presidente,AM,,2022-10-30T20:28:25.000Z,,0.2091,22,JAIR BOLSONARO,PL,253904,,,,,
2022,2,presidente,AM,,2022-10-30T20:28:25.000Z,,0.2091,13,LULA,PT,187254,,,,,
2022,2,presidente,AM,,2022-10-30T20:29:36.000Z,,0.2298,22,JAIR BOLSONARO,PL,278469,,,,,
2022,2,presidente,AM,,2022-10-30T20:29:36.000Z,,0.2298,13,LULA,PT,205630,,,,,
2022,2,presidente,AM,,2022-10-30T20:30:43.000Z,,0.2412,22,JAIR BOLSONARO,PL,290177,,,,,
2022,2,presidente,AM,,2022-10-30T20:30:43.000Z,,0.2412,13,LULA,PT,217090,,,,,
2022,2,presidente,AM,,2022-10-30T20:32:00.000Z,,0.265,22,JAIR BOLSONARO,PL,312635,,,,,
2022,2,presidente,AM,,2022-10-30T20:32:00.000Z,,0.265,13,LULA,PT,241402,,,,,
2022,2,presidente,AM,,2022-10-30T20:33:17.000Z,,0.2828,22,JAIR BOLSONARO,PL,330807,,,,,
2022,2,presidente,AM,,2022-10-30T20:33:17.000Z,,0.2828,13,LULA,PT,258630,,,,,
2022,2,presidente,AM,,2022-10-30T20:34:24.000Z,,0.2957,22,JAIR BOLSONARO,PL,345148,,,,,
2022,2,presidente,AM,,2022-10-30T20:34:24.000Z,,0.2957,13,LULA,PT,270868,,,,,
2022,2,presidente,AM,,2022-10-30T20:35:41.000Z,,0.3039,22,JAIR BOLSONARO,PL,353640,,,,,
2022,2,presidente,AM,,2022-10-30T20:35:41.000Z,,0.3039,13,LULA,PT,278902,,,,,
2022,2,presidente,AM,,2022-10-30T20:36:50.000Z,,0.315,22,JAIR BOLSONARO,PL,366161,,,,,
2022,2,presidente,AM,,2022-10-30T20:36:50.000Z,,0.315,13,LULA,PT,288939,,,,,
2022,2,presidente,AM,,2022-10-30T20:37:57.000Z,,0.3288,22,JAIR BOLSONARO,PL,379391,,,,,
2022,2,presidente,AM,,2022-10-30T20:37:57.000Z,,0.3288,13,LULA,PT,302545,,,,,
2022,2,presidente,AM,,2022-10-30T20:39:08.000Z,,0.34,22,JAIR BOLSONARO,PL,390557,,,,,
2022,2,presidente,AM,,2022-10-30T20:39:08.000Z,,0.34,13,LULA,PT,312951,,,,,
2022,2,presidente,AM,,2022-10-30T20:40:13.000Z,,0.3471,22,JAIR BOLSONARO,PL,397098,,,,,
2022,2,presidente,AM,,2022-10-30T20:40:13.000Z,,0.3471,13,LULA,PT,320271,,,,,
2022,2,presidente,AM,,2022-10-30T20:41:24.000Z,,0.3705,22,JAIR BOLSONARO,PL,419342,,,,,
2022,2,presidente,AM,,2022-10-30T20:41:24.000Z,,0.3705,13,LULA,PT,345359,,,,,
2022,2,presidente,AM,,2022-10-30T20:42:31.000Z,,0.3837,22,JAIR BOLSONARO,PL,430931,,,,,
2022,2,presidente,AM,,2022-10-30T20:42:31.000Z,,0.3837,13,LULA,PT,358423,,,,,
2022,2,presidente,AM,,2022-10-30T20:43:37.000Z,,0.3837,22,JAIR BOLSONARO,PL,430931,,,,,
2022,2,presidente,AM,,2022-10-30T20:43:37.000Z,,0.3837,13,LULA,PT,358423,,,,,
2022,2,presidente,AM,,2022-10-30T20:44:52.000Z,,0.397,22,JAIR BOLSONARO,PL,443771,,,,,
2022,2,presidente,AM,,2022-10-30T20:44:52.000Z,,0.397,13,LULA,PT,371314,,,,,
2022,2,presidente,AM,,2022-10-30T20:46:02.000Z,,0.4223,22,JAIR BOLSONARO,PL,468000,,,,,
2022,2,presidente,AM,,2022-10-30T20:46:02.000Z,,0.4223,13,LULA,PT,396046,,,,,
2022,2,presidente,AM,,2022-10-30T20:47:13.000Z,,0.4317,22,JAIR BOLSONARO,PL,477509,,,,,
2022,2,presidente,AM,,2022-10-30T20:47:13.000Z,,0.4317,13,LULA,PT,404754,,,,,
2022,2,presidente,AM,,2022-10-30T20:48:46.000Z,,0.4412,22,JAIR BOLSONARO,PL,487356,,,,,
2022,2,presidente,AM,,2022-10-30T20:48:46.000Z,,0.4412,13,LULA,PT,414366,,,,,
2022,2,presidente,AM,,2022-10-30T20:50:01.000Z,,0.4662,22,JAIR BOLSONARO,PL,509843,,,,,
2022,2,presidente,AM,,2022-10-30T20:50:01.000Z,,0.4662,13,LULA,PT,440254,,,,,
2022,2,presidente,AM,,2022-10-30T20:51:14.000Z,,0.4772,22,JAIR BOLSONARO,PL,522168,,,,,
2022,2,presidente,AM,,2022-10-30T20:51:14.000Z,,0.4772,13,LULA,PT,451077,,,,,
2022,2,presidente,AM,,2022-10-30T20:52:27.000Z,,0.4859,22,JAIR BOLSONARO,PL,532438,,,,,
2022,2,presidente,AM,,2022-10-30T20:52:27.000Z,,0.4859,13,LULA,PT,459428,,,,,
2022,2,presidente,AM,,2022-10-30T20:53:46.000Z,,0.502,22,JAIR BOLSONARO,PL,549952,,,,,
2022,2,presidente,AM,,2022-10-30T20:53:46.000Z,,0.502,13,LULA,PT,475291,,,,,
2022,2,presidente,AM,,2022-10-30T20:55:03.000Z,,0.5095,22,JAIR BOLSONARO,PL,557456,,,,,
2022,2,presidente,AM,,2022-10-30T20:55:03.000Z,,0.5095,13,LULA,PT,483049,,,,,
2022,2,presidente,AM,,2022-10-30T20:56:25.000Z,,0.5211,22,JAIR BOLSONARO,PL,569097,,,,,
2022,2,presidente,AM,,2022-10-30T20:56:25.000Z,,0.5211,13,LULA,PT,493769,,,,,
2022,2,presidente,AM,,2022-10-30T20:57:49.000Z,,0.5384,22,JAIR BOLSONARO,PL,588675,,,,,
2022,2,presidente,AM,,2022-10-30T20:57:49.000Z,,0.5384,13,LULA,PT,510250,,,,,
2022,2,presidente,AM,,2022-10-30T20:59:11.000Z,,0.5499,22,JAIR BOLSONARO,PL,600835,,,,,
2022,2,presidente,AM,,2022-10-30T20:59:11.000Z,,0.5499,13,LULA,PT,522027,,,,,
2022,2,presidente,AM,,2022-10-30T21:00:23.000Z,,0.561,22,JAIR BOLSONARO,PL,610864,,,,,
2022,2,presidente,AM,,2022-10-30T21:00:23.000Z,,0.561,13,LULA,PT,533340,,,,,
2022,2,presidente,AM,,2022-10-30T21:01:54.000Z,,0.5673,22,JAIR BOLSONARO,PL,617449,,,,,
2022,2,presidente,AM,,2022-10-30T21:01:54.000Z,,0.5673,13,LULA,PT,539232,,,,,
2022,2,presidente,AM,,2022-10-30T21:03:17.000Z,,0.5832,22,JAIR BOLSONARO,PL,633967,,,,,
2022,2,presidente,AM,,2022-10-30T21:03:17.000Z,,0.5832,13,LULA,PT,554511,,,,,
2022,2,presidente,AM,,2022-10-30T21:04:31.000Z,,0.5939,22,JAIR BOLSONARO,PL,643599,,,,,
2022,2,presidente,AM,,2022-10-30T21:04:31.000Z,,0.5939,13,LULA,PT,565645,,,,,
2022,2,presidente,AM,,2022-10-30T21:05:38.000Z,,0.6041,22,JAIR BOLSONARO,PL,653933,,,,,
2022,2,presidente,AM,,2022-10-30T21:05:38.000Z,,0.6041,13,LULA,PT,575682,,,,,
2022,2,presidente,AM,,2022-10-30T21:06:56.000Z,,0.6233,22,JAIR BOLSONARO,PL,671964,,,,,
2022,2,presidente,AM,,2022-10-30T21:06:56.000Z,,0.6233,13,LULA,PT,595877,,,,,
2022,2,presidente,AM,,2022-10-30T21:08:13.000Z,,0.6233,22,JAIR BOLSONARO,PL,671964,,,,,
2022,2,presidente,AM,,2022-10-30T21:08:13.000Z,,0.6233,13,LULA,PT,595877,,,,,
2022,2,presidente,AM,,2022-10-30T21:09:35.000Z,,0.6403,22,JAIR BOLSONARO,PL,688169,,,,,
2022,2,presidente,AM,,2022-10-30T21:09:35.000Z,,0.6403,13,LULA,PT,613218,,,,,
2022,2,presidente,AM,,2022-10-30T21:10:45.000Z,,0.6484,22,JAIR BOLSONARO,PL,695804,,,,,
2022,2,presidente,AM,,2022-10-30T21:10:45.000Z,,0.6484,13,LULA,PT,620749,,,,,
2022,2,presidente,AM,,2022-10-30T21:12:15.000Z,,0.6552,22,JAIR BOLSONARO,PL,701498,,,,,
2022,2,presidente,AM,,2022-10-30T21:12:15.000Z,,0.6552,13,LULA,PT,627345,,,,,
2022,2,presidente,AM,,2022-10-30T21:13:31.000Z,,0.6635,22,JAIR BOLSONARO,PL,709953,,,,,
2022,2,presidente,AM,,2022-10-30T21:13:31.000Z,,0.6635,13,LULA,PT,635155,,,,,
2022,2,presidente,AM,,2022-10-30T21:14:40.000Z,,0.6716,22,JAIR BOLSONARO,PL,717619,,,,,
2022,2,presidente,AM,,2022-10-30T21:14:40.000Z,,0.6716,13,LULA,PT,643493,,,,,
2022,2,presidente,AM,,2022-10-30T21:16:07.000Z,,0.6886,22,JAIR BOLSONARO,PL,732468,,,,,
2022,2,presidente,AM,,2022-10-30T21:16:07.000Z,,0.6886,13,LULA,PT,662051,,,,,
2022,2,presidente,AM,,2022-10-30T21:17:28.000Z,,0.6998,22,JAIR BOLSONARO,PL,743912,,,,,
2022,2,presidente,AM,,2022-10-30T21:17:28.000Z,,0.6998,13,LULA,PT,673072,,,,,
2022,2,presidente,AM,,2022-10-30T21:18:50.000Z,,0.7078,22,JAIR BOLSONARO,PL,749918,,,,,
2022,2,presidente,AM,,2022-10-30T21:18:50.000Z,,0.7078,13,LULA,PT,682197,,,,,
2022,2,presidente,AM,,2022-10-30T21:20:18.000Z,,0.7219,22,JAIR BOLSONARO,PL,761457,,,,,
2022,2,presidente,AM,,2022-10-30T21:20:18.000Z,,0.7219,13,LULA,PT,697212,,,,,
2022,2,presidente,AM,,2022-10-30T21:21:40.000Z,,0.7307,22,JAIR BOLSONARO,PL,769317,,,,,
2022,2,presidente,AM,,2022-10-30T21:21:40.000Z,,0.7307,13,LULA,PT,706670,,,,,
2022,2,presidente,AM,,2022-10-30T21:23:03.000Z,,0.7387,22,JAIR BOLSONARO,PL,775929,,,,,
2022,2,presidente,AM,,2022-10-30T21:23:03.000Z,,0.7387,13,LULA,PT,715308,,,,,
2022,2,presidente,AM,,2022-10-30T21:24:27.000Z,,0.7495,22,JAIR BOLSONARO,PL,785041,,,,,
2022,2,presidente,AM,,2022-10-30T21:24:27.000Z,,0.7495,13,LULA,PT,727105,,,,,
2022,2,presidente,AM,,2022-10-30T21:25:52.000Z,,0.7495,22,JAIR BOLSONARO,PL,785041,,,,,
2022,2,presidente,AM,,2022-10-30T21:25:52.000Z,,0.7495,13,LULA,PT,727105,,,,,
2022,2,presidente,AM,,2022-10-30T21:27:23.000Z,,0.7719,22,JAIR BOLSONARO,PL,804073,,,,,
2022,2,presidente,AM,,2022-10-30T21:27:23.000Z,,0.7719,13,LULA,PT,752104,,,,,
2022,2,presidente,AM,,2022-10-30T21:28:44.000Z,,0.7793,22,JAIR BOLSONARO,PL,810311,,,,,
2022,2,presidente,AM,,2022-10-30T21:28:44.000Z,,0.7793,13,LULA,PT,760224,,,,,
2022,2,presidente,AM,,2022-10-30T21:30:06.000Z,,0.7938,22,JAIR BOLSONARO,PL,821390,,,,,
2022,2,presidente,AM,,2022-10-30T21:30:06.000Z,,0.7938,13,LULA,PT,775832,,,,,
2022,2,presidente,AM,,2022-10-30T21:31:37.000Z,,0.8024,22,JAIR BOLSONARO,PL,827812,,,,,
2022,2,presidente,AM,,2022-10-30T21:31:37.000Z,,0.8024,13,LULA,PT,785590,,,,,
2022,2,presidente,AM,,2022-10-30T21:33:03.000Z,,0.8124,22,JAIR BOLSONARO,PL,837574,,,,,
2022,2,presidente,AM,,2022-10-30T21:33:03.000Z,,0.8124,13,LULA,PT,796299,,,,,
2022,2,presidente,AM,,2022-10-30T21:34:22.000Z,,0.822,22,JAIR BOLSONARO,PL,845078,,,,,
2022,2,presidente,AM,,2022-10-30T21:34:22.000Z,,0.822,13,LULA,PT,806451,,,,,
2022,2,presidente,AM,,2022-10-30T21:35:44.000Z,,0.8358,22,JAIR BOLSONARO,PL,855807,,,,,
2022,2,presidente,AM,,2022-10-30T21:35:44.000Z,,0.8358,13,LULA,PT,820183,,,,,
2022,2,presidente,AM,,2022-10-30T21:37:03.000Z,,0.8418,22,JAIR BOLSONARO,PL,860513,,,,,
2022,2,presidente,AM,,2022-10-30T21:37:03.000Z,,0.8418,13,LULA,PT,827440,,,,,
2022,2,presidente,AM,,2022-10-30T21:38:34.000Z,,0.8468,22,JAIR BOLSONARO,PL,863773,,,,,
2022,2,presidente,AM,,2022-10-30T21:38:34.000Z,,0.8468,13,LULA,PT,833169,,,,,
2022,2,presidente,AM,,2022-10-30T21:40:05.000Z,,0.8538,22,JAIR BOLSONARO,PL,869112,,,,,
2022,2,presidente,AM,,2022-10-30T21:40:05.000Z,,0.8538,13,LULA,PT,840531,,,,,
2022,2,presidente,AM,,2022-10-30T21:41:35.000Z,,0.8582,22,JAIR BOLSONARO,PL,872195,,,,,
2022,2,presidente,AM,,2022-10-30T21:41:35.000Z,,0.8582,13,LULA,PT,844916,,,,,
2022,2,presidente,AM,,2022-10-30T21:42:59.000Z,,0.8641,22,JAIR BOLSONARO,PL,876353,,,,,
2022,2,presidente,AM,,2022-10-30T21:42:59.000Z,,0.8641,13,LULA,PT,851375,,,,,
2022,2,presidente,AM,,2022-10-30T21:44:18.000Z,,0.8751,22,JAIR BOLSONARO,PL,883826,,,,,
2022,2,presidente,AM,,2022-10-30T21:44:18.000Z,,0.8751,13,LULA,PT,863440,,,,,
2022,2,presidente,AM,,2022-10-30T21:45:38.000Z,,0.8772,22,JAIR BOLSONARO,PL,885108,,,,,
2022,2,presidente,AM,,2022-10-30T21:45:38.000Z,,0.8772,13,LULA,PT,865877,,,,,
2022,2,presidente,AM,,2022-10-30T21:47:00.000Z,,0.8831,22,JAIR BOLSONARO,PL,888850,,,,,
2022,2,presidente,AM,,2022-10-30T21:47:00.000Z,,0.8831,13,LULA,PT,872587,,,,,
2022,2,presidente,AM,,2022-10-30T21:48:19.000Z,,0.8857,22,JAIR BOLSONARO,PL,890317,,,,,
2022,2,presidente,AM,,2022-10-30T21:48:19.000Z,,0.8857,13,LULA,PT,875609,,,,,
2022,2,presidente,AM,,2022-10-30T21:49:50.000Z,,0.8935,22,JAIR BOLSONARO,PL,896464,,,,,
2022,2,presidente,AM,,2022-10-30T21:49:50.000Z,,0.8935,13,LULA,PT,884001,,,,,
2022,2,presidente,AM,,2022-10-30T21:51:34.000Z,,0.9009,22,JAIR BOLSONARO,PL,901031,,,,,
2022,2,presidente,AM,,2022-10-30T21:51:34.000Z,,0.9009,13,LULA,PT,891912,,,,,
2022,2,presidente,AM,,2022-10-30T21:53:08.000Z,,0.9029,22,JAIR BOLSONARO,PL,902386,,,,,
2022,2,presidente,AM,,2022-10-30T21:53:08.000Z,,0.9029,13,LULA,PT,893866,,,,,
2022,2,presidente,AM,,2022-10-30T21:54:34.000Z,,0.909,22,JAIR BOLSONARO,PL,906163,,,,,
2022,2,presidente,AM,,2022-10-30T21:54:34.000Z,,0.909,13,LULA,PT,900665,,,,,
2022,2,presidente,AM,,2022-10-30T21:56:04.000Z,,0.9124,22,JAIR BOLSONARO,PL,908540,,,,,
2022,2,presidente,AM,,2022-10-30T21:56:04.000Z,,0.9124,13,LULA,PT,904627,,,,,
2022,2,presidente,AM,,2022-10-30T21:57:31.000Z,,0.9155,22,JAIR BOLSONARO,PL,911099,,,,,
2022,2,presidente,AM,,2022-10-30T21:57:31.000Z,,0.9155,13,LULA,PT,908211,,,,,
2022,2,presidente,AM,,2022-10-30T21:59:08.000Z,,0.9243,22,JAIR BOLSONARO,PL,918441,,,,,
2022,2,presidente,AM,,2022-10-30T21:59:08.000Z,,0.9243,13,LULA,PT,918244,,,,,
2022,2,presidente,AM,,2022-10-30T22:00:32.000Z,,0.9289,22,JAIR BOLSONARO,PL,921782,,,,,
2022,2,presidente,AM,,2022-10-30T22:00:32.000Z,,0.9289,13,LULA,PT,923529,,,,,
2022,2,presidente,AM,,2022-10-30T22:02:10.000Z,,0.934,22,JAIR BOLSONARO,PL,925128,,,,,
2022,2,presidente,AM,,2022-10-30T22:02:10.000Z,,0.934,13,LULA,PT,929663,,,,,
2022,2,presidente,AM,,2022-10-30T22:03:34.000Z,,0.9365,22,JAIR BOLSONARO,PL,927020,,,,,
2022,2,presidente,AM,,2022-10-30T22:03:34.000Z,,0.9365,13,LULA,PT,932117,,,,,
2022,2,presidente,AM,,2022-10-30T22:05:01.000Z,,0.9386,22,JAIR BOLSONARO,PL,928644,,,,,
2022,2,presidente,AM,,2022-10-30T22:05:01.000Z,,0.9386,13,LULA,PT,934416,,,,,
2022,2,presidente,AM,,2022-10-30T22:06:20.000Z,,0.942,22,JAIR BOLSONARO,PL,930908,,,,,
2022,2,presidente,AM,,2022-10-30T22:06:20.000Z,,0.942,13,LULA,PT,938389,,,,,
2022,2,presidente,AM,,2022-10-30T22:07:52.000Z,,0.9485,22,JAIR BOLSONARO,PL,935297,,,,,
2022,2,presidente,AM,,2022-10-30T22:07:52.000Z,,0.9485,13,LULA,PT,945545,,,,,
2022,2,presidente,AM,,2022-10-30T22:09:14.000Z,,0.9501,22,JAIR BOLSONARO,PL,936009,,,,,
2022,2,presidente,AM,,2022-10-30T22:09:14.000Z,,0.9501,13,LULA,PT,947373,,,,,
2022,2,presidente,AM,,2022-10-30T22:10:41.000Z,,0.953,22,JAIR BOLSONARO,PL,937704,,,,,
2022,2,presidente,AM,,2022-10-30T22:10:41.000Z,,0.953,13,LULA,PT,951066,,,,,
2022,2,presidente,AM,,2022-10-30T22:12:27.000Z,,0.9552,22,JAIR BOLSONARO,PL,939263,,,,,
2022,2,presidente,AM,,2022-10-30T22:12:27.000Z,,0.9552,13,LULA,PT,953370,,,,,
2022,2,presidente,AM,,2022-10-30T22:14:10.000Z,,0.958,22,JAIR BOLSONARO,PL,940930,,,,,
2022,2,presidente,AM,,2022-10-30T22:14:10.000Z,,0.958,13,LULA,PT,956675,,,,,
2022,2,presidente,AM,,2022-10-30T22:15:51.000Z,,0.9607,22,JAIR BOLSONARO,PL,942892,,,,,
2022,2,presidente,AM,,2022-10-30T22:15:51.000Z,,0.9607,13,LULA,PT,959615,,,,,
2022,2,presidente,AM,,2022-10-30T22:17:33.000Z,,0.9646,22,JAIR BOLSONARO,PL,945268,,,,,
2022,2,presidente,AM,,2022-10-30T22:17:33.000Z,,0.9646,13,LULA,PT,964129,,,,,
2022,2,presidente,AM,,2022-10-30T22:19:07.000Z,,0.9663,22,JAIR BOLSONARO,PL,946349,,,,,
2022,2,presidente,AM,,2022-10-30T22:19:07.000Z,,0.9663,13,LULA,PT,965989,,,,,
2022,2,presidente,AM,,2022-10-30T22:20:52.000Z,,0.9674,22,JAIR BOLSONARO,PL,946965,,,,,
2022,2,presidente,AM,,2022-10-30T22:20:52.000Z,,0.9674,13,LULA,PT,967030,,,,,
2022,2,presidente,AM,,2022-10-30T22:22:26.000Z,,0.9704,22,JAIR BOLSONARO,PL,948955,,,,,
2022,2,presidente,AM,,2022-10-30T22:22:26.000Z,,0.9704,13,LULA,PT,970355,,,,,
2022,2,presidente,AM,,2022-10-30T22:23:53.000Z,,0.9716,22,JAIR BOLSONARO,PL,949800,,,,,
2022,2,presidente,AM,,2022-10-30T22:23:53.000Z,,0.9716,13,LULA,PT,971712,,,,,
2022,2,presidente,AM,,2022-10-30T22:25:41.000Z,,0.9732,22,JAIR BOLSONARO,PL,950901,,,,,
2022,2,presidente,AM,,2022-10-30T22:25:41.000Z,,0.9732,13,LULA,PT,973570,,,,,
2022,2,presidente,AM,,2022-10-30T22:27:32.000Z,,0.978,22,JAIR BOLSONARO,PL,953970,,,,,
2022,2,presidente,AM,,2022-10-30T22:27:32.000Z,,0.978,13,LULA,PT,979229,,,,,
2022,2,presidente,AM,,2022-10-30T22:29:10.000Z,,0.9827,22,JAIR BOLSONARO,PL,956340,,,,,
2022,2,presidente,AM,,2022-10-30T22:29:10.000Z,,0.9827,13,LULA,PT,984507,,,,,
2022,2,presidente,AM,,2022-10-30T22:30:55.000Z,,0.9834,22,JAIR BOLSONARO,PL,956646,,,,,
2022,2,presidente,AM,,2022-10-30T22:30:55.000Z,,0.9834,13,LULA,PT,985054,,,,,
2022,2,presidente,AM,,2022-10-30T22:32:33.000Z,,0.9842,22,JAIR BOLSONARO,PL,956981,,,,,
2022,2,presidente,AM,,2022-10-30T22:32:33.000Z,,0.9842,13,LULA,PT,985671,,,,,
2022,2,presidente,AM,,2022-10-30T22:34:17.000Z,,0.9847,22,JAIR BOLSONARO,PL,957115,,,,,
2022,2,presidente,AM,,2022-10-30T22:34:17.000Z,,0.9847,13,LULA,PT,986591,,,,,
2022,2,presidente,AM,,2022-10-30T22:36:03.000Z,,0.9852,22,JAIR BOLSONARO,PL,957213,,,,,
2022,2,presidente,AM,,2022-10-30T22:36:03.000Z,,0.9852,13,LULA,PT,987112,,,,,
2022,2,presidente,AM,,2022-10-30T22:38:13.000Z,,0.9869,22,JAIR BOLSONARO,PL,957801,,,,,
2022,2,presidente,AM,,2022-10-30T22:38:13.000Z,,0.9869,13,LULA,PT,988791,,,,,
2022,2,presidente,AM,,2022-10-30T22:39:45.000Z,,0.9871,22,JAIR BOLSONARO,PL,957933,,,,,
2022,2,presidente,AM,,2022-10-30T22:39:45.000Z,,0.9871,13,LULA,PT,989164,,,,,
2022,2,presidente,AM,,2022-10-30T22:41:27.000Z,,0.9882,22,JAIR BOLSONARO,PL,958177,,,,,
2022,2,presidente,AM,,2022-10-30T22:41:27.000Z,,0.9882,13,LULA,PT,990896,,,,,
2022,2,presidente,AM,,2022-10-30T22:43:06.000Z,,0.9889,22,JAIR BOLSONARO,PL,958435,,,,,
2022,2,presidente,AM,,2022-10-30T22:43:06.000Z,,0.9889,13,LULA,PT,991912,,,,,
2022,2,presidente,AM,,2022-10-30T22:44:41.000Z,,0.9891,22,JAIR BOLSONARO,PL,958467,,,,,
2022,2,presidente,AM,,2022-10-30T22:44:41.000Z,,0.9891,13,LULA,PT,992212,,,,,
2022,2,presidente,AM,,2022-10-30T22:46:39.000Z,,0.9895,22,JAIR BOLSONARO,PL,958543,,,,,
2022,2,presidente,AM,,2022-10-30T22:46:39.000Z,,0.9895,13,LULA,PT,992704,,,,,
2022,2,presidente,AM,,2022-10-30T22:48:19.000Z,,0.9909,22,JAIR BOLSONARO,PL,958909,,,,,
2022,2,presidente,AM,,2022-10-30T22:48:19.000Z,,0.9909,13,LULA,PT,994491,,,,,
2022,2,presidente,AM,,2022-10-30T22:49:56.000Z,,0.9909,22,JAIR BOLSONARO,PL,958909,,,,,
2022,2,presidente,AM,,2022-10-30T22:49:56.000Z,,0.9909,13,LULA,PT,994491,,,,,
2022,2,presidente,AM,,2022-10-30T22:51:49.000Z,,0.991,22,JAIR BOLSONARO,PL,958937,,,,,
2022,2,presidente,AM,,2022-10-30T22:51:49.000Z,,0.991,13,LULA,PT,994638,,,,,
2022,2,presidente,AM,,2022-10-30T22:53:24.000Z,,0.9913,22,JAIR BOLSONARO,PL,959003,,,,,
2022,2,presidente,AM,,2022-10-30T22:53:24.000Z,,0.9913,13,LULA,PT,994980,,,,,
2022,2,presidente,AM,,2022-10-30T22:54:59.000Z,,0.9914,22,JAIR BOLSONARO,PL,959031,,,,,
2022,2,presidente,AM,,2022-10-30T22:54:59.000Z,,0.9914,13,LULA,PT,995156,,,,,
2022,2,presidente,AM,,2022-10-30T22:56:33.000Z,,0.9914,22,JAIR BOLSONARO,PL,959031,,,,,
2022,2,presidente,AM,,2022-10-30T22:56:33.000Z,,0.9914,13,LULA,PT,995156,,,,,
2022,2,presidente,AM,,2022-10-30T22:58:17.000Z,,0.9915,22,JAIR BOLSONARO,PL,959060,,,,,
2022,2,presidente,AM,,2022-10-30T22:58:17.000Z,,0.9915,13,LULA,PT,995229,,,,,
2022,2,presidente,AM,,2022-10-30T23:00:23.000Z,,0.9915,22,JAIR BOLSONARO,PL,959060,,,,,
2022,2,presidente,AM,,2022-10-30T23:00:23.000Z,,0.9915,13,LULA,PT,995229,,,,,
2022,2,presidente,AM,,2022-10-30T23:02:30.000Z,,0.9918,22,JAIR BOLSONARO,PL,959112,,,,,
2022,2,presidente,AM,,2022-10-30T23:02:30.000Z,,0.9918,13,LULA,PT,995351,,,,,
2022,2,presidente,AM,,2022-10-30T23:04:39.000Z,,0.9918,22,JAIR BOLSONARO,PL,959112,,,,,
2022,2,presidente,AM,,2022-10-30T23:04:39.000Z,,0.9918,13,LULA,PT,995351,,,,,
2022,2,presidente,AM,,2022-10-30T23:06:28.000Z,,0.992,22,JAIR BOLSONARO,PL,959137,,,,,
2022,2,presidente,AM,,2022-10-30T23:06:28.000Z,,0.992,13,LULA,PT,995501,,,,,
2022,2,presidente,AM,,2022-10-30T23:08:14.000Z,,0.992,22,JAIR BOLSONARO,PL,959137,,,,,
2022,2,presidente,AM,,2022-10-30T23:08:14.000Z,,0.992,13,LULA,PT,995501,,,,,
2022,2,presidente,AM,,2022-10-30T23:09:59.000Z,,0.992,22,JAIR BOLSONARO,PL,959137,,,,,
2022,2,presidente,AM,,2022-10-30T23:09:59.000Z,,0.992,13,LULA,PT,995501,,,,,
2022,2,presidente,AM,,2022-10-30T23:11:50.000Z,,0.9921,22,JAIR BOLSONARO,PL,959167,,,,,
2022,2,presidente,AM,,2022-10-30T23:11:50.000Z,,0.9921,13,LULA,PT,995653,,,,,
2022,2,presidente,AM,,2022-10-30T23:13:51.000Z,,0.9922,22,JAIR BOLSONARO,PL,959206,,,,,
2022,2,presidente,AM,,2022-10-30T23:13:51.000Z,,0.9922,13,LULA,PT,995781,,,,,
2022,2,presidente,AM,,2022-10-30T23:16:02.000Z,,0.9926,22,JAIR BOLSONARO,PL,959282,,,,,
2022,2,presidente,AM,,2022-10-30T23:16:02.000Z,,0.9926,13,LULA,PT,996150,,,,,
2022,2,presidente,AM,,2022-10-30T23:18:27.000Z,,0.9926,22,JAIR BOLSONARO,PL,959282,,,,,
2022,2,presidente,AM,,2022-10-30T23:18:27.000Z,,0.9926,13,LULA,PT,996150,,,,,
2022,2,presidente,AM,,2022-10-30T23:20:41.000Z,,0.9926,22,JAIR BOLSONARO,PL,959282,,,,,
2022,2,presidente,AM,,2022-10-30T23:20:41.000Z,,0.9926,13,LULA,PT,996150,,,,,
2022,2,presidente,AM,,2022-10-30T23:22:07.000Z,,0.9926,22,JAIR BOLSONARO,PL,959282,,,,,
2022,2,presidente,AM,,2022-10-30T23:22:07.000Z,,0.9926,13,LULA,PT,996150,,,,,
2022,2,presidente,AM,,2022-10-30T23:23:39.000Z,,0.9936,22,JAIR BOLSONARO,PL,959658,,,,,
2022,2,presidente,AM,,2022-10-30T23:23:39.000Z,,0.9936,13,LULA,PT,997158,,,,,
2022,2,presidente,AM,,2022-10-30T23:25:07.000Z,,0.9956,22,JAIR BOLSONARO,PL,960305,,,,,
2022,2,presidente,AM,,2022-10-30T23:25:07.000Z,,0.9956,13,LULA,PT,1000279,,,,,
2022,2,presidente,AM,,2022-10-30T23:26:34.000Z,,0.996,22,JAIR BOLSONARO,PL,960402,,,,,
2022,2,presidente,AM,,2022-10-30T23:26:34.000Z,,0.996,13,LULA,PT,1000812,,,,,
2022,2,presidente,AM,,2022-10-30T23:28:15.000Z,,0.996,22,JAIR BOLSONARO,PL,960402,,,,,
2022,2,presidente,AM,,2022-10-30T23:28:15.000Z,,0.996,13,LULA,PT,1000812,,,,,
2022,2,presidente,AM,,2022-10-30T23:30:07.000Z,,0.9964,22,JAIR BOLSONARO,PL,960521,,,,,
2022,2,presidente,AM,,2022-10-30T23:30:07.000Z,,0.9964,13,LULA,PT,1001031,,,,,
2022,2,presidente,AM,,2022-10-30T23:32:03.000Z,,0.9965,22,JAIR BOLSONARO,PL,960612,,,,,
2022,2,presidente,AM,,2022-10-30T23:32:03.000Z,,0.9965,13,LULA,PT,1001137,,,,,
2022,2,presidente,AM,,2022-10-30T23:33:43.000Z,,0.9965,22,JAIR BOLSONARO,PL,960612,,,,,
2022,2,presidente,AM,,2022-10-30T23:33:43.000Z,,0.9965,13,LULA,PT,1001137,,,,,
2022,2,presidente,AM,,2022-10-30T23:35:22.000Z,,0.9972,22,JAIR BOLSONARO,PL,961022,,,,,
2022,2,presidente,AM,,2022-10-30T23:35:22.000Z,,0.9972,13,LULA,PT,1001713,,,,,
2022,2,presidente,AM,,2022-10-30T23:36:57.000Z,,0.9972,22,JAIR BOLSONARO,PL,961022,,,,,
2022,2,presidente,AM,,2022-10-30T23:36:57.000Z,,0.9972,13,LULA,PT,1001713,,,,,
2022,2,presidente,AM,,2022-10-30T23:38:59.000Z,,0.9976,22,JAIR BOLSONARO,PL,961230,,,,,
2022,2,presidente,AM,,2022-10-30T23:38:59.000Z,,0.9976,13,LULA,PT,1002056,,,,,
2022,2,presidente,AM,,2022-10-30T23:41:01.000Z,,0.9979,22,JAIR BOLSONARO,PL,961249,,,,,
2022,2,presidente,AM,,2022-10-30T23:41:01.000Z,,0.9979,13,LULA,PT,1002458,,,,,
2022,2,presidente,AM,,2022-10-30T23:42:55.000Z,,0.9979,22,JAIR BOLSONARO,PL,961249,,,,,
2022,2,presidente,AM,,2022-10-30T23:42:55.000Z,,0.9979,13,LULA,PT,1002458,,,,,
2022,2,presidente,AM,,2022-10-30T23:45:07.000Z,,0.9979,22,JAIR BOLSONARO,PL,961249,,,,,
2022,2,presidente,AM,,2022-10-30T23:45:07.000Z,,0.9979,13,LULA,PT,1002458,,,,,
2022,2,presidente,AM,,2022-10-30T23:46:54.000Z,,0.9979,22,JAIR BOLSONARO,PL,961249,,,,,
2022,2,presidente,AM,,2022-10-30T23:46:54.000Z,,0.9979,13,LULA,PT,1002458,,,,,
2022,2,presidente,AM,,2022-10-30T23:48:43.000Z,,0.9979,22,JAIR BOLSONARO,PL,961249,,,,,
2022,2,presidente,AM,,2022-10-30T23:48:43.000Z,,0.9979,13,LULA,PT,1002458,,,,,
2022,2,presidente,AM,,2022-10-30T23:50:32.000Z,,0.9979,22,JAIR BOLSONARO,PL,961249,,,,,
2022,2,presidente,AM,,2022-10-30T23:50:32.000Z,,0.9979,13,LULA,PT,1002458,,,,,
2022,2,presidente,AM,,2022-10-30T23:52:06.000Z,,0.998,22,JAIR BOLSONARO,PL,961275,,,,,
2022,2,presidente,AM,,2022-10-30T23:52:06.000Z,,0.998,13,LULA,PT,1002485,,,,,
2022,2,presidente,AM,,2022-10-30T23:54:16.000Z,,0.9983,22,JAIR BOLSONARO,PL,961376,,,,,
2022,2,presidente,AM,,2022-10-30T23:54:16.000Z,,0.9983,13,LULA,PT,1002869,,,,,
2022,2,presidente,AM,,2022-10-30T23:56:19.000Z,,0.9984,22,JAIR BOLSONARO,PL,961499,,,,,
2022,2,presidente,AM,,2022-10-30T23:56:19.000Z,,0.9984,13,LULA,PT,1003032,,,,,
2022,2,presidente,AM,,2022-10-30T23:58:15.000Z,,0.9984,22,JAIR BOLSONARO,PL,961499,,,,,
2022,2,presidente,AM,,2022-10-30T23:58:15.000Z,,0.9984,13,LULA,PT,1003032,,,,,
2022,2,presidente,AM,,2022-10-31T00:00:08.000Z,,0.9985,22,JAIR BOLSONARO,PL,961513,,,,,
2022,2,presidente,AM,,2022-10-31T00:00:08.000Z,,0.9985,13,LULA,PT,1003086,,,,,
2022,2,presidente,AM,,2022-10-31T00:01:36.000Z,,0.9985,22,JAIR BOLSONARO,PL,961513,,,,,
2022,2,presidente,AM,,2022-10-31T00:01:36.000Z,,0.9985,13,LULA,PT,1003086,,,,,
2022,2,presidente,AM,,2022-10-31T00:03:30.000Z,,0.9985,22,JAIR BOLSONARO,PL,961513,,,,,
2022,2,presidente,AM,,2022-10-31T00:03:30.000Z,,0.9985,13,LULA,PT,1003086,,,,,
2022,2,presidente,AM,,2022-10-31T00:06:25.000Z,,0.9985,22,JAIR BOLSONARO,PL,961513,,,,,
2022,2,presidente,AM,,2022-10-31T00:06:25.000Z,,0.9985,13,LULA,PT,1003086,,,,,
2022,2,presidente,AM,,2022-10-31T00:08:20.000Z,,0.9989,22,JAIR BOLSONARO,PL,961626,,,,,
2022,2,presidente,AM,,2022-10-31T00:08:20.000Z,,0.9989,13,LULA,PT,1003363,,,,,
2022,2,presidente,AM,,2022-10-31T00:10:33.000Z,,0.9989,22,JAIR BOLSONARO,PL,961626,,,,,
2022,2,presidente,AM,,2022-10-31T00:10:33.000Z,,0.9989,13,LULA,PT,1003363,,,,,
2022,2,presidente,AM,,2022-10-31T00:12:47.000Z,,0.9989,22,JAIR BOLSONARO,PL,961626,,,,,
2022,2,presidente,AM,,2022-10-31T00:12:47.000Z,,0.9989,13,LULA,PT,1003363,,,,,
2022,2,presidente,AM,,2022-10-31T00:15:01.000Z,,0.9989,22,JAIR BOLSONARO,PL,961626,,,,,
2022,2,presidente,AM,,2022-10-31T00:15:01.000Z,,0.9989,13,LULA,PT,1003363,,,,,
2022,2,presidente,AM,,2022-10-31T00:16:51.000Z,,0.9989,22,JAIR BOLSONARO,PL,961626,,,,,
2022,2,presidente,AM,,2022-10-31T00:16:51.000Z,,0.9989,13,LULA,PT,1003363,,,,,
2022,2,presidente,AM,,2022-10-31T00:18:48.000Z,,0.9989,22,JAIR BOLSONARO,PL,961626,,,,,
2022,2,presidente,AM,,2022-10-31T00:18:48.000Z,,0.9989,13,LULA,PT,1003363,,,,,
2022,2,presidente,AM,,2022-10-31T00:21:09.000Z,,0.9989,22,JAIR BOLSONARO,PL,961626,,,,,
2022,2,presidente,AM,,2022-10-31T00:21:09.000Z,,0.9989,13,LULA,PT,1003363,,,,,
2022,2,presidente,AM,,2022-10-31T00:23:33.000Z,,0.9991,22,JAIR BOLSONARO,PL,961649,,,,,
2022,2,presidente,AM,,2022-10-31T00:23:33.000Z,,0.9991,13,LULA,PT,1003425,,,,,
2022,2,presidente,AM,,2022-10-31T00:25:44.000Z,,0.9991,22,JAIR BOLSONARO,PL,961649,,,,,
2022,2,presidente,AM,,2022-10-31T00:25:44.000Z,,0.9991,13,LULA,PT,1003425,,,,,
2022,2,presidente,AM,,2022-10-31T00:27:31.000Z,,0.9991,22,JAIR BOLSONARO,PL,961649,,,,,
2022,2,presidente,AM,,2022-10-31T00:27:31.000Z,,0.9991,13,LULA,PT,1003425,,,,,
2022,2,presidente,AM,,2022-10-31T00:29:35.000Z,,0.9991,22,JAIR BOLSONARO,PL,961649,,,,,
2022,2,presidente,AM,,2022-10-31T00:29:35.000Z,,0.9991,13,LULA,PT,1003425,,,,,
2022,2,presidente,AM,,2022-10-31T00:31:52.000Z,,0.9991,22,JAIR BOLSONARO,PL,961649,,,,,
2022,2,presidente,AM,,2022-10-31T00:31:52.000Z,,0.9991,13,LULA,PT,1003425,,,,,
2022,2,presidente,AM,,2022-10-31T00:34:10.000Z,,0.9996,22,JAIR BOLSONARO,PL,961670,,,,,
2022,2,presidente,AM,,2022-10-31T00:34:10.000Z,,0.9996,13,LULA,PT,1004420,,,,,
2022,2,presidente,AM,,2022-10-31T00:36:08.000Z,,0.9996,22,JAIR BOLSONARO,PL,961670,,,,,
2022,2,presidente,AM,,2022-10-31T00:36:08.000Z,,0.9996,13,LULA,PT,1004420,,,,,
2022,2,presidente,AM,,2022-10-31T00:38:18.000Z,,0.9996,22,JAIR BOLSONARO,PL,961670,,,,,
2022,2,presidente,AM,,2022-10-31T00:38:18.000Z,,0.9996,13,LULA,PT,1004420,,,,,
2022,2,presidente,AM,,2022-10-31T00:40:11.000Z,,0.9996,22,JAIR BOLSONARO,PL,961670,,,,,
2022,2,presidente,AM,,2022-10-31T00:40:11.000Z,,0.9996,13,LULA,PT,1004420,,,,,
2022,2,presidente,AM,,2022-10-31T00:42:30.000Z,,0.9996,22,JAIR BOLSONARO,PL,961670,,,,,
2022,2,presidente,AM,,2022-10-31T00:42:30.000Z,,0.9996,13,LULA,PT,1004420,,,,,
2022,2,presidente,AM,,2022-10-31T00:44:10.000Z,,0.9996,22,JAIR BOLSONARO,PL,961670,,,,,
2022,2,presidente,AM,,2022-10-31T00:44:10.000Z,,0.9996,13,LULA,PT,1004420,,,,,
2022,2,presidente,AM,,2022-10-31T00:45:56.000Z,,0.9996,22,JAIR BOLSONARO,PL,961670,,,,,
2022,2,presidente,AM,,2022-10-31T00:45:56.000Z,,0.9996,13,LULA,PT,1004420,,,,,
2022,2,presidente,AM,,2022-10-31T00:48:02.000Z,,0.9996,22,JAIR BOLSONARO,PL,961670,,,,,
2022,2,presidente,AM,,2022-10-31T00:48:02.000Z,,0.9996,13,LULA,PT,1004420,,,,,
2022,2,presidente,AM,,2022-10-31T00:49:48.000Z,,0.9996,22,JAIR BOLSONARO,PL,961670,,,,,
2022,2,presidente,AM,,2022-10-31T00:49:48.000Z,,0.9996,13,LULA,PT,1004420,,,,,
2022,2,presidente,AM,,2022-10-31T00:52:25.000Z,,0.9996,22,JAIR BOLSONARO,PL,961670,,,,,
2022,2,presidente,AM,,2022-10-31T00:52:25.000Z,,0.9996,13,LULA,PT,1004420,,,,,
2022,2,presidente,AM,,2022-10-31T00:54:19.000Z,,0.9996,22,JAIR BOLSONARO,PL,961670,,,,,
2022,2,presidente,AM,,2022-10-31T00:54:19.000Z,,0.9996,13,LULA,PT,1004420,,,,,
2022,2,presidente,AM,,2022-10-31T00:56:11.000Z,,0.9996,22,JAIR BOLSONARO,PL,961670,,,,,
2022,2,presidente,AM,,2022-10-31T00:56:11.000Z,,0.9996,13,LULA,PT,1004420,,,,,
2022,2,presidente,AM,,2022-10-31T00:58:16.000Z,,0.9996,22,JAIR BOLSONARO,PL,961670,,,,,
2022,2,presidente,AM,,2022-10-31T00:58:16.000Z,,0.9996,13,LULA,PT,1004420,,,,,
2022,2,presidente,AM,,2022-10-31T01:00:17.000Z,,0.9996,22,JAIR BOLSONARO,PL,961670,,,,,
2022,2,presidente,AM,,2022-10-31T01:00:17.000Z,,0.9996,13,LULA,PT,1004420,,,,,
2022,2,presidente,AM,,2022-10-31T01:02:12.000Z,,0.9996,22,JAIR BOLSONARO,PL,961670,,,,,
2022,2,presidente,AM,,2022-10-31T01:02:12.000Z,,0.9996,13,LULA,PT,1004420,,,,,
2022,2,presidente,AM,,2022-10-31T01:04:03.000Z,,0.9996,22,JAIR BOLSONARO,PL,961670,,,,,
2022,2,presidente,AM,,2022-10-31T01:04:03.000Z,,0.9996,13,LULA,PT,1004420,,,,,
2022,2,presidente,AM,,2022-10-31T01:05:36.000Z,,0.9996,22,JAIR BOLSONARO,PL,961670,,,,,
2022,2,presidente,AM,,2022-10-31T01:05:36.000Z,,0.9996,13,LULA,PT,1004420,,,,,
2022,2,presidente,AM,,2022-10-31T01:07:46.000Z,,0.9996,22,JAIR BOLSONARO,PL,961670,,,,,
2022,2,presidente,AM,,2022-10-31T01:07:46.000Z,,0.9996,13,LULA,PT,1004420,,,,,
2022,2,presidente,AM,,2022-10-31T01:09:28.000Z,,0.9996,22,JAIR BOLSONARO,PL,961670,,,,,
2022,2,presidente,AM,,2022-10-31T01:09:28.000Z,,0.9996,13,LULA,PT,1004420,,,,,
2022,2,presidente,AM,,2022-10-31T01:11:31.000Z,,0.9996,22,JAIR BOLSONARO,PL,961670,,,,,
2022,2,presidente,AM,,2022-10-31T01:11:31.000Z,,0.9996,13,LULA,PT,1004420,,,,,
2022,2,presidente,AM,,2022-10-31T01:13:21.000Z,,0.9996,22,JAIR BOLSONARO,PL,961670,,,,,
2022,2,presidente,AM,,2022-10-31T01:13:21.000Z,,0.9996,13,LULA,PT,1004420,,,,,
2022,2,presidente,AM,,2022-10-31T01:15:17.000Z,,0.9996,22,JAIR BOLSONARO,PL,961670,,,,,
2022,2,presidente,AM,,2022-10-31T01:15:17.000Z,,0.9996,13,LULA,PT,1004420,,,,,
2022,2,presidente,AM,,2022-10-31T01:17:07.000Z,,0.9996,22,JAIR BOLSONARO,PL,961670,,,,,
2022,2,presidente,AM,,2022-10-31T01:17:07.000Z,,0.9996,13,LULA,PT,1004420,,,,,
2022,2,presidente,AM,,2022-10-31T01:19:03.000Z,,0.9997,22,JAIR BOLSONARO,PL,961690,,,,,
2022,2,presidente,AM,,2022-10-31T01:19:03.000Z,,0.9997,13,LULA,PT,1004614,,,,,
2022,2,presidente,AM,,2022-10-31T01:20:51.000Z,,0.9999,22,JAIR BOLSONARO,PL,961709,,,,,
2022,2,presidente,AM,,2022-10-31T01:20:51.000Z,,0.9999,13,LULA,PT,1004817,,,,,
2022,2,presidente,AM,,2022-10-31T01:34:34.000Z,,0.9999,22,JAIR BOLSONARO,PL,961709,,,,,
2022,2,presidente,AM,,2022-10-31T01:34:34.000Z,,0.9999,13,LULA,PT,1004817,,,,,
2022,2,presidente,AM,,2022-10-31T01:37:18.000Z,,0.9999,22,JAIR BOLSONARO,PL,961709,,,,,
2022,2,presidente,AM,,2022-10-31T01:37:18.000Z,,0.9999,13,LULA,PT,1004817,,,,,
2022,2,presidente,AM,,2022-10-31T01:39:29.000Z,,0.9999,22,JAIR BOLSONARO,PL,961709,,,,,
2022,2,presidente,AM,,2022-10-31T01:39:29.000Z,,0.9999,13,LULA,PT,1004817,,,,,
2022,2,presidente,AM,,2022-10-31T01:42:19.000Z,,0.9999,22,JAIR BOLSONARO,PL,961709,,,,,
2022,2,presidente,AM,,2022-10-31T01:42:19.000Z,,0.9999,13,LULA,PT,1004817,,,,,
2022,2,presidente,AM,,2022-10-31T01:44:46.000Z,,0.9999,22,JAIR BOLSONARO,PL,961709,,,,,
2022,2,presidente,AM,,2022-10-31T01:44:46.000Z,,0.9999,13,LULA,PT,1004817,,,,,
2022,2,presidente,AM,,2022-10-31T01:47:22.000Z,,0.9999,22,JAIR BOLSONARO,PL,961709,,,,,
2022,2,presidente,AM,,2022-10-31T01:47:22.000Z,,0.9999,13,LULA,PT,1004817,,,,,
2022,2,presidente,AM,,2022-10-31T01:49:46.000Z,,0.9999,22,JAIR BOLSONARO,PL,961709,,,,,
2022,2,presidente,AM,,2022-10-31T01:49:46.000Z,,0.9999,13,LULA,PT,1004817,,,,,
2022,2,presidente,AM,,2022-10-31T01:51:15.000Z,,0.9999,22,JAIR BOLSONARO,PL,961709,,,,,
2022,2,presidente,AM,,2022-10-31T01:51:15.000Z,,0.9999,13,LULA,PT,1004817,,,,,
2022,2,presidente,AM,,2022-10-31T01:53:20.000Z,,0.9999,22,JAIR BOLSONARO,PL,961709,,,,,
2022,2,presidente,AM,,2022-10-31T01:53:20.000Z,,0.9999,13,LULA,PT,1004817,,,,,
2022,2,presidente,AM,,2022-10-31T01:55:29.000Z,,0.9999,22,JAIR BOLSONARO,PL,961709,,,,,
2022,2,presidente,AM,,2022-10-31T01:55:29.000Z,,0.9999,13,LULA,PT,1004817,,,,,
2022,2,presidente,AM,,2022-10-31T01:57:39.000Z,,0.9999,22,JAIR BOLSONARO,PL,961709,,,,,
2022,2,presidente,AM,,2022-10-31T01:57:39.000Z,,0.9999,13,LULA,PT,1004817,,,,,
2022,2,presidente,AM,,2022-10-31T01:59:35.000Z,,0.9999,22,JAIR BOLSONARO,PL,961709,,,,,
2022,2,presidente,AM,,2022-10-31T01:59:35.000Z,,0.9999,13,LULA,PT,1004817,,,,,
2022,2,presidente,AM,,2022-10-31T02:01:43.000Z,,0.9999,22,JAIR BOLSONARO,PL,961709,,,,,
2022,2,presidente,AM,,2022-10-31T02:01:43.000Z,,0.9999,13,LULA,PT,1004817,,,,,
2022,2,presidente,AM,,2022-10-31T02:03:46.000Z,,0.9999,22,JAIR BOLSONARO,PL,961709,,,,,
2022,2,presidente,AM,,2022-10-31T02:03:46.000Z,,0.9999,13,LULA,PT,1004817,,,,,
2022,2,presidente,AM,,2022-10-31T02:05:20.000Z,,0.9999,22,JAIR BOLSONARO,PL,961709,,,,,
2022,2,presidente,AM,,2022-10-31T02:05:20.000Z,,0.9999,13,LULA,PT,1004817,,,,,
2022,2,presidente,AM,,2022-10-31T02:07:17.000Z,,0.9999,22,JAIR BOLSONARO,PL,961709,,,,,
2022,2,presidente,AM,,2022-10-31T02:07:17.000Z,,0.9999,13,LULA,PT,1004817,,,,,
2022,2,presidente,AM,,2022-10-31T02:09:04.000Z,,0.9999,22,JAIR BOLSONARO,PL,961709,,,,,
2022,2,presidente,AM,,2022-10-31T02:09:04.000Z,,0.9999,13,LULA,PT,1004817,,,,,
2022,2,presidente,AM,,2022-10-31T02:10:39.000Z,,0.9999,22,JAIR BOLSONARO,PL,961709,,,,,
2022,2,presidente,AM,,2022-10-31T02:10:39.000Z,,0.9999,13,LULA,PT,1004817,,,,,
2022,2,presidente,AM,,2022-10-31T02:12:10.000Z,,0.9999,22,JAIR BOLSONARO,PL,961709,,,,,
2022,2,presidente,AM,,2022-10-31T02:12:10.000Z,,0.9999,13,LULA,PT,1004817,,,,,
2022,2,presidente,AM,,2022-10-31T02:13:42.000Z,,0.9999,22,JAIR BOLSONARO,PL,961709,,,,,
2022,2,presidente,AM,,2022-10-31T02:13:42.000Z,,0.9999,13,LULA,PT,1004817,,,,,
2022,2,presidente,AM,,2022-10-31T02:15:34.000Z,,0.9999,22,JAIR BOLSONARO,PL,961709,,,,,
2022,2,presidente,AM,,2022-10-31T02:15:34.000Z,,0.9999,13,LULA,PT,1004817,,,,,
2022,2,presidente,AM,,2022-10-31T02:17:05.000Z,,0.9999,22,JAIR BOLSONARO,PL,961709,,,,,
2022,2,presidente,AM,,2022-10-31T02:17:05.000Z,,0.9999,13,LULA,PT,1004817,,,,,
2022,2,presidente,AM,,2022-10-31T02:18:42.000Z,,0.9999,22,JAIR BOLSONARO,PL,961709,,,,,
2022,2,presidente,AM,,2022-10-31T02:18:42.000Z,,0.9999,13,LULA,PT,1004817,,,,,
2022,2,presidente,AM,,2022-10-31T02:20:06.000Z,,0.9999,22,JAIR BOLSONARO,PL,961709,,,,,
2022,2,presidente,AM,,2022-10-31T02:20:06.000Z,,0.9999,13,LULA,PT,1004817,,,,,
2022,2,presidente,AM,,2022-10-31T02:21:18.000Z,,0.9999,22,JAIR BOLSONARO,PL,961709,,,,,
2022,2,presidente,AM,,2022-10-31T02:21:18.000Z,,0.9999,13,LULA,PT,1004817,,,,,
2022,2,presidente,AM,,2022-10-31T02:22:56.000Z,,0.9999,22,JAIR BOLSONARO,PL,961709,,,,,
2022,2,presidente,AM,,2022-10-31T02:22:56.000Z,,0.9999,13,LULA,PT,1004817,,,,,
2022,2,presidente,AM,,2022-10-31T02:24:06.000Z,,0.9999,22,JAIR BOLSONARO,PL,961709,,,,,
2022,2,presidente,AM,,2022-10-31T02:24:06.000Z,,0.9999,13,LULA,PT,1004817,,,,,
2022,2,presidente,AM,,2022-10-31T02:25:17.000Z,,0.9999,22,JAIR BOLSONARO,PL,961709,,,,,
2022,2,presidente,AM,,2022-10-31T02:25:17.000Z,,0.9999,13,LULA,PT,1004817,,,,,
2022,2,presidente,AM,,2022-10-31T02:26:21.000Z,,0.9999,22,JAIR BOLSONARO,PL,961709,,,,,
2022,2,presidente,AM,,2022-10-31T02:26:21.000Z,,0.9999,13,LULA,PT,1004817,,,,,
2022,2,presidente,AM,,2022-10-31T02:27:31.000Z,,0.9999,22,JAIR BOLSONARO,PL,961709,,,,,
2022,2,presidente,AM,,2022-10-31T02:27:31.000Z,,0.9999,13,LULA,PT,1004817,,,,,
2022,2,presidente,AM,,2022-10-31T02:28:45.000Z,,0.9999,22,JAIR BOLSONARO,PL,961709,,,,,
2022,2,presidente,AM,,2022-10-31T02:28:45.000Z,,0.9999,13,LULA,PT,1004817,,,,,
2022,2,presidente,AM,,2022-10-31T02:29:50.000Z,,0.9999,22,JAIR BOLSONARO,PL,961709,,,,,
2022,2,presidente,AM,,2022-10-31T02:29:50.000Z,,0.9999,13,LULA,PT,1004817,,,,,
2022,2,presidente,AM,,2022-10-31T02:31:00.000Z,,0.9999,22,JAIR BOLSONARO,PL,961709,,,,,
2022,2,presidente,AM,,2022-10-31T02:31:00.000Z,,0.9999,13,LULA,PT,1004817,,,,,
2022,2,presidente,AM,,2022-10-31T02:32:04.000Z,,0.9999,22,JAIR BOLSONARO,PL,961709,,,,,
2022,2,presidente,AM,,2022-10-31T02:32:04.000Z,,0.9999,13,LULA,PT,1004817,,,,,
2022,2,presidente,AM,,2022-10-31T02:33:10.000Z,,0.9999,22,JAIR BOLSONARO,PL,961709,,,,,
2022,2,presidente,AM,,2022-10-31T02:33:10.000Z,,0.9999,13,LULA,PT,1004817,,,,,
2022,2,presidente,AM,,2022-10-31T02:34:21.000Z,,0.9999,22,JAIR BOLSONARO,PL,961709,,,,,
2022,2,presidente,AM,,2022-10-31T02:34:21.000Z,,0.9999,13,LULA,PT,1004817,,,,,
2022,2,presidente,AM,,2022-10-31T02:35:26.000Z,,0.9999,22,JAIR BOLSONARO,PL,961709,,,,,
2022,2,presidente,AM,,2022-10-31T02:35:26.000Z,,0.9999,13,LULA,PT,1004817,,,,,
2022,2,presidente,AM,,2022-10-31T02:36:36.000Z,,0.9999,22,JAIR BOLSONARO,PL,961709,,,,,
2022,2,presidente,AM,,2022-10-31T02:36:36.000Z,,0.9999,13,LULA,PT,1004817,,,,,
2022,2,presidente,AM,,2022-10-31T02:37:41.000Z,,0.9999,22,JAIR BOLSONARO,PL,961709,,,,,
2022,2,presidente,AM,,2022-10-31T02:37:41.000Z,,0.9999,13,LULA,PT,1004817,,,,,
2022,2,presidente,AM,,2022-10-31T02:38:51.000Z,,0.9999,22,JAIR BOLSONARO,PL,961709,,,,,
2022,2,presidente,AM,,2022-10-31T02:38:51.000Z,,0.9999,13,LULA,PT,1004817,,,,,
2022,2,presidente,AM,,2022-10-31T02:39:55.000Z,,0.9999,22,JAIR BOLSONARO,PL,961709,,,,,
2022,2,presidente,AM,,2022-10-31T02:39:55.000Z,,0.9999,13,LULA,PT,1004817,,,,,
2022,2,presidente,AM,,2022-10-31T02:41:05.000Z,,0.9999,22,JAIR BOLSONARO,PL,961709,,,,,
2022,2,presidente,AM,,2022-10-31T02:41:05.000Z,,0.9999,13,LULA,PT,1004817,,,,,
2022,2,presidente,AM,,2022-10-31T02:42:09.000Z,,0.9999,22,JAIR BOLSONARO,PL,961709,,,,,
2022,2,presidente,AM,,2022-10-31T02:42:09.000Z,,0.9999,13,LULA,PT,1004817,,,,,
2022,2,presidente,AM,,2022-10-31T02:43:13.000Z,,0.9999,22,JAIR BOLSONARO,PL,961709,,,,,
2022,2,presidente,AM,,2022-10-31T02:43:13.000Z,,0.9999,13,LULA,PT,1004817,,,,,
2022,2,presidente,AM,,2022-10-31T02:44:18.000Z,,0.9999,22,JAIR BOLSONARO,PL,961709,,,,,
2022,2,presidente,AM,,2022-10-31T02:44:18.000Z,,0.9999,13,LULA,PT,1004817,,,,,
2022,2,presidente,AM,,2022-10-31T02:45:22.000Z,,0.9999,22,JAIR BOLSONARO,PL,961709,,,,,
2022,2,presidente,AM,,2022-10-31T02:45:22.000Z,,0.9999,13,LULA,PT,1004817,,,,,
2022,2,presidente,AM,,2022-10-31T02:46:28.000Z,,0.9999,22,JAIR BOLSONARO,PL,961709,,,,,
2022,2,presidente,AM,,2022-10-31T02:46:28.000Z,,0.9999,13,LULA,PT,1004817,,,,,
2022,2,presidente,AM,,2022-10-31T02:47:32.000Z,,0.9999,22,JAIR BOLSONARO,PL,961709,,,,,
2022,2,presidente,AM,,2022-10-31T02:47:32.000Z,,0.9999,13,LULA,PT,1004817,,,,,
2022,2,presidente,AM,,2022-10-31T02:48:37.000Z,,0.9999,22,JAIR BOLSONARO,PL,961709,,,,,
2022,2,presidente,AM,,2022-10-31T02:48:37.000Z,,0.9999,13,LULA,PT,1004817,,,,,
2022,2,presidente,AM,,2022-10-31T02:49:41.000Z,,0.9999,22,JAIR BOLSONARO,PL,961709,,,,,
2022,2,presidente,AM,,2022-10-31T02:49:41.000Z,,0.9999,13,LULA,PT,1004817,,,,,
2022,2,presidente,AM,,2022-10-31T02:50:46.000Z,,0.9999,22,JAIR BOLSONARO,PL,961709,,,,,
2022,2,presidente,AM,,2022-10-31T02:50:46.000Z,,0.9999,13,LULA,PT,1004817,,,,,
2022,2,presidente,AM,,2022-10-31T02:51:51.000Z,,0.9999,22,JAIR BOLSONARO,PL,961709,,,,,
2022,2,presidente,AM,,2022-10-31T02:51:51.000Z,,0.9999,13,LULA,PT,1004817,,,,,
2022,2,presidente,AM,,2022-10-31T02:52:56.000Z,,0.9999,22,JAIR BOLSONARO,PL,961709,,,,,
2022,2,presidente,AM,,2022-10-31T02:52:56.000Z,,0.9999,13,LULA,PT,1004817,,,,,
2022,2,presidente,AM,,2022-10-31T02:54:01.000Z,,0.9999,22,JAIR BOLSONARO,PL,961709,,,,,
2022,2,presidente,AM,,2022-10-31T02:54:01.000Z,,0.9999,13,LULA,PT,1004817,,,,,
2022,2,presidente,AM,,2022-10-31T02:55:04.000Z,,0.9999,22,JAIR BOLSONARO,PL,961709,,,,,
2022,2,presidente,AM,,2022-10-31T02:55:04.000Z,,0.9999,13,LULA,PT,1004817,,,,,
2022,2,presidente,AM,,2022-10-31T02:56:10.000Z,,0.9999,22,JAIR BOLSONARO,PL,961709,,,,,
2022,2,presidente,AM,,2022-10-31T02:56:10.000Z,,0.9999,13,LULA,PT,1004817,,,,,
2022,2,presidente,AM,,2022-10-31T02:57:15.000Z,,0.9999,22,JAIR BOLSONARO,PL,961709,,,,,
2022,2,presidente,AM,,2022-10-31T02:57:15.000Z,,0.9999,13,LULA,PT,1004817,,,,,
2022,2,presidente,AM,,2022-10-31T02:58:19.000Z,,0.9999,22,JAIR BOLSONARO,PL,961709,,,,,
2022,2,presidente,AM,,2022-10-31T02:58:19.000Z,,0.9999,13,LULA,PT,1004817,,,,,
2022,2,presidente,AM,,2022-10-31T02:59:24.000Z,,0.9999,22,JAIR BOLSONARO,PL,961709,,,,,
2022,2,presidente,AM,,2022-10-31T02:59:24.000Z,,0.9999,13,LULA,PT,1004817,,,,,
2022,2,presidente,AM,,2022-10-31T03:00:28.000Z,,0.9999,22,JAIR BOLSONARO,PL,961709,,,,,
2022,2,presidente,AM,,2022-10-31T03:00:28.000Z,,0.9999,13,LULA,PT,1004817,,,,,
2022,2,presidente,AM,,2022-10-31T03:01:33.000Z,,0.9999,22,JAIR BOLSONARO,PL,961709,,,,,
2022,2,presidente,AM,,2022-10-31T03:01:33.000Z,,0.9999,13,LULA,PT,1004817,,,,,
2022,2,presidente,AM,,2022-10-31T03:02:37.000Z,,0.9999,22,JAIR BOLSONARO,PL,961709,,,,,
2022,2,presidente,AM,,2022-10-31T03:02:37.000Z,,0.9999,13,LULA,PT,1004817,,,,,
2022,2,presidente,AM,,2022-10-31T03:03:43.000Z,,0.9999,22,JAIR BOLSONARO,PL,961709,,,,,
2022,2,presidente,AM,,2022-10-31T03:03:43.000Z,,0.9999,13,LULA,PT,1004817,,,,,
2022,2,presidente,AM,,2022-10-31T03:04:47.000Z,,0.9999,22,JAIR BOLSONARO,PL,961709,,,,,
2022,2,presidente,AM,,2022-10-31T03:04:47.000Z,,0.9999,13,LULA,PT,1004817,,,,,
2022,2,presidente,AM,,2022-10-31T03:05:51.000Z,,0.9999,22,JAIR BOLSONARO,PL,961709,,,,,
2022,2,presidente,AM,,2022-10-31T03:05:51.000Z,,0.9999,13,LULA,PT,1004817,,,,,
2022,2,presidente,AM,,2022-10-31T03:06:56.000Z,,0.9999,22,JAIR BOLSONARO,PL,961709,,,,,
2022,2,presidente,AM,,2022-10-31T03:06:56.000Z,,0.9999,13,LULA,PT,1004817,,,,,
2022,2,presidente,AM,,2022-10-31T03:08:02.000Z,,0.9999,22,JAIR BOLSONARO,PL,961709,,,,,
2022,2,presidente,AM,,2022-10-31T03:08:02.000Z,,0.9999,13,LULA,PT,1004817,,,,,
2022,2,presidente,AM,,2022-10-31T03:09:07.000Z,,0.9999,22,JAIR BOLSONARO,PL,961709,,,,,
2022,2,presidente,AM,,2022-10-31T03:09:07.000Z,,0.9999,13,LULA,PT,1004817,,,,,
2022,2,presidente,AM,,2022-10-31T03:10:11.000Z,,0.9999,22,JAIR BOLSONARO,PL,961709,,,,,
2022,2,presidente,AM,,2022-10-31T03:10:11.000Z,,0.9999,13,LULA,PT,1004817,,,,,
2022,2,presidente,AM,,2022-10-31T03:11:16.000Z,,0.9999,22,JAIR BOLSONARO,PL,961709,,,,,
2022,2,presidente,AM,,2022-10-31T03:11:16.000Z,,0.9999,13,LULA,PT,1004817,,,,,
2022,2,presidente,AM,,2022-10-31T03:12:20.000Z,,0.9999,22,JAIR BOLSONARO,PL,961709,,,,,
2022,2,presidente,AM,,2022-10-31T03:12:20.000Z,,0.9999,13,LULA,PT,1004817,,,,,
2022,2,presidente,AM,,2022-10-31T03:13:24.000Z,,0.9999,22,JAIR BOLSONARO,PL,961709,,,,,
2022,2,presidente,AM,,2022-10-31T03:13:24.000Z,,0.9999,13,LULA,PT,1004817,,,,,
2022,2,presidente,AM,,2022-10-31T03:14:30.000Z,,0.9999,22,JAIR BOLSONARO,PL,961709,,,,,
2022,2,presidente,AM,,2022-10-31T03:14:30.000Z,,0.9999,13,LULA,PT,1004817,,,,,
2022,2,presidente,AM,,2022-10-31T03:15:35.000Z,,0.9999,22,JAIR BOLSONARO,PL,961709,,,,,
2022,2,presidente,AM,,2022-10-31T03:15:35.000Z,,0.9999,13,LULA,PT,1004817,,,,,
2022,2,presidente,AM,,2022-10-31T03:16:40.000Z,,0.9999,22,JAIR BOLSONARO,PL,961709,,,,,
2022,2,presidente,AM,,2022-10-31T03:16:40.000Z,,0.9999,13,LULA,PT,1004817,,,,,
2022,2,presidente,AM,,2022-10-31T03:17:46.000Z,,0.9999,22,JAIR BOLSONARO,PL,961709,,,,,
2022,2,presidente,AM,,2022-10-31T03:17:46.000Z,,0.9999,13,LULA,PT,1004817,,,,,
2022,2,presidente,AM,,2022-10-31T03:18:50.000Z,,1,22,JAIR BOLSONARO,PL,961741,,,,,
2022,2,presidente,AM,,2022-10-31T03:18:50.000Z,,1,13,LULA,PT,1004991,,,,,
2022,2,presidente,AP,,2022-10-30T20:13:15.000Z,,0.0006,22,JAIR BOLSONARO,PL,135,,,,,
2022,2,presidente,AP,,2022-10-30T20:13:15.000Z,,0.0006,13,LULA,PT,115,,,,,
2022,2,presidente,AP,,2022-10-30T20:14:25.000Z,,0.0006,22,JAIR BOLSONARO,PL,135,,,,,
2022,2,presidente,AP,,2022-10-30T20:14:25.000Z,,0.0006,13,LULA,PT,115,,,,,
2022,2,presidente,AP,,2022-10-30T20:15:36.000Z,,0.0023,22,JAIR BOLSONARO,PL,366,,,,,
2022,2,presidente,AP,,2022-10-30T20:15:36.000Z,,0.0023,13,LULA,PT,503,,,,,
2022,2,presidente,AP,,2022-10-30T20:16:42.000Z,,0.0029,22,JAIR BOLSONARO,PL,435,,,,,
2022,2,presidente,AP,,2022-10-30T20:16:42.000Z,,0.0029,13,LULA,PT,617,,,,,
2022,2,presidente,AP,,2022-10-30T20:17:48.000Z,,0.0057,22,JAIR BOLSONARO,PL,1108,,,,,
2022,2,presidente,AP,,2022-10-30T20:17:48.000Z,,0.0057,13,LULA,PT,1239,,,,,
2022,2,presidente,AP,,2022-10-30T20:19:05.000Z,,0.0092,22,JAIR BOLSONARO,PL,1830,,,,,
2022,2,presidente,AP,,2022-10-30T20:19:05.000Z,,0.0092,13,LULA,PT,1849,,,,,
2022,2,presidente,AP,,2022-10-30T20:20:10.000Z,,0.0092,22,JAIR BOLSONARO,PL,1830,,,,,
2022,2,presidente,AP,,2022-10-30T20:20:10.000Z,,0.0092,13,LULA,PT,1849,,,,,
2022,2,presidente,AP,,2022-10-30T20:21:32.000Z,,0.0167,22,JAIR BOLSONARO,PL,3109,,,,,
2022,2,presidente,AP,,2022-10-30T20:21:32.000Z,,0.0167,13,LULA,PT,3255,,,,,
2022,2,presidente,AP,,2022-10-30T20:22:37.000Z,,0.0241,22,JAIR BOLSONARO,PL,4270,,,,,
2022,2,presidente,AP,,2022-10-30T20:22:37.000Z,,0.0241,13,LULA,PT,4755,,,,,
2022,2,presidente,AP,,2022-10-30T20:23:59.000Z,,0.0391,22,JAIR BOLSONARO,PL,6747,,,,,
2022,2,presidente,AP,,2022-10-30T20:23:59.000Z,,0.0391,13,LULA,PT,7590,,,,,
2022,2,presidente,AP,,2022-10-30T20:25:10.000Z,,0.0494,22,JAIR BOLSONARO,PL,8556,,,,,
2022,2,presidente,AP,,2022-10-30T20:25:10.000Z,,0.0494,13,LULA,PT,9594,,,,,
2022,2,presidente,AP,,2022-10-30T20:26:16.000Z,,0.0845,22,JAIR BOLSONARO,PL,14156,,,,,
2022,2,presidente,AP,,2022-10-30T20:26:16.000Z,,0.0845,13,LULA,PT,16054,,,,,
2022,2,presidente,AP,,2022-10-30T20:27:23.000Z,,0.0983,22,JAIR BOLSONARO,PL,16362,,,,,
2022,2,presidente,AP,,2022-10-30T20:27:23.000Z,,0.0983,13,LULA,PT,18688,,,,,
2022,2,presidente,AP,,2022-10-30T20:28:28.000Z,,0.0983,22,JAIR BOLSONARO,PL,16362,,,,,
2022,2,presidente,AP,,2022-10-30T20:28:28.000Z,,0.0983,13,LULA,PT,18688,,,,,
2022,2,presidente,AP,,2022-10-30T20:29:39.000Z,,0.1155,22,JAIR BOLSONARO,PL,18842,,,,,
2022,2,presidente,AP,,2022-10-30T20:29:39.000Z,,0.1155,13,LULA,PT,21961,,,,,
2022,2,presidente,AP,,2022-10-30T20:30:56.000Z,,0.1247,22,JAIR BOLSONARO,PL,20383,,,,,
2022,2,presidente,AP,,2022-10-30T20:30:56.000Z,,0.1247,13,LULA,PT,23648,,,,,
2022,2,presidente,AP,,2022-10-30T20:32:09.000Z,,0.1316,22,JAIR BOLSONARO,PL,21281,,,,,
2022,2,presidente,AP,,2022-10-30T20:32:09.000Z,,0.1316,13,LULA,PT,25002,,,,,
2022,2,presidente,AP,,2022-10-30T20:33:21.000Z,,0.1529,22,JAIR BOLSONARO,PL,24669,,,,,
2022,2,presidente,AP,,2022-10-30T20:33:21.000Z,,0.1529,13,LULA,PT,28845,,,,,
2022,2,presidente,AP,,2022-10-30T20:34:37.000Z,,0.169,22,JAIR BOLSONARO,PL,27103,,,,,
2022,2,presidente,AP,,2022-10-30T20:34:37.000Z,,0.169,13,LULA,PT,31984,,,,,
2022,2,presidente,AP,,2022-10-30T20:35:46.000Z,,0.1879,22,JAIR BOLSONARO,PL,31244,,,,,
2022,2,presidente,AP,,2022-10-30T20:35:46.000Z,,0.1879,13,LULA,PT,35665,,,,,
2022,2,presidente,AP,,2022-10-30T20:36:54.000Z,,0.1954,22,JAIR BOLSONARO,PL,32565,,,,,
2022,2,presidente,AP,,2022-10-30T20:36:54.000Z,,0.1954,13,LULA,PT,37174,,,,,
2022,2,presidente,AP,,2022-10-30T20:38:00.000Z,,0.2017,22,JAIR BOLSONARO,PL,33982,,,,,
2022,2,presidente,AP,,2022-10-30T20:38:00.000Z,,0.2017,13,LULA,PT,38364,,,,,
2022,2,presidente,AP,,2022-10-30T20:39:11.000Z,,0.2086,22,JAIR BOLSONARO,PL,35695,,,,,
2022,2,presidente,AP,,2022-10-30T20:39:11.000Z,,0.2086,13,LULA,PT,39546,,,,,
2022,2,presidente,AP,,2022-10-30T20:40:17.000Z,,0.2184,22,JAIR BOLSONARO,PL,37928,,,,,
2022,2,presidente,AP,,2022-10-30T20:40:17.000Z,,0.2184,13,LULA,PT,41500,,,,,
2022,2,presidente,AP,,2022-10-30T20:41:28.000Z,,0.2299,22,JAIR BOLSONARO,PL,40185,,,,,
2022,2,presidente,AP,,2022-10-30T20:41:28.000Z,,0.2299,13,LULA,PT,43815,,,,,
2022,2,presidente,AP,,2022-10-30T20:42:35.000Z,,0.2402,22,JAIR BOLSONARO,PL,41895,,,,,
2022,2,presidente,AP,,2022-10-30T20:42:35.000Z,,0.2402,13,LULA,PT,46029,,,,,
2022,2,presidente,AP,,2022-10-30T20:43:47.000Z,,0.2569,22,JAIR BOLSONARO,PL,44887,,,,,
2022,2,presidente,AP,,2022-10-30T20:43:47.000Z,,0.2569,13,LULA,PT,49358,,,,,
2022,2,presidente,AP,,2022-10-30T20:44:58.000Z,,0.2661,22,JAIR BOLSONARO,PL,46783,,,,,
2022,2,presidente,AP,,2022-10-30T20:44:58.000Z,,0.2661,13,LULA,PT,51314,,,,,
2022,2,presidente,AP,,2022-10-30T20:46:06.000Z,,0.281,22,JAIR BOLSONARO,PL,50387,,,,,
2022,2,presidente,AP,,2022-10-30T20:46:06.000Z,,0.281,13,LULA,PT,54197,,,,,
2022,2,presidente,AP,,2022-10-30T20:47:33.000Z,,0.3115,22,JAIR BOLSONARO,PL,56185,,,,,
2022,2,presidente,AP,,2022-10-30T20:47:33.000Z,,0.3115,13,LULA,PT,60134,,,,,
2022,2,presidente,AP,,2022-10-30T20:48:54.000Z,,0.3201,22,JAIR BOLSONARO,PL,57692,,,,,
2022,2,presidente,AP,,2022-10-30T20:48:54.000Z,,0.3201,13,LULA,PT,61650,,,,,
2022,2,presidente,AP,,2022-10-30T20:50:09.000Z,,0.3287,22,JAIR BOLSONARO,PL,58876,,,,,
2022,2,presidente,AP,,2022-10-30T20:50:09.000Z,,0.3287,13,LULA,PT,63366,,,,,
2022,2,presidente,AP,,2022-10-30T20:51:21.000Z,,0.3356,22,JAIR BOLSONARO,PL,60565,,,,,
2022,2,presidente,AP,,2022-10-30T20:51:21.000Z,,0.3356,13,LULA,PT,64743,,,,,
2022,2,presidente,AP,,2022-10-30T20:52:38.000Z,,0.3443,22,JAIR BOLSONARO,PL,62147,,,,,
2022,2,presidente,AP,,2022-10-30T20:52:38.000Z,,0.3443,13,LULA,PT,66181,,,,,
2022,2,presidente,AP,,2022-10-30T20:53:55.000Z,,0.3443,22,JAIR BOLSONARO,PL,62147,,,,,
2022,2,presidente,AP,,2022-10-30T20:53:55.000Z,,0.3443,13,LULA,PT,66181,,,,,
2022,2,presidente,AP,,2022-10-30T20:55:19.000Z,,0.3517,22,JAIR BOLSONARO,PL,63340,,,,,
2022,2,presidente,AP,,2022-10-30T20:55:19.000Z,,0.3517,13,LULA,PT,67415,,,,,
2022,2,presidente,AP,,2022-10-30T20:56:36.000Z,,0.3586,22,JAIR BOLSONARO,PL,64400,,,,,
2022,2,presidente,AP,,2022-10-30T20:56:36.000Z,,0.3586,13,LULA,PT,68595,,,,,
2022,2,presidente,AP,,2022-10-30T20:58:03.000Z,,0.3793,22,JAIR BOLSONARO,PL,68041,,,,,
2022,2,presidente,AP,,2022-10-30T20:58:03.000Z,,0.3793,13,LULA,PT,72248,,,,,
2022,2,presidente,AP,,2022-10-30T20:59:16.000Z,,0.3793,22,JAIR BOLSONARO,PL,68041,,,,,
2022,2,presidente,AP,,2022-10-30T20:59:16.000Z,,0.3793,13,LULA,PT,72248,,,,,
2022,2,presidente,AP,,2022-10-30T21:00:44.000Z,,0.4023,22,JAIR BOLSONARO,PL,72247,,,,,
2022,2,presidente,AP,,2022-10-30T21:00:44.000Z,,0.4023,13,LULA,PT,76845,,,,,
2022,2,presidente,AP,,2022-10-30T21:02:03.000Z,,0.4144,22,JAIR BOLSONARO,PL,74575,,,,,
2022,2,presidente,AP,,2022-10-30T21:02:03.000Z,,0.4144,13,LULA,PT,78908,,,,,
2022,2,presidente,AP,,2022-10-30T21:03:27.000Z,,0.4443,22,JAIR BOLSONARO,PL,80471,,,,,
2022,2,presidente,AP,,2022-10-30T21:03:27.000Z,,0.4443,13,LULA,PT,84248,,,,,
2022,2,presidente,AP,,2022-10-30T21:04:34.000Z,,0.4575,22,JAIR BOLSONARO,PL,83580,,,,,
2022,2,presidente,AP,,2022-10-30T21:04:34.000Z,,0.4575,13,LULA,PT,86948,,,,,
2022,2,presidente,AP,,2022-10-30T21:05:45.000Z,,0.4684,22,JAIR BOLSONARO,PL,86271,,,,,
2022,2,presidente,AP,,2022-10-30T21:05:45.000Z,,0.4684,13,LULA,PT,89168,,,,,
2022,2,presidente,AP,,2022-10-30T21:07:06.000Z,,0.481,22,JAIR BOLSONARO,PL,88962,,,,,
2022,2,presidente,AP,,2022-10-30T21:07:06.000Z,,0.481,13,LULA,PT,91525,,,,,
2022,2,presidente,AP,,2022-10-30T21:08:24.000Z,,0.4908,22,JAIR BOLSONARO,PL,91083,,,,,
2022,2,presidente,AP,,2022-10-30T21:08:24.000Z,,0.4908,13,LULA,PT,93327,,,,,
2022,2,presidente,AP,,2022-10-30T21:09:40.000Z,,0.5006,22,JAIR BOLSONARO,PL,93613,,,,,
2022,2,presidente,AP,,2022-10-30T21:09:40.000Z,,0.5006,13,LULA,PT,95242,,,,,
2022,2,presidente,AP,,2022-10-30T21:11:01.000Z,,0.5253,22,JAIR BOLSONARO,PL,98905,,,,,
2022,2,presidente,AP,,2022-10-30T21:11:01.000Z,,0.5253,13,LULA,PT,99728,,,,,
2022,2,presidente,AP,,2022-10-30T21:12:25.000Z,,0.5356,22,JAIR BOLSONARO,PL,100784,,,,,
2022,2,presidente,AP,,2022-10-30T21:12:25.000Z,,0.5356,13,LULA,PT,101717,,,,,
2022,2,presidente,AP,,2022-10-30T21:13:35.000Z,,0.5523,22,JAIR BOLSONARO,PL,104536,,,,,
2022,2,presidente,AP,,2022-10-30T21:13:35.000Z,,0.5523,13,LULA,PT,104807,,,,,
2022,2,presidente,AP,,2022-10-30T21:14:57.000Z,,0.5626,22,JAIR BOLSONARO,PL,106753,,,,,
2022,2,presidente,AP,,2022-10-30T21:14:57.000Z,,0.5626,13,LULA,PT,106757,,,,,
2022,2,presidente,AP,,2022-10-30T21:16:18.000Z,,0.573,22,JAIR BOLSONARO,PL,108963,,,,,
2022,2,presidente,AP,,2022-10-30T21:16:18.000Z,,0.573,13,LULA,PT,108781,,,,,
2022,2,presidente,AP,,2022-10-30T21:17:32.000Z,,0.5931,22,JAIR BOLSONARO,PL,112877,,,,,
2022,2,presidente,AP,,2022-10-30T21:17:32.000Z,,0.5931,13,LULA,PT,112671,,,,,
2022,2,presidente,AP,,2022-10-30T21:19:08.000Z,,0.6167,22,JAIR BOLSONARO,PL,118131,,,,,
2022,2,presidente,AP,,2022-10-30T21:19:08.000Z,,0.6167,13,LULA,PT,117551,,,,,
2022,2,presidente,AP,,2022-10-30T21:20:30.000Z,,0.627,22,JAIR BOLSONARO,PL,120352,,,,,
2022,2,presidente,AP,,2022-10-30T21:20:30.000Z,,0.627,13,LULA,PT,119404,,,,,
2022,2,presidente,AP,,2022-10-30T21:21:49.000Z,,0.627,22,JAIR BOLSONARO,PL,120352,,,,,
2022,2,presidente,AP,,2022-10-30T21:21:49.000Z,,0.627,13,LULA,PT,119404,,,,,
2022,2,presidente,AP,,2022-10-30T21:23:18.000Z,,0.6437,22,JAIR BOLSONARO,PL,123986,,,,,
2022,2,presidente,AP,,2022-10-30T21:23:18.000Z,,0.6437,13,LULA,PT,122671,,,,,
2022,2,presidente,AP,,2022-10-30T21:24:43.000Z,,0.6483,22,JAIR BOLSONARO,PL,124849,,,,,
2022,2,presidente,AP,,2022-10-30T21:24:43.000Z,,0.6483,13,LULA,PT,123755,,,,,
2022,2,presidente,AP,,2022-10-30T21:26:14.000Z,,0.6626,22,JAIR BOLSONARO,PL,128271,,,,,
2022,2,presidente,AP,,2022-10-30T21:26:14.000Z,,0.6626,13,LULA,PT,126397,,,,,
2022,2,presidente,AP,,2022-10-30T21:27:36.000Z,,0.7,22,JAIR BOLSONARO,PL,137038,,,,,
2022,2,presidente,AP,,2022-10-30T21:27:36.000Z,,0.7,13,LULA,PT,134303,,,,,
2022,2,presidente,AP,,2022-10-30T21:28:59.000Z,,0.7138,22,JAIR BOLSONARO,PL,140338,,,,,
2022,2,presidente,AP,,2022-10-30T21:28:59.000Z,,0.7138,13,LULA,PT,137038,,,,,
2022,2,presidente,AP,,2022-10-30T21:30:26.000Z,,0.7236,22,JAIR BOLSONARO,PL,142728,,,,,
2022,2,presidente,AP,,2022-10-30T21:30:26.000Z,,0.7236,13,LULA,PT,139018,,,,,
2022,2,presidente,AP,,2022-10-30T21:31:50.000Z,,0.7557,22,JAIR BOLSONARO,PL,150548,,,,,
2022,2,presidente,AP,,2022-10-30T21:31:50.000Z,,0.7557,13,LULA,PT,144973,,,,,
2022,2,presidente,AP,,2022-10-30T21:33:14.000Z,,0.7713,22,JAIR BOLSONARO,PL,154153,,,,,
2022,2,presidente,AP,,2022-10-30T21:33:14.000Z,,0.7713,13,LULA,PT,147806,,,,,
2022,2,presidente,AP,,2022-10-30T21:34:35.000Z,,0.7914,22,JAIR BOLSONARO,PL,159339,,,,,
2022,2,presidente,AP,,2022-10-30T21:34:35.000Z,,0.7914,13,LULA,PT,151678,,,,,
2022,2,presidente,AP,,2022-10-30T21:35:54.000Z,,0.8034,22,JAIR BOLSONARO,PL,161936,,,,,
2022,2,presidente,AP,,2022-10-30T21:35:54.000Z,,0.8034,13,LULA,PT,153818,,,,,
2022,2,presidente,AP,,2022-10-30T21:37:24.000Z,,0.8351,22,JAIR BOLSONARO,PL,169294,,,,,
2022,2,presidente,AP,,2022-10-30T21:37:24.000Z,,0.8351,13,LULA,PT,159662,,,,,
2022,2,presidente,AP,,2022-10-30T21:38:53.000Z,,0.8529,22,JAIR BOLSONARO,PL,173411,,,,,
2022,2,presidente,AP,,2022-10-30T21:38:53.000Z,,0.8529,13,LULA,PT,162809,,,,,
2022,2,presidente,AP,,2022-10-30T21:40:19.000Z,,0.8701,22,JAIR BOLSONARO,PL,177295,,,,,
2022,2,presidente,AP,,2022-10-30T21:40:19.000Z,,0.8701,13,LULA,PT,165787,,,,,
2022,2,presidente,AP,,2022-10-30T21:41:50.000Z,,0.8914,22,JAIR BOLSONARO,PL,182027,,,,,
2022,2,presidente,AP,,2022-10-30T21:41:50.000Z,,0.8914,13,LULA,PT,169929,,,,,
2022,2,presidente,AP,,2022-10-30T21:43:11.000Z,,0.9098,22,JAIR BOLSONARO,PL,186279,,,,,
2022,2,presidente,AP,,2022-10-30T21:43:11.000Z,,0.9098,13,LULA,PT,173468,,,,,
2022,2,presidente,AP,,2022-10-30T21:44:28.000Z,,0.9207,22,JAIR BOLSONARO,PL,188588,,,,,
2022,2,presidente,AP,,2022-10-30T21:44:28.000Z,,0.9207,13,LULA,PT,175440,,,,,
2022,2,presidente,AP,,2022-10-30T21:45:52.000Z,,0.9282,22,JAIR BOLSONARO,PL,190076,,,,,
2022,2,presidente,AP,,2022-10-30T21:45:52.000Z,,0.9282,13,LULA,PT,176646,,,,,
2022,2,presidente,AP,,2022-10-30T21:47:05.000Z,,0.931,22,JAIR BOLSONARO,PL,190587,,,,,
2022,2,presidente,AP,,2022-10-30T21:47:05.000Z,,0.931,13,LULA,PT,177123,,,,,
2022,2,presidente,AP,,2022-10-30T21:48:33.000Z,,0.9402,22,JAIR BOLSONARO,PL,192082,,,,,
2022,2,presidente,AP,,2022-10-30T21:48:33.000Z,,0.9402,13,LULA,PT,178453,,,,,
2022,2,presidente,AP,,2022-10-30T21:50:18.000Z,,0.9437,22,JAIR BOLSONARO,PL,192642,,,,,
2022,2,presidente,AP,,2022-10-30T21:50:18.000Z,,0.9437,13,LULA,PT,178962,,,,,
2022,2,presidente,AP,,2022-10-30T21:51:47.000Z,,0.9443,22,JAIR BOLSONARO,PL,192672,,,,,
2022,2,presidente,AP,,2022-10-30T21:51:47.000Z,,0.9443,13,LULA,PT,178994,,,,,
2022,2,presidente,AP,,2022-10-30T21:53:22.000Z,,0.9471,22,JAIR BOLSONARO,PL,193133,,,,,
2022,2,presidente,AP,,2022-10-30T21:53:22.000Z,,0.9471,13,LULA,PT,179459,,,,,
2022,2,presidente,AP,,2022-10-30T21:54:47.000Z,,0.9471,22,JAIR BOLSONARO,PL,193133,,,,,
2022,2,presidente,AP,,2022-10-30T21:54:47.000Z,,0.9471,13,LULA,PT,179459,,,,,
2022,2,presidente,AP,,2022-10-30T21:56:20.000Z,,0.9511,22,JAIR BOLSONARO,PL,193721,,,,,
2022,2,presidente,AP,,2022-10-30T21:56:20.000Z,,0.9511,13,LULA,PT,180235,,,,,
2022,2,presidente,AP,,2022-10-30T21:57:55.000Z,,0.954,22,JAIR BOLSONARO,PL,194161,,,,,
2022,2,presidente,AP,,2022-10-30T21:57:55.000Z,,0.954,13,LULA,PT,180875,,,,,
2022,2,presidente,AP,,2022-10-30T21:59:22.000Z,,0.9586,22,JAIR BOLSONARO,PL,194757,,,,,
2022,2,presidente,AP,,2022-10-30T21:59:22.000Z,,0.9586,13,LULA,PT,181729,,,,,
2022,2,presidente,AP,,2022-10-30T22:01:00.000Z,,0.9632,22,JAIR BOLSONARO,PL,195376,,,,,
2022,2,presidente,AP,,2022-10-30T22:01:00.000Z,,0.9632,13,LULA,PT,182568,,,,,
2022,2,presidente,AP,,2022-10-30T22:02:23.000Z,,0.9649,22,JAIR BOLSONARO,PL,195660,,,,,
2022,2,presidente,AP,,2022-10-30T22:02:23.000Z,,0.9649,13,LULA,PT,182863,,,,,
2022,2,presidente,AP,,2022-10-30T22:03:48.000Z,,0.9661,22,JAIR BOLSONARO,PL,195824,,,,,
2022,2,presidente,AP,,2022-10-30T22:03:48.000Z,,0.9661,13,LULA,PT,183090,,,,,
2022,2,presidente,AP,,2022-10-30T22:05:10.000Z,,0.9661,22,JAIR BOLSONARO,PL,195824,,,,,
2022,2,presidente,AP,,2022-10-30T22:05:10.000Z,,0.9661,13,LULA,PT,183090,,,,,
2022,2,presidente,AP,,2022-10-30T22:06:35.000Z,,0.9672,22,JAIR BOLSONARO,PL,196055,,,,,
2022,2,presidente,AP,,2022-10-30T22:06:35.000Z,,0.9672,13,LULA,PT,183303,,,,,
2022,2,presidente,AP,,2022-10-30T22:08:07.000Z,,0.9701,22,JAIR BOLSONARO,PL,196469,,,,,
2022,2,presidente,AP,,2022-10-30T22:08:07.000Z,,0.9701,13,LULA,PT,184039,,,,,
2022,2,presidente,AP,,2022-10-30T22:09:26.000Z,,0.9707,22,JAIR BOLSONARO,PL,196556,,,,,
2022,2,presidente,AP,,2022-10-30T22:09:26.000Z,,0.9707,13,LULA,PT,184176,,,,,
2022,2,presidente,AP,,2022-10-30T22:11:04.000Z,,0.9747,22,JAIR BOLSONARO,PL,197053,,,,,
2022,2,presidente,AP,,2022-10-30T22:11:04.000Z,,0.9747,13,LULA,PT,185028,,,,,
2022,2,presidente,AP,,2022-10-30T22:12:55.000Z,,0.9764,22,JAIR BOLSONARO,PL,197189,,,,,
2022,2,presidente,AP,,2022-10-30T22:12:55.000Z,,0.9764,13,LULA,PT,185357,,,,,
2022,2,presidente,AP,,2022-10-30T22:14:37.000Z,,0.9782,22,JAIR BOLSONARO,PL,197465,,,,,
2022,2,presidente,AP,,2022-10-30T22:14:37.000Z,,0.9782,13,LULA,PT,185745,,,,,
2022,2,presidente,AP,,2022-10-30T22:16:10.000Z,,0.9787,22,JAIR BOLSONARO,PL,197564,,,,,
2022,2,presidente,AP,,2022-10-30T22:16:10.000Z,,0.9787,13,LULA,PT,185886,,,,,
2022,2,presidente,AP,,2022-10-30T22:17:52.000Z,,0.9799,22,JAIR BOLSONARO,PL,197672,,,,,
2022,2,presidente,AP,,2022-10-30T22:17:52.000Z,,0.9799,13,LULA,PT,186266,,,,,
2022,2,presidente,AP,,2022-10-30T22:19:34.000Z,,0.981,22,JAIR BOLSONARO,PL,197831,,,,,
2022,2,presidente,AP,,2022-10-30T22:19:34.000Z,,0.981,13,LULA,PT,186498,,,,,
2022,2,presidente,AP,,2022-10-30T22:21:09.000Z,,0.9816,22,JAIR BOLSONARO,PL,197882,,,,,
2022,2,presidente,AP,,2022-10-30T22:21:09.000Z,,0.9816,13,LULA,PT,186611,,,,,
2022,2,presidente,AP,,2022-10-30T22:22:39.000Z,,0.9845,22,JAIR BOLSONARO,PL,198289,,,,,
2022,2,presidente,AP,,2022-10-30T22:22:39.000Z,,0.9845,13,LULA,PT,187088,,,,,
2022,2,presidente,AP,,2022-10-30T22:24:18.000Z,,0.9845,22,JAIR BOLSONARO,PL,198289,,,,,
2022,2,presidente,AP,,2022-10-30T22:24:18.000Z,,0.9845,13,LULA,PT,187088,,,,,
2022,2,presidente,AP,,2022-10-30T22:26:18.000Z,,0.9868,22,JAIR BOLSONARO,PL,198521,,,,,
2022,2,presidente,AP,,2022-10-30T22:26:18.000Z,,0.9868,13,LULA,PT,187586,,,,,
2022,2,presidente,AP,,2022-10-30T22:27:52.000Z,,0.9885,22,JAIR BOLSONARO,PL,198807,,,,,
2022,2,presidente,AP,,2022-10-30T22:27:52.000Z,,0.9885,13,LULA,PT,187868,,,,,
2022,2,presidente,AP,,2022-10-30T22:29:38.000Z,,0.9885,22,JAIR BOLSONARO,PL,198807,,,,,
2022,2,presidente,AP,,2022-10-30T22:29:38.000Z,,0.9885,13,LULA,PT,187868,,,,,
2022,2,presidente,AP,,2022-10-30T22:31:19.000Z,,0.9885,22,JAIR BOLSONARO,PL,198807,,,,,
2022,2,presidente,AP,,2022-10-30T22:31:19.000Z,,0.9885,13,LULA,PT,187868,,,,,
2022,2,presidente,AP,,2022-10-30T22:32:55.000Z,,0.9885,22,JAIR BOLSONARO,PL,198807,,,,,
2022,2,presidente,AP,,2022-10-30T22:32:55.000Z,,0.9885,13,LULA,PT,187868,,,,,
2022,2,presidente,AP,,2022-10-30T22:34:46.000Z,,0.9908,22,JAIR BOLSONARO,PL,199188,,,,,
2022,2,presidente,AP,,2022-10-30T22:34:46.000Z,,0.9908,13,LULA,PT,188307,,,,,
2022,2,presidente,AP,,2022-10-30T22:36:47.000Z,,0.992,22,JAIR BOLSONARO,PL,199367,,,,,
2022,2,presidente,AP,,2022-10-30T22:36:47.000Z,,0.992,13,LULA,PT,188539,,,,,
2022,2,presidente,AP,,2022-10-30T22:38:32.000Z,,0.992,22,JAIR BOLSONARO,PL,199367,,,,,
2022,2,presidente,AP,,2022-10-30T22:38:32.000Z,,0.992,13,LULA,PT,188539,,,,,
2022,2,presidente,AP,,2022-10-30T22:40:04.000Z,,0.992,22,JAIR BOLSONARO,PL,199367,,,,,
2022,2,presidente,AP,,2022-10-30T22:40:04.000Z,,0.992,13,LULA,PT,188539,,,,,
2022,2,presidente,AP,,2022-10-30T22:41:59.000Z,,0.9925,22,JAIR BOLSONARO,PL,199496,,,,,
2022,2,presidente,AP,,2022-10-30T22:41:59.000Z,,0.9925,13,LULA,PT,188670,,,,,
2022,2,presidente,AP,,2022-10-30T22:43:25.000Z,,0.9925,22,JAIR BOLSONARO,PL,199496,,,,,
2022,2,presidente,AP,,2022-10-30T22:43:25.000Z,,0.9925,13,LULA,PT,188670,,,,,
2022,2,presidente,AP,,2022-10-30T22:45:08.000Z,,0.9925,22,JAIR BOLSONARO,PL,199496,,,,,
2022,2,presidente,AP,,2022-10-30T22:45:08.000Z,,0.9925,13,LULA,PT,188670,,,,,
2022,2,presidente,AP,,2022-10-30T22:47:00.000Z,,0.9925,22,JAIR BOLSONARO,PL,199496,,,,,
2022,2,presidente,AP,,2022-10-30T22:47:00.000Z,,0.9925,13,LULA,PT,188670,,,,,
2022,2,presidente,AP,,2022-10-30T22:48:44.000Z,,0.9925,22,JAIR BOLSONARO,PL,199496,,,,,
2022,2,presidente,AP,,2022-10-30T22:48:44.000Z,,0.9925,13,LULA,PT,188670,,,,,
2022,2,presidente,AP,,2022-10-30T22:50:27.000Z,,0.9925,22,JAIR BOLSONARO,PL,199496,,,,,
2022,2,presidente,AP,,2022-10-30T22:50:27.000Z,,0.9925,13,LULA,PT,188670,,,,,
2022,2,presidente,AP,,2022-10-30T22:52:15.000Z,,0.9925,22,JAIR BOLSONARO,PL,199496,,,,,
2022,2,presidente,AP,,2022-10-30T22:52:15.000Z,,0.9925,13,LULA,PT,188670,,,,,
2022,2,presidente,AP,,2022-10-30T22:53:47.000Z,,0.9937,22,JAIR BOLSONARO,PL,199643,,,,,
2022,2,presidente,AP,,2022-10-30T22:53:47.000Z,,0.9937,13,LULA,PT,188879,,,,,
2022,2,presidente,AP,,2022-10-30T22:55:11.000Z,,0.9937,22,JAIR BOLSONARO,PL,199643,,,,,
2022,2,presidente,AP,,2022-10-30T22:55:11.000Z,,0.9937,13,LULA,PT,188879,,,,,
2022,2,presidente,AP,,2022-10-30T22:57:04.000Z,,0.9937,22,JAIR BOLSONARO,PL,199643,,,,,
2022,2,presidente,AP,,2022-10-30T22:57:04.000Z,,0.9937,13,LULA,PT,188879,,,,,
2022,2,presidente,AP,,2022-10-30T22:58:59.000Z,,0.9937,22,JAIR BOLSONARO,PL,199643,,,,,
2022,2,presidente,AP,,2022-10-30T22:58:59.000Z,,0.9937,13,LULA,PT,188879,,,,,
2022,2,presidente,AP,,2022-10-30T23:01:06.000Z,,0.9937,22,JAIR BOLSONARO,PL,199643,,,,,
2022,2,presidente,AP,,2022-10-30T23:01:06.000Z,,0.9937,13,LULA,PT,188879,,,,,
2022,2,presidente,AP,,2022-10-30T23:03:18.000Z,,0.9937,22,JAIR BOLSONARO,PL,199643,,,,,
2022,2,presidente,AP,,2022-10-30T23:03:18.000Z,,0.9937,13,LULA,PT,188879,,,,,
2022,2,presidente,AP,,2022-10-30T23:05:02.000Z,,0.9937,22,JAIR BOLSONARO,PL,199643,,,,,
2022,2,presidente,AP,,2022-10-30T23:05:02.000Z,,0.9937,13,LULA,PT,188879,,,,,
2022,2,presidente,AP,,2022-10-30T23:07:06.000Z,,0.9937,22,JAIR BOLSONARO,PL,199643,,,,,
2022,2,presidente,AP,,2022-10-30T23:07:06.000Z,,0.9937,13,LULA,PT,188879,,,,,
2022,2,presidente,AP,,2022-10-30T23:08:50.000Z,,0.9937,22,JAIR BOLSONARO,PL,199643,,,,,
2022,2,presidente,AP,,2022-10-30T23:08:50.000Z,,0.9937,13,LULA,PT,188879,,,,,
2022,2,presidente,AP,,2022-10-30T23:10:26.000Z,,0.9937,22,JAIR BOLSONARO,PL,199643,,,,,
2022,2,presidente,AP,,2022-10-30T23:10:26.000Z,,0.9937,13,LULA,PT,188879,,,,,
2022,2,presidente,AP,,2022-10-30T23:12:31.000Z,,0.9937,22,JAIR BOLSONARO,PL,199643,,,,,
2022,2,presidente,AP,,2022-10-30T23:12:31.000Z,,0.9937,13,LULA,PT,188879,,,,,
2022,2,presidente,AP,,2022-10-30T23:14:43.000Z,,0.9937,22,JAIR BOLSONARO,PL,199643,,,,,
2022,2,presidente,AP,,2022-10-30T23:14:43.000Z,,0.9937,13,LULA,PT,188879,,,,,
2022,2,presidente,AP,,2022-10-30T23:16:38.000Z,,0.9937,22,JAIR BOLSONARO,PL,199643,,,,,
2022,2,presidente,AP,,2022-10-30T23:16:38.000Z,,0.9937,13,LULA,PT,188879,,,,,
2022,2,presidente,AP,,2022-10-30T23:19:07.000Z,,0.9937,22,JAIR BOLSONARO,PL,199643,,,,,
2022,2,presidente,AP,,2022-10-30T23:19:07.000Z,,0.9937,13,LULA,PT,188879,,,,,
2022,2,presidente,AP,,2022-10-30T23:20:51.000Z,,0.9937,22,JAIR BOLSONARO,PL,199643,,,,,
2022,2,presidente,AP,,2022-10-30T23:20:51.000Z,,0.9937,13,LULA,PT,188879,,,,,
2022,2,presidente,AP,,2022-10-30T23:22:21.000Z,,0.9948,22,JAIR BOLSONARO,PL,199704,,,,,
2022,2,presidente,AP,,2022-10-30T23:22:21.000Z,,0.9948,13,LULA,PT,189090,,,,,
2022,2,presidente,AP,,2022-10-30T23:23:54.000Z,,0.9948,22,JAIR BOLSONARO,PL,199704,,,,,
2022,2,presidente,AP,,2022-10-30T23:23:54.000Z,,0.9948,13,LULA,PT,189090,,,,,
2022,2,presidente,AP,,2022-10-30T23:25:26.000Z,,0.9948,22,JAIR BOLSONARO,PL,199704,,,,,
2022,2,presidente,AP,,2022-10-30T23:25:26.000Z,,0.9948,13,LULA,PT,189090,,,,,
2022,2,presidente,AP,,2022-10-30T23:27:01.000Z,,0.9948,22,JAIR BOLSONARO,PL,199704,,,,,
2022,2,presidente,AP,,2022-10-30T23:27:01.000Z,,0.9948,13,LULA,PT,189090,,,,,
2022,2,presidente,AP,,2022-10-30T23:28:39.000Z,,0.9948,22,JAIR BOLSONARO,PL,199704,,,,,
2022,2,presidente,AP,,2022-10-30T23:28:39.000Z,,0.9948,13,LULA,PT,189090,,,,,
2022,2,presidente,AP,,2022-10-30T23:30:31.000Z,,0.9948,22,JAIR BOLSONARO,PL,199704,,,,,
2022,2,presidente,AP,,2022-10-30T23:30:31.000Z,,0.9948,13,LULA,PT,189090,,,,,
2022,2,presidente,AP,,2022-10-30T23:32:10.000Z,,0.9948,22,JAIR BOLSONARO,PL,199704,,,,,
2022,2,presidente,AP,,2022-10-30T23:32:10.000Z,,0.9948,13,LULA,PT,189090,,,,,
2022,2,presidente,AP,,2022-10-30T23:34:07.000Z,,0.9948,22,JAIR BOLSONARO,PL,199704,,,,,
2022,2,presidente,AP,,2022-10-30T23:34:07.000Z,,0.9948,13,LULA,PT,189090,,,,,
2022,2,presidente,AP,,2022-10-30T23:35:47.000Z,,0.9948,22,JAIR BOLSONARO,PL,199704,,,,,
2022,2,presidente,AP,,2022-10-30T23:35:47.000Z,,0.9948,13,LULA,PT,189090,,,,,
2022,2,presidente,AP,,2022-10-30T23:37:23.000Z,,0.9948,22,JAIR BOLSONARO,PL,199704,,,,,
2022,2,presidente,AP,,2022-10-30T23:37:23.000Z,,0.9948,13,LULA,PT,189090,,,,,
2022,2,presidente,AP,,2022-10-30T23:39:41.000Z,,0.9948,22,JAIR BOLSONARO,PL,199704,,,,,
2022,2,presidente,AP,,2022-10-30T23:39:41.000Z,,0.9948,13,LULA,PT,189090,,,,,
2022,2,presidente,AP,,2022-10-30T23:41:44.000Z,,0.9948,22,JAIR BOLSONARO,PL,199704,,,,,
2022,2,presidente,AP,,2022-10-30T23:41:44.000Z,,0.9948,13,LULA,PT,189090,,,,,
2022,2,presidente,AP,,2022-10-30T23:43:10.000Z,,0.9948,22,JAIR BOLSONARO,PL,199704,,,,,
2022,2,presidente,AP,,2022-10-30T23:43:10.000Z,,0.9948,13,LULA,PT,189090,,,,,
2022,2,presidente,AP,,2022-10-30T23:45:30.000Z,,0.9948,22,JAIR BOLSONARO,PL,199704,,,,,
2022,2,presidente,AP,,2022-10-30T23:45:30.000Z,,0.9948,13,LULA,PT,189090,,,,,
2022,2,presidente,AP,,2022-10-30T23:47:29.000Z,,0.9948,22,JAIR BOLSONARO,PL,199704,,,,,
2022,2,presidente,AP,,2022-10-30T23:47:29.000Z,,0.9948,13,LULA,PT,189090,,,,,
2022,2,presidente,AP,,2022-10-30T23:48:59.000Z,,0.9948,22,JAIR BOLSONARO,PL,199704,,,,,
2022,2,presidente,AP,,2022-10-30T23:48:59.000Z,,0.9948,13,LULA,PT,189090,,,,,
2022,2,presidente,AP,,2022-10-30T23:50:51.000Z,,0.9948,22,JAIR BOLSONARO,PL,199704,,,,,
2022,2,presidente,AP,,2022-10-30T23:50:51.000Z,,0.9948,13,LULA,PT,189090,,,,,
2022,2,presidente,AP,,2022-10-30T23:53:01.000Z,,0.9948,22,JAIR BOLSONARO,PL,199704,,,,,
2022,2,presidente,AP,,2022-10-30T23:53:01.000Z,,0.9948,13,LULA,PT,189090,,,,,
2022,2,presidente,AP,,2022-10-30T23:54:38.000Z,,0.9954,22,JAIR BOLSONARO,PL,199816,,,,,
2022,2,presidente,AP,,2022-10-30T23:54:38.000Z,,0.9954,13,LULA,PT,189192,,,,,
2022,2,presidente,AP,,2022-10-30T23:56:40.000Z,,0.9977,22,JAIR BOLSONARO,PL,200313,,,,,
2022,2,presidente,AP,,2022-10-30T23:56:40.000Z,,0.9977,13,LULA,PT,189507,,,,,
2022,2,presidente,AP,,2022-10-30T23:58:57.000Z,,0.9977,22,JAIR BOLSONARO,PL,200313,,,,,
2022,2,presidente,AP,,2022-10-30T23:58:57.000Z,,0.9977,13,LULA,PT,189507,,,,,
2022,2,presidente,AP,,2022-10-31T00:00:28.000Z,,0.9977,22,JAIR BOLSONARO,PL,200313,,,,,
2022,2,presidente,AP,,2022-10-31T00:00:28.000Z,,0.9977,13,LULA,PT,189507,,,,,
2022,2,presidente,AP,,2022-10-31T00:02:01.000Z,,0.9977,22,JAIR BOLSONARO,PL,200313,,,,,
2022,2,presidente,AP,,2022-10-31T00:02:01.000Z,,0.9977,13,LULA,PT,189507,,,,,
2022,2,presidente,AP,,2022-10-31T00:04:32.000Z,,0.9977,22,JAIR BOLSONARO,PL,200313,,,,,
2022,2,presidente,AP,,2022-10-31T00:04:32.000Z,,0.9977,13,LULA,PT,189507,,,,,
2022,2,presidente,AP,,2022-10-31T00:06:56.000Z,,0.9977,22,JAIR BOLSONARO,PL,200313,,,,,
2022,2,presidente,AP,,2022-10-31T00:06:56.000Z,,0.9977,13,LULA,PT,189507,,,,,
2022,2,presidente,AP,,2022-10-31T00:08:50.000Z,,0.9977,22,JAIR BOLSONARO,PL,200313,,,,,
2022,2,presidente,AP,,2022-10-31T00:08:50.000Z,,0.9977,13,LULA,PT,189507,,,,,
2022,2,presidente,AP,,2022-10-31T00:11:19.000Z,,0.9977,22,JAIR BOLSONARO,PL,200313,,,,,
2022,2,presidente,AP,,2022-10-31T00:11:19.000Z,,0.9977,13,LULA,PT,189507,,,,,
2022,2,presidente,AP,,2022-10-31T00:13:42.000Z,,0.9977,22,JAIR BOLSONARO,PL,200313,,,,,
2022,2,presidente,AP,,2022-10-31T00:13:42.000Z,,0.9977,13,LULA,PT,189507,,,,,
2022,2,presidente,AP,,2022-10-31T00:15:12.000Z,,0.9977,22,JAIR BOLSONARO,PL,200313,,,,,
2022,2,presidente,AP,,2022-10-31T00:15:12.000Z,,0.9977,13,LULA,PT,189507,,,,,
2022,2,presidente,AP,,2022-10-31T00:17:10.000Z,,0.9977,22,JAIR BOLSONARO,PL,200313,,,,,
2022,2,presidente,AP,,2022-10-31T00:17:10.000Z,,0.9977,13,LULA,PT,189507,,,,,
2022,2,presidente,AP,,2022-10-31T00:19:49.000Z,,0.9977,22,JAIR BOLSONARO,PL,200313,,,,,
2022,2,presidente,AP,,2022-10-31T00:19:49.000Z,,0.9977,13,LULA,PT,189507,,,,,
2022,2,presidente,AP,,2022-10-31T00:21:38.000Z,,0.9977,22,JAIR BOLSONARO,PL,200313,,,,,
2022,2,presidente,AP,,2022-10-31T00:21:38.000Z,,0.9977,13,LULA,PT,189507,,,,,
2022,2,presidente,AP,,2022-10-31T00:24:11.000Z,,0.9977,22,JAIR BOLSONARO,PL,200313,,,,,
2022,2,presidente,AP,,2022-10-31T00:24:11.000Z,,0.9977,13,LULA,PT,189507,,,,,
2022,2,presidente,AP,,2022-10-31T00:26:21.000Z,,0.9977,22,JAIR BOLSONARO,PL,200313,,,,,
2022,2,presidente,AP,,2022-10-31T00:26:21.000Z,,0.9977,13,LULA,PT,189507,,,,,
2022,2,presidente,AP,,2022-10-31T00:28:09.000Z,,0.9977,22,JAIR BOLSONARO,PL,200313,,,,,
2022,2,presidente,AP,,2022-10-31T00:28:09.000Z,,0.9977,13,LULA,PT,189507,,,,,
2022,2,presidente,AP,,2022-10-31T00:30:16.000Z,,0.9977,22,JAIR BOLSONARO,PL,200313,,,,,
2022,2,presidente,AP,,2022-10-31T00:30:16.000Z,,0.9977,13,LULA,PT,189507,,,,,
2022,2,presidente,AP,,2022-10-31T00:32:33.000Z,,0.9977,22,JAIR BOLSONARO,PL,200313,,,,,
2022,2,presidente,AP,,2022-10-31T00:32:33.000Z,,0.9977,13,LULA,PT,189507,,,,,
2022,2,presidente,AP,,2022-10-31T00:34:47.000Z,,0.9977,22,JAIR BOLSONARO,PL,200313,,,,,
2022,2,presidente,AP,,2022-10-31T00:34:47.000Z,,0.9977,13,LULA,PT,189507,,,,,
2022,2,presidente,AP,,2022-10-31T00:36:35.000Z,,0.9977,22,JAIR BOLSONARO,PL,200313,,,,,
2022,2,presidente,AP,,2022-10-31T00:36:35.000Z,,0.9977,13,LULA,PT,189507,,,,,
2022,2,presidente,AP,,2022-10-31T00:38:36.000Z,,0.9977,22,JAIR BOLSONARO,PL,200313,,,,,
2022,2,presidente,AP,,2022-10-31T00:38:36.000Z,,0.9977,13,LULA,PT,189507,,,,,
2022,2,presidente,AP,,2022-10-31T00:41:09.000Z,,0.9977,22,JAIR BOLSONARO,PL,200313,,,,,
2022,2,presidente,AP,,2022-10-31T00:41:09.000Z,,0.9977,13,LULA,PT,189507,,,,,
2022,2,presidente,AP,,2022-10-31T00:42:46.000Z,,0.9977,22,JAIR BOLSONARO,PL,200313,,,,,
2022,2,presidente,AP,,2022-10-31T00:42:46.000Z,,0.9977,13,LULA,PT,189507,,,,,
2022,2,presidente,AP,,2022-10-31T00:44:24.000Z,,0.9977,22,JAIR BOLSONARO,PL,200313,,,,,
2022,2,presidente,AP,,2022-10-31T00:44:24.000Z,,0.9977,13,LULA,PT,189507,,,,,
2022,2,presidente,AP,,2022-10-31T00:46:33.000Z,,0.9977,22,JAIR BOLSONARO,PL,200313,,,,,
2022,2,presidente,AP,,2022-10-31T00:46:33.000Z,,0.9977,13,LULA,PT,189507,,,,,
2022,2,presidente,AP,,2022-10-31T00:48:39.000Z,,0.9977,22,JAIR BOLSONARO,PL,200313,,,,,
2022,2,presidente,AP,,2022-10-31T00:48:39.000Z,,0.9977,13,LULA,PT,189507,,,,,
2022,2,presidente,AP,,2022-10-31T00:50:42.000Z,,0.9977,22,JAIR BOLSONARO,PL,200313,,,,,
2022,2,presidente,AP,,2022-10-31T00:50:42.000Z,,0.9977,13,LULA,PT,189507,,,,,
2022,2,presidente,AP,,2022-10-31T00:52:46.000Z,,0.9977,22,JAIR BOLSONARO,PL,200313,,,,,
2022,2,presidente,AP,,2022-10-31T00:52:46.000Z,,0.9977,13,LULA,PT,189507,,,,,
2022,2,presidente,AP,,2022-10-31T00:54:42.000Z,,0.9977,22,JAIR BOLSONARO,PL,200313,,,,,
2022,2,presidente,AP,,2022-10-31T00:54:42.000Z,,0.9977,13,LULA,PT,189507,,,,,
2022,2,presidente,AP,,2022-10-31T00:56:46.000Z,,0.9977,22,JAIR BOLSONARO,PL,200313,,,,,
2022,2,presidente,AP,,2022-10-31T00:56:46.000Z,,0.9977,13,LULA,PT,189507,,,,,
2022,2,presidente,AP,,2022-10-31T00:58:45.000Z,,0.9977,22,JAIR BOLSONARO,PL,200313,,,,,
2022,2,presidente,AP,,2022-10-31T00:58:45.000Z,,0.9977,13,LULA,PT,189507,,,,,
2022,2,presidente,AP,,2022-10-31T01:00:44.000Z,,0.9977,22,JAIR BOLSONARO,PL,200313,,,,,
2022,2,presidente,AP,,2022-10-31T01:00:44.000Z,,0.9977,13,LULA,PT,189507,,,,,
2022,2,presidente,AP,,2022-10-31T01:02:23.000Z,,0.9977,22,JAIR BOLSONARO,PL,200313,,,,,
2022,2,presidente,AP,,2022-10-31T01:02:23.000Z,,0.9977,13,LULA,PT,189507,,,,,
2022,2,presidente,AP,,2022-10-31T01:04:22.000Z,,0.9977,22,JAIR BOLSONARO,PL,200313,,,,,
2022,2,presidente,AP,,2022-10-31T01:04:22.000Z,,0.9977,13,LULA,PT,189507,,,,,
2022,2,presidente,AP,,2022-10-31T01:06:15.000Z,,0.9977,22,JAIR BOLSONARO,PL,200313,,,,,
2022,2,presidente,AP,,2022-10-31T01:06:15.000Z,,0.9977,13,LULA,PT,189507,,,,,
2022,2,presidente,AP,,2022-10-31T01:08:14.000Z,,0.9977,22,JAIR BOLSONARO,PL,200313,,,,,
2022,2,presidente,AP,,2022-10-31T01:08:14.000Z,,0.9977,13,LULA,PT,189507,,,,,
2022,2,presidente,AP,,2022-10-31T01:10:14.000Z,,0.9977,22,JAIR BOLSONARO,PL,200313,,,,,
2022,2,presidente,AP,,2022-10-31T01:10:14.000Z,,0.9977,13,LULA,PT,189507,,,,,
2022,2,presidente,AP,,2022-10-31T01:12:07.000Z,,0.9977,22,JAIR BOLSONARO,PL,200313,,,,,
2022,2,presidente,AP,,2022-10-31T01:12:07.000Z,,0.9977,13,LULA,PT,189507,,,,,
2022,2,presidente,AP,,2022-10-31T01:13:42.000Z,,0.9977,22,JAIR BOLSONARO,PL,200313,,,,,
2022,2,presidente,AP,,2022-10-31T01:13:42.000Z,,0.9977,13,LULA,PT,189507,,,,,
2022,2,presidente,AP,,2022-10-31T01:15:52.000Z,,0.9977,22,JAIR BOLSONARO,PL,200313,,,,,
2022,2,presidente,AP,,2022-10-31T01:15:52.000Z,,0.9977,13,LULA,PT,189507,,,,,
2022,2,presidente,AP,,2022-10-31T01:17:49.000Z,,0.9977,22,JAIR BOLSONARO,PL,200313,,,,,
2022,2,presidente,AP,,2022-10-31T01:17:49.000Z,,0.9977,13,LULA,PT,189507,,,,,
2022,2,presidente,AP,,2022-10-31T01:19:42.000Z,,0.9977,22,JAIR BOLSONARO,PL,200313,,,,,
2022,2,presidente,AP,,2022-10-31T01:19:42.000Z,,0.9977,13,LULA,PT,189507,,,,,
2022,2,presidente,AP,,2022-10-31T01:21:37.000Z,,0.9977,22,JAIR BOLSONARO,PL,200313,,,,,
2022,2,presidente,AP,,2022-10-31T01:21:37.000Z,,0.9977,13,LULA,PT,189507,,,,,
2022,2,presidente,AP,,2022-10-31T01:36:00.000Z,,0.9977,22,JAIR BOLSONARO,PL,200313,,,,,
2022,2,presidente,AP,,2022-10-31T01:36:00.000Z,,0.9977,13,LULA,PT,189507,,,,,
2022,2,presidente,AP,,2022-10-31T01:37:55.000Z,,0.9977,22,JAIR BOLSONARO,PL,200313,,,,,
2022,2,presidente,AP,,2022-10-31T01:37:55.000Z,,0.9977,13,LULA,PT,189507,,,,,
2022,2,presidente,AP,,2022-10-31T01:40:35.000Z,,0.9977,22,JAIR BOLSONARO,PL,200313,,,,,
2022,2,presidente,AP,,2022-10-31T01:40:35.000Z,,0.9977,13,LULA,PT,189507,,,,,
2022,2,presidente,AP,,2022-10-31T01:43:22.000Z,,0.9977,22,JAIR BOLSONARO,PL,200313,,,,,
2022,2,presidente,AP,,2022-10-31T01:43:22.000Z,,0.9977,13,LULA,PT,189507,,,,,
2022,2,presidente,AP,,2022-10-31T01:45:49.000Z,,0.9977,22,JAIR BOLSONARO,PL,200313,,,,,
2022,2,presidente,AP,,2022-10-31T01:45:49.000Z,,0.9977,13,LULA,PT,189507,,,,,
2022,2,presidente,AP,,2022-10-31T01:48:10.000Z,,0.9977,22,JAIR BOLSONARO,PL,200313,,,,,
2022,2,presidente,AP,,2022-10-31T01:48:10.000Z,,0.9977,13,LULA,PT,189507,,,,,
2022,2,presidente,AP,,2022-10-31T01:50:02.000Z,,0.9977,22,JAIR BOLSONARO,PL,200313,,,,,
2022,2,presidente,AP,,2022-10-31T01:50:02.000Z,,0.9977,13,LULA,PT,189507,,,,,
2022,2,presidente,AP,,2022-10-31T01:51:55.000Z,,0.9983,22,JAIR BOLSONARO,PL,200339,,,,,
2022,2,presidente,AP,,2022-10-31T01:51:55.000Z,,0.9983,13,LULA,PT,189670,,,,,
2022,2,presidente,AP,,2022-10-31T01:53:49.000Z,,0.9983,22,JAIR BOLSONARO,PL,200339,,,,,
2022,2,presidente,AP,,2022-10-31T01:53:49.000Z,,0.9983,13,LULA,PT,189670,,,,,
2022,2,presidente,AP,,2022-10-31T01:56:03.000Z,,1,22,JAIR BOLSONARO,PL,200547,,,,,
2022,2,presidente,AP,,2022-10-31T01:56:03.000Z,,1,13,LULA,PT,189918,,,,,
2022,2,presidente,BA,,2022-10-30T20:08:29.000Z,,0.0001,22,JAIR BOLSONARO,PL,144,,,,,
2022,2,presidente,BA,,2022-10-30T20:08:29.000Z,,0.0001,13,LULA,PT,380,,,,,
2022,2,presidente,BA,,2022-10-30T20:09:41.000Z,,0.0001,22,JAIR BOLSONARO,PL,172,,,,,
2022,2,presidente,BA,,2022-10-30T20:09:41.000Z,,0.0001,13,LULA,PT,495,,,,,
2022,2,presidente,BA,,2022-10-30T20:10:53.000Z,,0.0005,22,JAIR BOLSONARO,PL,1109,,,,,
2022,2,presidente,BA,,2022-10-30T20:10:53.000Z,,0.0005,13,LULA,PT,3081,,,,,
2022,2,presidente,BA,,2022-10-30T20:12:04.000Z,,0.0008,22,JAIR BOLSONARO,PL,1647,,,,,
2022,2,presidente,BA,,2022-10-30T20:12:04.000Z,,0.0008,13,LULA,PT,4593,,,,,
2022,2,presidente,BA,,2022-10-30T20:13:10.000Z,,0.0008,22,JAIR BOLSONARO,PL,1795,,,,,
2022,2,presidente,BA,,2022-10-30T20:13:10.000Z,,0.0008,13,LULA,PT,5033,,,,,
2022,2,presidente,BA,,2022-10-30T20:14:22.000Z,,0.0009,22,JAIR BOLSONARO,PL,1854,,,,,
2022,2,presidente,BA,,2022-10-30T20:14:22.000Z,,0.0009,13,LULA,PT,5326,,,,,
2022,2,presidente,BA,,2022-10-30T20:15:32.000Z,,0.001,22,JAIR BOLSONARO,PL,1969,,,,,
2022,2,presidente,BA,,2022-10-30T20:15:32.000Z,,0.001,13,LULA,PT,5681,,,,,
2022,2,presidente,BA,,2022-10-30T20:16:39.000Z,,0.0016,22,JAIR BOLSONARO,PL,3484,,,,,
2022,2,presidente,BA,,2022-10-30T20:16:39.000Z,,0.0016,13,LULA,PT,10290,,,,,
2022,2,presidente,BA,,2022-10-30T20:17:45.000Z,,0.0025,22,JAIR BOLSONARO,PL,5228,,,,,
2022,2,presidente,BA,,2022-10-30T20:17:45.000Z,,0.0025,13,LULA,PT,15866,,,,,
2022,2,presidente,BA,,2022-10-30T20:18:57.000Z,,0.0025,22,JAIR BOLSONARO,PL,5228,,,,,
2022,2,presidente,BA,,2022-10-30T20:18:57.000Z,,0.0025,13,LULA,PT,15866,,,,,
2022,2,presidente,BA,,2022-10-30T20:20:08.000Z,,0.0034,22,JAIR BOLSONARO,PL,7470,,,,,
2022,2,presidente,BA,,2022-10-30T20:20:08.000Z,,0.0034,13,LULA,PT,20987,,,,,
2022,2,presidente,BA,,2022-10-30T20:21:18.000Z,,0.0085,22,JAIR BOLSONARO,PL,20012,,,,,
2022,2,presidente,BA,,2022-10-30T20:21:18.000Z,,0.0085,13,LULA,PT,54243,,,,,
2022,2,presidente,BA,,2022-10-30T20:22:34.000Z,,0.0116,22,JAIR BOLSONARO,PL,27362,,,,,
2022,2,presidente,BA,,2022-10-30T20:22:34.000Z,,0.0116,13,LULA,PT,73849,,,,,
2022,2,presidente,BA,,2022-10-30T20:23:44.000Z,,0.0145,22,JAIR BOLSONARO,PL,33833,,,,,
2022,2,presidente,BA,,2022-10-30T20:23:44.000Z,,0.0145,13,LULA,PT,91768,,,,,
2022,2,presidente,BA,,2022-10-30T20:25:07.000Z,,0.0175,22,JAIR BOLSONARO,PL,40895,,,,,
2022,2,presidente,BA,,2022-10-30T20:25:07.000Z,,0.0175,13,LULA,PT,110529,,,,,
2022,2,presidente,BA,,2022-10-30T20:26:13.000Z,,0.0208,22,JAIR BOLSONARO,PL,48520,,,,,
2022,2,presidente,BA,,2022-10-30T20:26:13.000Z,,0.0208,13,LULA,PT,131264,,,,,
2022,2,presidente,BA,,2022-10-30T20:27:20.000Z,,0.0303,22,JAIR BOLSONARO,PL,71127,,,,,
2022,2,presidente,BA,,2022-10-30T20:27:20.000Z,,0.0303,13,LULA,PT,192483,,,,,
2022,2,presidente,BA,,2022-10-30T20:28:26.000Z,,0.0303,22,JAIR BOLSONARO,PL,71127,,,,,
2022,2,presidente,BA,,2022-10-30T20:28:26.000Z,,0.0303,13,LULA,PT,192483,,,,,
2022,2,presidente,BA,,2022-10-30T20:29:36.000Z,,0.0358,22,JAIR BOLSONARO,PL,84370,,,,,
2022,2,presidente,BA,,2022-10-30T20:29:36.000Z,,0.0358,13,LULA,PT,230267,,,,,
2022,2,presidente,BA,,2022-10-30T20:30:44.000Z,,0.045,22,JAIR BOLSONARO,PL,107895,,,,,
2022,2,presidente,BA,,2022-10-30T20:30:44.000Z,,0.045,13,LULA,PT,289300,,,,,
2022,2,presidente,BA,,2022-10-30T20:32:00.000Z,,0.0497,22,JAIR BOLSONARO,PL,119973,,,,,
2022,2,presidente,BA,,2022-10-30T20:32:00.000Z,,0.0497,13,LULA,PT,319415,,,,,
2022,2,presidente,BA,,2022-10-30T20:33:17.000Z,,0.0569,22,JAIR BOLSONARO,PL,137874,,,,,
2022,2,presidente,BA,,2022-10-30T20:33:17.000Z,,0.0569,13,LULA,PT,364968,,,,,
2022,2,presidente,BA,,2022-10-30T20:34:24.000Z,,0.063,22,JAIR BOLSONARO,PL,154469,,,,,
2022,2,presidente,BA,,2022-10-30T20:34:24.000Z,,0.063,13,LULA,PT,405362,,,,,
2022,2,presidente,BA,,2022-10-30T20:35:41.000Z,,0.0677,22,JAIR BOLSONARO,PL,165746,,,,,
2022,2,presidente,BA,,2022-10-30T20:35:41.000Z,,0.0677,13,LULA,PT,435483,,,,,
2022,2,presidente,BA,,2022-10-30T20:36:50.000Z,,0.0779,22,JAIR BOLSONARO,PL,188941,,,,,
2022,2,presidente,BA,,2022-10-30T20:36:50.000Z,,0.0779,13,LULA,PT,500901,,,,,
2022,2,presidente,BA,,2022-10-30T20:37:57.000Z,,0.0779,22,JAIR BOLSONARO,PL,188941,,,,,
2022,2,presidente,BA,,2022-10-30T20:37:57.000Z,,0.0779,13,LULA,PT,500901,,,,,
2022,2,presidente,BA,,2022-10-30T20:39:08.000Z,,0.0832,22,JAIR BOLSONARO,PL,201093,,,,,
2022,2,presidente,BA,,2022-10-30T20:39:08.000Z,,0.0832,13,LULA,PT,536766,,,,,
2022,2,presidente,BA,,2022-10-30T20:40:14.000Z,,0.0887,22,JAIR BOLSONARO,PL,214482,,,,,
2022,2,presidente,BA,,2022-10-30T20:40:14.000Z,,0.0887,13,LULA,PT,571575,,,,,
2022,2,presidente,BA,,2022-10-30T20:41:25.000Z,,0.0998,22,JAIR BOLSONARO,PL,241993,,,,,
2022,2,presidente,BA,,2022-10-30T20:41:25.000Z,,0.0998,13,LULA,PT,639914,,,,,
2022,2,presidente,BA,,2022-10-30T20:42:31.000Z,,0.105,22,JAIR BOLSONARO,PL,253350,,,,,
2022,2,presidente,BA,,2022-10-30T20:42:31.000Z,,0.105,13,LULA,PT,672291,,,,,
2022,2,presidente,BA,,2022-10-30T20:43:38.000Z,,0.1111,22,JAIR BOLSONARO,PL,265922,,,,,
2022,2,presidente,BA,,2022-10-30T20:43:38.000Z,,0.1111,13,LULA,PT,709529,,,,,
2022,2,presidente,BA,,2022-10-30T20:44:52.000Z,,0.1111,22,JAIR BOLSONARO,PL,265922,,,,,
2022,2,presidente,BA,,2022-10-30T20:44:52.000Z,,0.1111,13,LULA,PT,709529,,,,,
2022,2,presidente,BA,,2022-10-30T20:46:03.000Z,,0.1229,22,JAIR BOLSONARO,PL,292898,,,,,
2022,2,presidente,BA,,2022-10-30T20:46:03.000Z,,0.1229,13,LULA,PT,784923,,,,,
2022,2,presidente,BA,,2022-10-30T20:47:14.000Z,,0.1316,22,JAIR BOLSONARO,PL,314720,,,,,
2022,2,presidente,BA,,2022-10-30T20:47:14.000Z,,0.1316,13,LULA,PT,838849,,,,,
2022,2,presidente,BA,,2022-10-30T20:48:48.000Z,,0.1436,22,JAIR BOLSONARO,PL,343736,,,,,
2022,2,presidente,BA,,2022-10-30T20:48:48.000Z,,0.1436,13,LULA,PT,912920,,,,,
2022,2,presidente,BA,,2022-10-30T20:50:03.000Z,,0.1507,22,JAIR BOLSONARO,PL,361700,,,,,
2022,2,presidente,BA,,2022-10-30T20:50:03.000Z,,0.1507,13,LULA,PT,957612,,,,,
2022,2,presidente,BA,,2022-10-30T20:51:15.000Z,,0.1567,22,JAIR BOLSONARO,PL,377576,,,,,
2022,2,presidente,BA,,2022-10-30T20:51:15.000Z,,0.1567,13,LULA,PT,995443,,,,,
2022,2,presidente,BA,,2022-10-30T20:52:29.000Z,,0.165,22,JAIR BOLSONARO,PL,398030,,,,,
2022,2,presidente,BA,,2022-10-30T20:52:29.000Z,,0.165,13,LULA,PT,1047232,,,,,
2022,2,presidente,BA,,2022-10-30T20:53:46.000Z,,0.1736,22,JAIR BOLSONARO,PL,418747,,,,,
2022,2,presidente,BA,,2022-10-30T20:53:46.000Z,,0.1736,13,LULA,PT,1103105,,,,,
2022,2,presidente,BA,,2022-10-30T20:55:04.000Z,,0.1889,22,JAIR BOLSONARO,PL,456816,,,,,
2022,2,presidente,BA,,2022-10-30T20:55:04.000Z,,0.1889,13,LULA,PT,1199476,,,,,
2022,2,presidente,BA,,2022-10-30T20:56:25.000Z,,0.1889,22,JAIR BOLSONARO,PL,456816,,,,,
2022,2,presidente,BA,,2022-10-30T20:56:25.000Z,,0.1889,13,LULA,PT,1199476,,,,,
2022,2,presidente,BA,,2022-10-30T20:57:49.000Z,,0.2054,22,JAIR BOLSONARO,PL,496381,,,,,
2022,2,presidente,BA,,2022-10-30T20:57:49.000Z,,0.2054,13,LULA,PT,1294688,,,,,
2022,2,presidente,BA,,2022-10-30T20:59:12.000Z,,0.2167,22,JAIR BOLSONARO,PL,523354,,,,,
2022,2,presidente,BA,,2022-10-30T20:59:12.000Z,,0.2167,13,LULA,PT,1363710,,,,,
2022,2,presidente,BA,,2022-10-30T21:00:24.000Z,,0.2266,22,JAIR BOLSONARO,PL,547146,,,,,
2022,2,presidente,BA,,2022-10-30T21:00:24.000Z,,0.2266,13,LULA,PT,1424701,,,,,
2022,2,presidente,BA,,2022-10-30T21:01:54.000Z,,0.2449,22,JAIR BOLSONARO,PL,591048,,,,,
2022,2,presidente,BA,,2022-10-30T21:01:54.000Z,,0.2449,13,LULA,PT,1538448,,,,,
2022,2,presidente,BA,,2022-10-30T21:03:18.000Z,,0.2515,22,JAIR BOLSONARO,PL,605357,,,,,
2022,2,presidente,BA,,2022-10-30T21:03:18.000Z,,0.2515,13,LULA,PT,1579386,,,,,
2022,2,presidente,BA,,2022-10-30T21:04:31.000Z,,0.2596,22,JAIR BOLSONARO,PL,624255,,,,,
2022,2,presidente,BA,,2022-10-30T21:04:31.000Z,,0.2596,13,LULA,PT,1630580,,,,,
2022,2,presidente,BA,,2022-10-30T21:05:38.000Z,,0.2671,22,JAIR BOLSONARO,PL,643481,,,,,
2022,2,presidente,BA,,2022-10-30T21:05:38.000Z,,0.2671,13,LULA,PT,1674054,,,,,
2022,2,presidente,BA,,2022-10-30T21:06:57.000Z,,0.2848,22,JAIR BOLSONARO,PL,684914,,,,,
2022,2,presidente,BA,,2022-10-30T21:06:57.000Z,,0.2848,13,LULA,PT,1781307,,,,,
2022,2,presidente,BA,,2022-10-30T21:08:15.000Z,,0.2848,22,JAIR BOLSONARO,PL,684914,,,,,
2022,2,presidente,BA,,2022-10-30T21:08:15.000Z,,0.2848,13,LULA,PT,1781307,,,,,
2022,2,presidente,BA,,2022-10-30T21:09:36.000Z,,0.3021,22,JAIR BOLSONARO,PL,726823,,,,,
2022,2,presidente,BA,,2022-10-30T21:09:36.000Z,,0.3021,13,LULA,PT,1890643,,,,,
2022,2,presidente,BA,,2022-10-30T21:10:52.000Z,,0.3099,22,JAIR BOLSONARO,PL,746691,,,,,
2022,2,presidente,BA,,2022-10-30T21:10:52.000Z,,0.3099,13,LULA,PT,1941323,,,,,
2022,2,presidente,BA,,2022-10-30T21:12:16.000Z,,0.3191,22,JAIR BOLSONARO,PL,769326,,,,,
2022,2,presidente,BA,,2022-10-30T21:12:16.000Z,,0.3191,13,LULA,PT,1998255,,,,,
2022,2,presidente,BA,,2022-10-30T21:13:31.000Z,,0.3285,22,JAIR BOLSONARO,PL,791941,,,,,
2022,2,presidente,BA,,2022-10-30T21:13:31.000Z,,0.3285,13,LULA,PT,2054482,,,,,
2022,2,presidente,BA,,2022-10-30T21:14:40.000Z,,0.3481,22,JAIR BOLSONARO,PL,839370,,,,,
2022,2,presidente,BA,,2022-10-30T21:14:40.000Z,,0.3481,13,LULA,PT,2165579,,,,,
2022,2,presidente,BA,,2022-10-30T21:16:08.000Z,,0.3587,22,JAIR BOLSONARO,PL,865000,,,,,
2022,2,presidente,BA,,2022-10-30T21:16:08.000Z,,0.3587,13,LULA,PT,2228478,,,,,
2022,2,presidente,BA,,2022-10-30T21:17:28.000Z,,0.3679,22,JAIR BOLSONARO,PL,886951,,,,,
2022,2,presidente,BA,,2022-10-30T21:17:28.000Z,,0.3679,13,LULA,PT,2284284,,,,,
2022,2,presidente,BA,,2022-10-30T21:18:56.000Z,,0.3774,22,JAIR BOLSONARO,PL,911101,,,,,
2022,2,presidente,BA,,2022-10-30T21:18:56.000Z,,0.3774,13,LULA,PT,2344557,,,,,
2022,2,presidente,BA,,2022-10-30T21:20:19.000Z,,0.3986,22,JAIR BOLSONARO,PL,969592,,,,,
2022,2,presidente,BA,,2022-10-30T21:20:19.000Z,,0.3986,13,LULA,PT,2470166,,,,,
2022,2,presidente,BA,,2022-10-30T21:21:40.000Z,,0.4107,22,JAIR BOLSONARO,PL,1002607,,,,,
2022,2,presidente,BA,,2022-10-30T21:21:40.000Z,,0.4107,13,LULA,PT,2543922,,,,,
2022,2,presidente,BA,,2022-10-30T21:23:05.000Z,,0.421,22,JAIR BOLSONARO,PL,1027880,,,,,
2022,2,presidente,BA,,2022-10-30T21:23:05.000Z,,0.421,13,LULA,PT,2607484,,,,,
2022,2,presidente,BA,,2022-10-30T21:24:28.000Z,,0.4325,22,JAIR BOLSONARO,PL,1057122,,,,,
2022,2,presidente,BA,,2022-10-30T21:24:28.000Z,,0.4325,13,LULA,PT,2676645,,,,,
2022,2,presidente,BA,,2022-10-30T21:25:53.000Z,,0.4433,22,JAIR BOLSONARO,PL,1087835,,,,,
2022,2,presidente,BA,,2022-10-30T21:25:53.000Z,,0.4433,13,LULA,PT,2745353,,,,,
2022,2,presidente,BA,,2022-10-30T21:27:25.000Z,,0.4705,22,JAIR BOLSONARO,PL,1157213,,,,,
2022,2,presidente,BA,,2022-10-30T21:27:25.000Z,,0.4705,13,LULA,PT,2908118,,,,,
2022,2,presidente,BA,,2022-10-30T21:28:45.000Z,,0.4835,22,JAIR BOLSONARO,PL,1191596,,,,,
2022,2,presidente,BA,,2022-10-30T21:28:45.000Z,,0.4835,13,LULA,PT,2986652,,,,,
2022,2,presidente,BA,,2022-10-30T21:30:07.000Z,,0.5102,22,JAIR BOLSONARO,PL,1252863,,,,,
2022,2,presidente,BA,,2022-10-30T21:30:07.000Z,,0.5102,13,LULA,PT,3150807,,,,,
2022,2,presidente,BA,,2022-10-30T21:31:39.000Z,,0.5231,22,JAIR BOLSONARO,PL,1283296,,,,,
2022,2,presidente,BA,,2022-10-30T21:31:39.000Z,,0.5231,13,LULA,PT,3226695,,,,,
2022,2,presidente,BA,,2022-10-30T21:33:05.000Z,,0.534,22,JAIR BOLSONARO,PL,1310551,,,,,
2022,2,presidente,BA,,2022-10-30T21:33:05.000Z,,0.534,13,LULA,PT,3291367,,,,,
2022,2,presidente,BA,,2022-10-30T21:34:24.000Z,,0.5454,22,JAIR BOLSONARO,PL,1338429,,,,,
2022,2,presidente,BA,,2022-10-30T21:34:24.000Z,,0.5454,13,LULA,PT,3358726,,,,,
2022,2,presidente,BA,,2022-10-30T21:35:46.000Z,,0.5698,22,JAIR BOLSONARO,PL,1389252,,,,,
2022,2,presidente,BA,,2022-10-30T21:35:46.000Z,,0.5698,13,LULA,PT,3508016,,,,,
2022,2,presidente,BA,,2022-10-30T21:37:04.000Z,,0.5796,22,JAIR BOLSONARO,PL,1411153,,,,,
2022,2,presidente,BA,,2022-10-30T21:37:04.000Z,,0.5796,13,LULA,PT,3566791,,,,,
2022,2,presidente,BA,,2022-10-30T21:38:36.000Z,,0.5932,22,JAIR BOLSONARO,PL,1443850,,,,,
2022,2,presidente,BA,,2022-10-30T21:38:36.000Z,,0.5932,13,LULA,PT,3646264,,,,,
2022,2,presidente,BA,,2022-10-30T21:40:06.000Z,,0.6158,22,JAIR BOLSONARO,PL,1498148,,,,,
2022,2,presidente,BA,,2022-10-30T21:40:06.000Z,,0.6158,13,LULA,PT,3784986,,,,,
2022,2,presidente,BA,,2022-10-30T21:41:37.000Z,,0.6275,22,JAIR BOLSONARO,PL,1525447,,,,,
2022,2,presidente,BA,,2022-10-30T21:41:37.000Z,,0.6275,13,LULA,PT,3854994,,,,,
2022,2,presidente,BA,,2022-10-30T21:43:00.000Z,,0.6392,22,JAIR BOLSONARO,PL,1553804,,,,,
2022,2,presidente,BA,,2022-10-30T21:43:00.000Z,,0.6392,13,LULA,PT,3926129,,,,,
2022,2,presidente,BA,,2022-10-30T21:44:19.000Z,,0.6534,22,JAIR BOLSONARO,PL,1588071,,,,,
2022,2,presidente,BA,,2022-10-30T21:44:19.000Z,,0.6534,13,LULA,PT,4011208,,,,,
2022,2,presidente,BA,,2022-10-30T21:45:40.000Z,,0.6712,22,JAIR BOLSONARO,PL,1628627,,,,,
2022,2,presidente,BA,,2022-10-30T21:45:40.000Z,,0.6712,13,LULA,PT,4118731,,,,,
2022,2,presidente,BA,,2022-10-30T21:47:00.000Z,,0.6869,22,JAIR BOLSONARO,PL,1667345,,,,,
2022,2,presidente,BA,,2022-10-30T21:47:00.000Z,,0.6869,13,LULA,PT,4212516,,,,,
2022,2,presidente,BA,,2022-10-30T21:48:21.000Z,,0.6994,22,JAIR BOLSONARO,PL,1695342,,,,,
2022,2,presidente,BA,,2022-10-30T21:48:21.000Z,,0.6994,13,LULA,PT,4288147,,,,,
2022,2,presidente,BA,,2022-10-30T21:49:59.000Z,,0.7219,22,JAIR BOLSONARO,PL,1744552,,,,,
2022,2,presidente,BA,,2022-10-30T21:49:59.000Z,,0.7219,13,LULA,PT,4426540,,,,,
2022,2,presidente,BA,,2022-10-30T21:51:35.000Z,,0.7293,22,JAIR BOLSONARO,PL,1762577,,,,,
2022,2,presidente,BA,,2022-10-30T21:51:35.000Z,,0.7293,13,LULA,PT,4474256,,,,,
2022,2,presidente,BA,,2022-10-30T21:53:09.000Z,,0.7397,22,JAIR BOLSONARO,PL,1788223,,,,,
2022,2,presidente,BA,,2022-10-30T21:53:09.000Z,,0.7397,13,LULA,PT,4538004,,,,,
2022,2,presidente,BA,,2022-10-30T21:54:35.000Z,,0.7665,22,JAIR BOLSONARO,PL,1852878,,,,,
2022,2,presidente,BA,,2022-10-30T21:54:35.000Z,,0.7665,13,LULA,PT,4699951,,,,,
2022,2,presidente,BA,,2022-10-30T21:56:05.000Z,,0.7781,22,JAIR BOLSONARO,PL,1879013,,,,,
2022,2,presidente,BA,,2022-10-30T21:56:05.000Z,,0.7781,13,LULA,PT,4772483,,,,,
2022,2,presidente,BA,,2022-10-30T21:57:33.000Z,,0.7892,22,JAIR BOLSONARO,PL,1905480,,,,,
2022,2,presidente,BA,,2022-10-30T21:57:33.000Z,,0.7892,13,LULA,PT,4839482,,,,,
2022,2,presidente,BA,,2022-10-30T21:59:10.000Z,,0.8128,22,JAIR BOLSONARO,PL,1961626,,,,,
2022,2,presidente,BA,,2022-10-30T21:59:10.000Z,,0.8128,13,LULA,PT,4980391,,,,,
2022,2,presidente,BA,,2022-10-30T22:02:12.000Z,,0.8429,22,JAIR BOLSONARO,PL,2031748,,,,,
2022,2,presidente,BA,,2022-10-30T22:02:12.000Z,,0.8429,13,LULA,PT,5157410,,,,,
2022,2,presidente,BA,,2022-10-30T22:03:35.000Z,,0.8525,22,JAIR BOLSONARO,PL,2053445,,,,,
2022,2,presidente,BA,,2022-10-30T22:03:35.000Z,,0.8525,13,LULA,PT,5214727,,,,,
2022,2,presidente,BA,,2022-10-30T22:05:02.000Z,,0.8605,22,JAIR BOLSONARO,PL,2071447,,,,,
2022,2,presidente,BA,,2022-10-30T22:05:02.000Z,,0.8605,13,LULA,PT,5261927,,,,,
2022,2,presidente,BA,,2022-10-30T22:06:22.000Z,,0.8698,22,JAIR BOLSONARO,PL,2090410,,,,,
2022,2,presidente,BA,,2022-10-30T22:06:22.000Z,,0.8698,13,LULA,PT,5315901,,,,,
2022,2,presidente,BA,,2022-10-30T22:07:53.000Z,,0.8851,22,JAIR BOLSONARO,PL,2124222,,,,,
2022,2,presidente,BA,,2022-10-30T22:07:53.000Z,,0.8851,13,LULA,PT,5405783,,,,,
2022,2,presidente,BA,,2022-10-30T22:09:16.000Z,,0.8897,22,JAIR BOLSONARO,PL,2136245,,,,,
2022,2,presidente,BA,,2022-10-30T22:09:16.000Z,,0.8897,13,LULA,PT,5434151,,,,,
2022,2,presidente,BA,,2022-10-30T22:10:43.000Z,,0.8952,22,JAIR BOLSONARO,PL,2148064,,,,,
2022,2,presidente,BA,,2022-10-30T22:10:43.000Z,,0.8952,13,LULA,PT,5466030,,,,,
2022,2,presidente,BA,,2022-10-30T22:12:30.000Z,,0.905,22,JAIR BOLSONARO,PL,2170084,,,,,
2022,2,presidente,BA,,2022-10-30T22:12:30.000Z,,0.905,13,LULA,PT,5526033,,,,,
2022,2,presidente,BA,,2022-10-30T22:14:13.000Z,,0.9094,22,JAIR BOLSONARO,PL,2179841,,,,,
2022,2,presidente,BA,,2022-10-30T22:14:13.000Z,,0.9094,13,LULA,PT,5552855,,,,,
2022,2,presidente,BA,,2022-10-30T22:15:52.000Z,,0.9205,22,JAIR BOLSONARO,PL,2204025,,,,,
2022,2,presidente,BA,,2022-10-30T22:15:52.000Z,,0.9205,13,LULA,PT,5620159,,,,,
2022,2,presidente,BA,,2022-10-30T22:17:35.000Z,,0.9274,22,JAIR BOLSONARO,PL,2220124,,,,,
2022,2,presidente,BA,,2022-10-30T22:17:35.000Z,,0.9274,13,LULA,PT,5660801,,,,,
2022,2,presidente,BA,,2022-10-30T22:19:09.000Z,,0.9306,22,JAIR BOLSONARO,PL,2226646,,,,,
2022,2,presidente,BA,,2022-10-30T22:19:09.000Z,,0.9306,13,LULA,PT,5678996,,,,,
2022,2,presidente,BA,,2022-10-30T22:20:53.000Z,,0.9322,22,JAIR BOLSONARO,PL,2228902,,,,,
2022,2,presidente,BA,,2022-10-30T22:20:53.000Z,,0.9322,13,LULA,PT,5687849,,,,,
2022,2,presidente,BA,,2022-10-30T22:22:27.000Z,,0.9398,22,JAIR BOLSONARO,PL,2246052,,,,,
2022,2,presidente,BA,,2022-10-30T22:22:27.000Z,,0.9398,13,LULA,PT,5733498,,,,,
2022,2,presidente,BA,,2022-10-30T22:23:57.000Z,,0.9432,22,JAIR BOLSONARO,PL,2253228,,,,,
2022,2,presidente,BA,,2022-10-30T22:23:57.000Z,,0.9432,13,LULA,PT,5754642,,,,,
2022,2,presidente,BA,,2022-10-30T22:25:44.000Z,,0.9463,22,JAIR BOLSONARO,PL,2259603,,,,,
2022,2,presidente,BA,,2022-10-30T22:25:44.000Z,,0.9463,13,LULA,PT,5774564,,,,,
2022,2,presidente,BA,,2022-10-30T22:27:33.000Z,,0.9555,22,JAIR BOLSONARO,PL,2278222,,,,,
2022,2,presidente,BA,,2022-10-30T22:27:33.000Z,,0.9555,13,LULA,PT,5831348,,,,,
2022,2,presidente,BA,,2022-10-30T22:29:11.000Z,,0.9608,22,JAIR BOLSONARO,PL,2287426,,,,,
2022,2,presidente,BA,,2022-10-30T22:29:11.000Z,,0.9608,13,LULA,PT,5864361,,,,,
2022,2,presidente,BA,,2022-10-30T22:30:59.000Z,,0.9628,22,JAIR BOLSONARO,PL,2290866,,,,,
2022,2,presidente,BA,,2022-10-30T22:30:59.000Z,,0.9628,13,LULA,PT,5876846,,,,,
2022,2,presidente,BA,,2022-10-30T22:32:36.000Z,,0.9634,22,JAIR BOLSONARO,PL,2291822,,,,,
2022,2,presidente,BA,,2022-10-30T22:32:36.000Z,,0.9634,13,LULA,PT,5879863,,,,,
2022,2,presidente,BA,,2022-10-30T22:34:20.000Z,,0.9647,22,JAIR BOLSONARO,PL,2294500,,,,,
2022,2,presidente,BA,,2022-10-30T22:34:20.000Z,,0.9647,13,LULA,PT,5886011,,,,,
2022,2,presidente,BA,,2022-10-30T22:36:06.000Z,,0.9665,22,JAIR BOLSONARO,PL,2297771,,,,,
2022,2,presidente,BA,,2022-10-30T22:36:06.000Z,,0.9665,13,LULA,PT,5897368,,,,,
2022,2,presidente,BA,,2022-10-30T22:38:16.000Z,,0.9688,22,JAIR BOLSONARO,PL,2301684,,,,,
2022,2,presidente,BA,,2022-10-30T22:38:16.000Z,,0.9688,13,LULA,PT,5910370,,,,,
2022,2,presidente,BA,,2022-10-30T22:39:47.000Z,,0.9738,22,JAIR BOLSONARO,PL,2313177,,,,,
2022,2,presidente,BA,,2022-10-30T22:39:47.000Z,,0.9738,13,LULA,PT,5943464,,,,,
2022,2,presidente,BA,,2022-10-30T22:41:33.000Z,,0.9752,22,JAIR BOLSONARO,PL,2315614,,,,,
2022,2,presidente,BA,,2022-10-30T22:41:33.000Z,,0.9752,13,LULA,PT,5951588,,,,,
2022,2,presidente,BA,,2022-10-30T22:43:08.000Z,,0.9772,22,JAIR BOLSONARO,PL,2318260,,,,,
2022,2,presidente,BA,,2022-10-30T22:43:08.000Z,,0.9772,13,LULA,PT,5962232,,,,,
2022,2,presidente,BA,,2022-10-30T22:44:44.000Z,,0.9785,22,JAIR BOLSONARO,PL,2320604,,,,,
2022,2,presidente,BA,,2022-10-30T22:44:44.000Z,,0.9785,13,LULA,PT,5970480,,,,,
2022,2,presidente,BA,,2022-10-30T22:46:40.000Z,,0.98,22,JAIR BOLSONARO,PL,2324192,,,,,
2022,2,presidente,BA,,2022-10-30T22:46:40.000Z,,0.98,13,LULA,PT,5981838,,,,,
2022,2,presidente,BA,,2022-10-30T22:48:21.000Z,,0.9813,22,JAIR BOLSONARO,PL,2326230,,,,,
2022,2,presidente,BA,,2022-10-30T22:48:21.000Z,,0.9813,13,LULA,PT,5988942,,,,,
2022,2,presidente,BA,,2022-10-30T22:49:57.000Z,,0.9813,22,JAIR BOLSONARO,PL,2326274,,,,,
2022,2,presidente,BA,,2022-10-30T22:49:57.000Z,,0.9813,13,LULA,PT,5989099,,,,,
2022,2,presidente,BA,,2022-10-30T22:51:52.000Z,,0.9843,22,JAIR BOLSONARO,PL,2330172,,,,,
2022,2,presidente,BA,,2022-10-30T22:51:52.000Z,,0.9843,13,LULA,PT,6006630,,,,,
2022,2,presidente,BA,,2022-10-30T22:53:25.000Z,,0.9855,22,JAIR BOLSONARO,PL,2332528,,,,,
2022,2,presidente,BA,,2022-10-30T22:53:25.000Z,,0.9855,13,LULA,PT,6014354,,,,,
2022,2,presidente,BA,,2022-10-30T22:55:00.000Z,,0.9864,22,JAIR BOLSONARO,PL,2334068,,,,,
2022,2,presidente,BA,,2022-10-30T22:55:00.000Z,,0.9864,13,LULA,PT,6020143,,,,,
2022,2,presidente,BA,,2022-10-30T22:56:42.000Z,,0.9866,22,JAIR BOLSONARO,PL,2334388,,,,,
2022,2,presidente,BA,,2022-10-30T22:56:42.000Z,,0.9866,13,LULA,PT,6021127,,,,,
2022,2,presidente,BA,,2022-10-30T22:58:20.000Z,,0.9877,22,JAIR BOLSONARO,PL,2336172,,,,,
2022,2,presidente,BA,,2022-10-30T22:58:20.000Z,,0.9877,13,LULA,PT,6027835,,,,,
2022,2,presidente,BA,,2022-10-30T23:00:27.000Z,,0.9891,22,JAIR BOLSONARO,PL,2338715,,,,,
2022,2,presidente,BA,,2022-10-30T23:00:27.000Z,,0.9891,13,LULA,PT,6036404,,,,,
2022,2,presidente,BA,,2022-10-30T23:02:46.000Z,,0.9905,22,JAIR BOLSONARO,PL,2341128,,,,,
2022,2,presidente,BA,,2022-10-30T23:02:46.000Z,,0.9905,13,LULA,PT,6045271,,,,,
2022,2,presidente,BA,,2022-10-30T23:04:39.000Z,,0.9913,22,JAIR BOLSONARO,PL,2342141,,,,,
2022,2,presidente,BA,,2022-10-30T23:04:39.000Z,,0.9913,13,LULA,PT,6050264,,,,,
2022,2,presidente,BA,,2022-10-30T23:06:35.000Z,,0.9924,22,JAIR BOLSONARO,PL,2343446,,,,,
2022,2,presidente,BA,,2022-10-30T23:06:35.000Z,,0.9924,13,LULA,PT,6055531,,,,,
2022,2,presidente,BA,,2022-10-30T23:08:14.000Z,,0.9931,22,JAIR BOLSONARO,PL,2344251,,,,,
2022,2,presidente,BA,,2022-10-30T23:08:14.000Z,,0.9931,13,LULA,PT,6060206,,,,,
2022,2,presidente,BA,,2022-10-30T23:09:59.000Z,,0.9935,22,JAIR BOLSONARO,PL,2344734,,,,,
2022,2,presidente,BA,,2022-10-30T23:09:59.000Z,,0.9935,13,LULA,PT,6062445,,,,,
2022,2,presidente,BA,,2022-10-30T23:11:55.000Z,,0.9946,22,JAIR BOLSONARO,PL,2346887,,,,,
2022,2,presidente,BA,,2022-10-30T23:11:55.000Z,,0.9946,13,LULA,PT,6067517,,,,,
2022,2,presidente,BA,,2022-10-30T23:13:58.000Z,,0.9952,22,JAIR BOLSONARO,PL,2348281,,,,,
2022,2,presidente,BA,,2022-10-30T23:13:58.000Z,,0.9952,13,LULA,PT,6070922,,,,,
2022,2,presidente,BA,,2022-10-30T23:16:05.000Z,,0.9959,22,JAIR BOLSONARO,PL,2349464,,,,,
2022,2,presidente,BA,,2022-10-30T23:16:05.000Z,,0.9959,13,LULA,PT,6075157,,,,,
2022,2,presidente,BA,,2022-10-30T23:18:40.000Z,,0.9963,22,JAIR BOLSONARO,PL,2350010,,,,,
2022,2,presidente,BA,,2022-10-30T23:18:40.000Z,,0.9963,13,LULA,PT,6077138,,,,,
2022,2,presidente,BA,,2022-10-30T23:20:47.000Z,,0.9963,22,JAIR BOLSONARO,PL,2350035,,,,,
2022,2,presidente,BA,,2022-10-30T23:20:47.000Z,,0.9963,13,LULA,PT,6077258,,,,,
2022,2,presidente,BA,,2022-10-30T23:22:07.000Z,,0.9965,22,JAIR BOLSONARO,PL,2350598,,,,,
2022,2,presidente,BA,,2022-10-30T23:22:07.000Z,,0.9965,13,LULA,PT,6078567,,,,,
2022,2,presidente,BA,,2022-10-30T23:23:45.000Z,,0.9967,22,JAIR BOLSONARO,PL,2351070,,,,,
2022,2,presidente,BA,,2022-10-30T23:23:45.000Z,,0.9967,13,LULA,PT,6079224,,,,,
2022,2,presidente,BA,,2022-10-30T23:25:08.000Z,,0.997,22,JAIR BOLSONARO,PL,2351639,,,,,
2022,2,presidente,BA,,2022-10-30T23:25:08.000Z,,0.997,13,LULA,PT,6080997,,,,,
2022,2,presidente,BA,,2022-10-30T23:26:47.000Z,,0.9971,22,JAIR BOLSONARO,PL,2351699,,,,,
2022,2,presidente,BA,,2022-10-30T23:26:47.000Z,,0.9971,13,LULA,PT,6081221,,,,,
2022,2,presidente,BA,,2022-10-30T23:28:15.000Z,,0.9979,22,JAIR BOLSONARO,PL,2353040,,,,,
2022,2,presidente,BA,,2022-10-30T23:28:15.000Z,,0.9979,13,LULA,PT,6085255,,,,,
2022,2,presidente,BA,,2022-10-30T23:30:12.000Z,,0.9981,22,JAIR BOLSONARO,PL,2353741,,,,,
2022,2,presidente,BA,,2022-10-30T23:30:12.000Z,,0.9981,13,LULA,PT,6086333,,,,,
2022,2,presidente,BA,,2022-10-30T23:32:03.000Z,,0.9982,22,JAIR BOLSONARO,PL,2353917,,,,,
2022,2,presidente,BA,,2022-10-30T23:32:03.000Z,,0.9982,13,LULA,PT,6087010,,,,,
2022,2,presidente,BA,,2022-10-30T23:33:49.000Z,,0.9982,22,JAIR BOLSONARO,PL,2353964,,,,,
2022,2,presidente,BA,,2022-10-30T23:33:49.000Z,,0.9982,13,LULA,PT,6087144,,,,,
2022,2,presidente,BA,,2022-10-30T23:35:24.000Z,,0.9983,22,JAIR BOLSONARO,PL,2354305,,,,,
2022,2,presidente,BA,,2022-10-30T23:35:24.000Z,,0.9983,13,LULA,PT,6087866,,,,,
2022,2,presidente,BA,,2022-10-30T23:36:57.000Z,,0.9984,22,JAIR BOLSONARO,PL,2354393,,,,,
2022,2,presidente,BA,,2022-10-30T23:36:57.000Z,,0.9984,13,LULA,PT,6088309,,,,,
2022,2,presidente,BA,,2022-10-30T23:39:00.000Z,,0.9988,22,JAIR BOLSONARO,PL,2355220,,,,,
2022,2,presidente,BA,,2022-10-30T23:39:00.000Z,,0.9988,13,LULA,PT,6090363,,,,,
2022,2,presidente,BA,,2022-10-30T23:41:08.000Z,,0.9989,22,JAIR BOLSONARO,PL,2355420,,,,,
2022,2,presidente,BA,,2022-10-30T23:41:08.000Z,,0.9989,13,LULA,PT,6091035,,,,,
2022,2,presidente,BA,,2022-10-30T23:42:55.000Z,,0.999,22,JAIR BOLSONARO,PL,2355466,,,,,
2022,2,presidente,BA,,2022-10-30T23:42:55.000Z,,0.999,13,LULA,PT,6091177,,,,,
2022,2,presidente,BA,,2022-10-30T23:45:13.000Z,,0.999,22,JAIR BOLSONARO,PL,2355568,,,,,
2022,2,presidente,BA,,2022-10-30T23:45:13.000Z,,0.999,13,LULA,PT,6091569,,,,,
2022,2,presidente,BA,,2022-10-30T23:46:54.000Z,,0.999,22,JAIR BOLSONARO,PL,2355612,,,,,
2022,2,presidente,BA,,2022-10-30T23:46:54.000Z,,0.999,13,LULA,PT,6091749,,,,,
2022,2,presidente,BA,,2022-10-30T23:48:44.000Z,,0.9993,22,JAIR BOLSONARO,PL,2356135,,,,,
2022,2,presidente,BA,,2022-10-30T23:48:44.000Z,,0.9993,13,LULA,PT,6093223,,,,,
2022,2,presidente,BA,,2022-10-30T23:50:32.000Z,,0.9993,22,JAIR BOLSONARO,PL,2356135,,,,,
2022,2,presidente,BA,,2022-10-30T23:50:32.000Z,,0.9993,13,LULA,PT,6093223,,,,,
2022,2,presidente,BA,,2022-10-30T23:52:12.000Z,,0.9993,22,JAIR BOLSONARO,PL,2356179,,,,,
2022,2,presidente,BA,,2022-10-30T23:52:12.000Z,,0.9993,13,LULA,PT,6093432,,,,,
2022,2,presidente,BA,,2022-10-30T23:54:16.000Z,,0.9994,22,JAIR BOLSONARO,PL,2356292,,,,,
2022,2,presidente,BA,,2022-10-30T23:54:16.000Z,,0.9994,13,LULA,PT,6093906,,,,,
2022,2,presidente,BA,,2022-10-30T23:56:20.000Z,,0.9994,22,JAIR BOLSONARO,PL,2356292,,,,,
2022,2,presidente,BA,,2022-10-30T23:56:20.000Z,,0.9994,13,LULA,PT,6093906,,,,,
2022,2,presidente,BA,,2022-10-30T23:58:16.000Z,,0.9995,22,JAIR BOLSONARO,PL,2356433,,,,,
2022,2,presidente,BA,,2022-10-30T23:58:16.000Z,,0.9995,13,LULA,PT,6094361,,,,,
2022,2,presidente,BA,,2022-10-31T00:00:09.000Z,,0.9996,22,JAIR BOLSONARO,PL,2356687,,,,,
2022,2,presidente,BA,,2022-10-31T00:00:09.000Z,,0.9996,13,LULA,PT,6095321,,,,,
2022,2,presidente,BA,,2022-10-31T00:01:38.000Z,,0.9996,22,JAIR BOLSONARO,PL,2356687,,,,,
2022,2,presidente,BA,,2022-10-31T00:01:38.000Z,,0.9996,13,LULA,PT,6095321,,,,,
2022,2,presidente,BA,,2022-10-31T00:03:31.000Z,,0.9996,22,JAIR BOLSONARO,PL,2356687,,,,,
2022,2,presidente,BA,,2022-10-31T00:03:31.000Z,,0.9996,13,LULA,PT,6095321,,,,,
2022,2,presidente,BA,,2022-10-31T00:06:27.000Z,,0.9997,22,JAIR BOLSONARO,PL,2356788,,,,,
2022,2,presidente,BA,,2022-10-31T00:06:27.000Z,,0.9997,13,LULA,PT,6096065,,,,,
2022,2,presidente,BA,,2022-10-31T00:08:21.000Z,,0.9998,22,JAIR BOLSONARO,PL,2356825,,,,,
2022,2,presidente,BA,,2022-10-31T00:08:21.000Z,,0.9998,13,LULA,PT,6096249,,,,,
2022,2,presidente,BA,,2022-10-31T00:10:36.000Z,,0.9998,22,JAIR BOLSONARO,PL,2356825,,,,,
2022,2,presidente,BA,,2022-10-31T00:10:36.000Z,,0.9998,13,LULA,PT,6096249,,,,,
2022,2,presidente,BA,,2022-10-31T00:12:58.000Z,,0.9998,22,JAIR BOLSONARO,PL,2356825,,,,,
2022,2,presidente,BA,,2022-10-31T00:12:58.000Z,,0.9998,13,LULA,PT,6096249,,,,,
2022,2,presidente,BA,,2022-10-31T00:15:02.000Z,,0.9998,22,JAIR BOLSONARO,PL,2356825,,,,,
2022,2,presidente,BA,,2022-10-31T00:15:02.000Z,,0.9998,13,LULA,PT,6096249,,,,,
2022,2,presidente,BA,,2022-10-31T00:16:52.000Z,,0.9998,22,JAIR BOLSONARO,PL,2356825,,,,,
2022,2,presidente,BA,,2022-10-31T00:16:52.000Z,,0.9998,13,LULA,PT,6096249,,,,,
2022,2,presidente,BA,,2022-10-31T00:18:54.000Z,,0.9998,22,JAIR BOLSONARO,PL,2356825,,,,,
2022,2,presidente,BA,,2022-10-31T00:18:54.000Z,,0.9998,13,LULA,PT,6096249,,,,,
2022,2,presidente,BA,,2022-10-31T00:21:11.000Z,,0.9998,22,JAIR BOLSONARO,PL,2356825,,,,,
2022,2,presidente,BA,,2022-10-31T00:21:11.000Z,,0.9998,13,LULA,PT,6096249,,,,,
2022,2,presidente,BA,,2022-10-31T00:23:39.000Z,,0.9998,22,JAIR BOLSONARO,PL,2356825,,,,,
2022,2,presidente,BA,,2022-10-31T00:23:39.000Z,,0.9998,13,LULA,PT,6096249,,,,,
2022,2,presidente,BA,,2022-10-31T00:25:47.000Z,,0.9998,22,JAIR BOLSONARO,PL,2356825,,,,,
2022,2,presidente,BA,,2022-10-31T00:25:47.000Z,,0.9998,13,LULA,PT,6096249,,,,,
2022,2,presidente,BA,,2022-10-31T00:27:39.000Z,,0.9998,22,JAIR BOLSONARO,PL,2356825,,,,,
2022,2,presidente,BA,,2022-10-31T00:27:39.000Z,,0.9998,13,LULA,PT,6096249,,,,,
2022,2,presidente,BA,,2022-10-31T00:29:40.000Z,,0.9998,22,JAIR BOLSONARO,PL,2356825,,,,,
2022,2,presidente,BA,,2022-10-31T00:29:40.000Z,,0.9998,13,LULA,PT,6096249,,,,,
2022,2,presidente,BA,,2022-10-31T00:31:53.000Z,,0.9998,22,JAIR BOLSONARO,PL,2356825,,,,,
2022,2,presidente,BA,,2022-10-31T00:31:53.000Z,,0.9998,13,LULA,PT,6096249,,,,,
2022,2,presidente,BA,,2022-10-31T00:34:16.000Z,,0.9998,22,JAIR BOLSONARO,PL,2356825,,,,,
2022,2,presidente,BA,,2022-10-31T00:34:16.000Z,,0.9998,13,LULA,PT,6096249,,,,,
2022,2,presidente,BA,,2022-10-31T00:36:09.000Z,,0.9998,22,JAIR BOLSONARO,PL,2356825,,,,,
2022,2,presidente,BA,,2022-10-31T00:36:09.000Z,,0.9998,13,LULA,PT,6096249,,,,,
2022,2,presidente,BA,,2022-10-31T00:38:24.000Z,,0.9999,22,JAIR BOLSONARO,PL,2356980,,,,,
2022,2,presidente,BA,,2022-10-31T00:38:24.000Z,,0.9999,13,LULA,PT,6097390,,,,,
2022,2,presidente,BA,,2022-10-31T00:40:12.000Z,,0.9999,22,JAIR BOLSONARO,PL,2356980,,,,,
2022,2,presidente,BA,,2022-10-31T00:40:12.000Z,,0.9999,13,LULA,PT,6097390,,,,,
2022,2,presidente,BA,,2022-10-31T00:42:30.000Z,,0.9999,22,JAIR BOLSONARO,PL,2356980,,,,,
2022,2,presidente,BA,,2022-10-31T00:42:30.000Z,,0.9999,13,LULA,PT,6097390,,,,,
2022,2,presidente,BA,,2022-10-31T00:44:10.000Z,,0.9999,22,JAIR BOLSONARO,PL,2356980,,,,,
2022,2,presidente,BA,,2022-10-31T00:44:10.000Z,,0.9999,13,LULA,PT,6097390,,,,,
2022,2,presidente,BA,,2022-10-31T00:46:03.000Z,,0.9999,22,JAIR BOLSONARO,PL,2356980,,,,,
2022,2,presidente,BA,,2022-10-31T00:46:03.000Z,,0.9999,13,LULA,PT,6097390,,,,,
2022,2,presidente,BA,,2022-10-31T00:48:07.000Z,,0.9999,22,JAIR BOLSONARO,PL,2356980,,,,,
2022,2,presidente,BA,,2022-10-31T00:48:07.000Z,,0.9999,13,LULA,PT,6097390,,,,,
2022,2,presidente,BA,,2022-10-31T00:49:49.000Z,,1,22,JAIR BOLSONARO,PL,2357028,,,,,
2022,2,presidente,BA,,2022-10-31T00:49:49.000Z,,1,13,LULA,PT,6097815,,,,,
2022,2,presidente,CE,,2022-10-30T20:08:39.000Z,,0.0001,22,JAIR BOLSONARO,PL,104,,,,,
2022,2,presidente,CE,,2022-10-30T20:08:39.000Z,,0.0001,13,LULA,PT,168,,,,,
2022,2,presidente,CE,,2022-10-30T20:09:50.000Z,,0.0004,22,JAIR BOLSONARO,PL,845,,,,,
2022,2,presidente,CE,,2022-10-30T20:09:50.000Z,,0.0004,13,LULA,PT,1463,,,,,
2022,2,presidente,CE,,2022-10-30T20:11:01.000Z,,0.0005,22,JAIR BOLSONARO,PL,1154,,,,,
2022,2,presidente,CE,,2022-10-30T20:11:01.000Z,,0.0005,13,LULA,PT,2041,,,,,
2022,2,presidente,CE,,2022-10-30T20:12:07.000Z,,0.0006,22,JAIR BOLSONARO,PL,1290,,,,,
2022,2,presidente,CE,,2022-10-30T20:12:07.000Z,,0.0006,13,LULA,PT,2229,,,,,
2022,2,presidente,CE,,2022-10-30T20:13:14.000Z,,0.0006,22,JAIR BOLSONARO,PL,1413,,,,,
2022,2,presidente,CE,,2022-10-30T20:13:14.000Z,,0.0006,13,LULA,PT,2399,,,,,
2022,2,presidente,CE,,2022-10-30T20:14:25.000Z,,0.0007,22,JAIR BOLSONARO,PL,1688,,,,,
2022,2,presidente,CE,,2022-10-30T20:14:25.000Z,,0.0007,13,LULA,PT,2785,,,,,
2022,2,presidente,CE,,2022-10-30T20:15:36.000Z,,0.0011,22,JAIR BOLSONARO,PL,2193,,,,,
2022,2,presidente,CE,,2022-10-30T20:15:36.000Z,,0.0011,13,LULA,PT,3675,,,,,
2022,2,presidente,CE,,2022-10-30T20:16:42.000Z,,0.0015,22,JAIR BOLSONARO,PL,3038,,,,,
2022,2,presidente,CE,,2022-10-30T20:16:42.000Z,,0.0015,13,LULA,PT,4926,,,,,
2022,2,presidente,CE,,2022-10-30T20:17:48.000Z,,0.0019,22,JAIR BOLSONARO,PL,3842,,,,,
2022,2,presidente,CE,,2022-10-30T20:17:48.000Z,,0.0019,13,LULA,PT,6449,,,,,
2022,2,presidente,CE,,2022-10-30T20:19:05.000Z,,0.0023,22,JAIR BOLSONARO,PL,4541,,,,,
2022,2,presidente,CE,,2022-10-30T20:19:05.000Z,,0.0023,13,LULA,PT,7786,,,,,
2022,2,presidente,CE,,2022-10-30T20:20:10.000Z,,0.0023,22,JAIR BOLSONARO,PL,4541,,,,,
2022,2,presidente,CE,,2022-10-30T20:20:10.000Z,,0.0023,13,LULA,PT,7786,,,,,
2022,2,presidente,CE,,2022-10-30T20:21:31.000Z,,0.0036,22,JAIR BOLSONARO,PL,7244,,,,,
2022,2,presidente,CE,,2022-10-30T20:21:31.000Z,,0.0036,13,LULA,PT,12925,,,,,
2022,2,presidente,CE,,2022-10-30T20:22:37.000Z,,0.006,22,JAIR BOLSONARO,PL,11549,,,,,
2022,2,presidente,CE,,2022-10-30T20:22:37.000Z,,0.006,13,LULA,PT,22776,,,,,
2022,2,presidente,CE,,2022-10-30T20:23:58.000Z,,0.0081,22,JAIR BOLSONARO,PL,16207,,,,,
2022,2,presidente,CE,,2022-10-30T20:23:58.000Z,,0.0081,13,LULA,PT,31263,,,,,
2022,2,presidente,CE,,2022-10-30T20:25:10.000Z,,0.0102,22,JAIR BOLSONARO,PL,20778,,,,,
2022,2,presidente,CE,,2022-10-30T20:25:10.000Z,,0.0102,13,LULA,PT,39613,,,,,
2022,2,presidente,CE,,2022-10-30T20:26:16.000Z,,0.0165,22,JAIR BOLSONARO,PL,30532,,,,,
2022,2,presidente,CE,,2022-10-30T20:26:16.000Z,,0.0165,13,LULA,PT,62840,,,,,
2022,2,presidente,CE,,2022-10-30T20:27:22.000Z,,0.0206,22,JAIR BOLSONARO,PL,36199,,,,,
2022,2,presidente,CE,,2022-10-30T20:27:22.000Z,,0.0206,13,LULA,PT,79356,,,,,
2022,2,presidente,CE,,2022-10-30T20:28:28.000Z,,0.0247,22,JAIR BOLSONARO,PL,42587,,,,,
2022,2,presidente,CE,,2022-10-30T20:28:28.000Z,,0.0247,13,LULA,PT,94814,,,,,
2022,2,presidente,CE,,2022-10-30T20:29:39.000Z,,0.0272,22,JAIR BOLSONARO,PL,46667,,,,,
2022,2,presidente,CE,,2022-10-30T20:29:39.000Z,,0.0272,13,LULA,PT,104450,,,,,
2022,2,presidente,CE,,2022-10-30T20:30:56.000Z,,0.0311,22,JAIR BOLSONARO,PL,52038,,,,,
2022,2,presidente,CE,,2022-10-30T20:30:56.000Z,,0.0311,13,LULA,PT,119040,,,,,
2022,2,presidente,CE,,2022-10-30T20:32:08.000Z,,0.0348,22,JAIR BOLSONARO,PL,57616,,,,,
2022,2,presidente,CE,,2022-10-30T20:32:08.000Z,,0.0348,13,LULA,PT,133040,,,,,
2022,2,presidente,CE,,2022-10-30T20:33:21.000Z,,0.0395,22,JAIR BOLSONARO,PL,64556,,,,,
2022,2,presidente,CE,,2022-10-30T20:33:21.000Z,,0.0395,13,LULA,PT,151450,,,,,
2022,2,presidente,CE,,2022-10-30T20:34:37.000Z,,0.0436,22,JAIR BOLSONARO,PL,69963,,,,,
2022,2,presidente,CE,,2022-10-30T20:34:37.000Z,,0.0436,13,LULA,PT,166925,,,,,
2022,2,presidente,CE,,2022-10-30T20:35:46.000Z,,0.0475,22,JAIR BOLSONARO,PL,76143,,,,,
2022,2,presidente,CE,,2022-10-30T20:35:46.000Z,,0.0475,13,LULA,PT,181428,,,,,
2022,2,presidente,CE,,2022-10-30T20:36:54.000Z,,0.0545,22,JAIR BOLSONARO,PL,87061,,,,,
2022,2,presidente,CE,,2022-10-30T20:36:54.000Z,,0.0545,13,LULA,PT,209047,,,,,
2022,2,presidente,CE,,2022-10-30T20:38:00.000Z,,0.0598,22,JAIR BOLSONARO,PL,95146,,,,,
2022,2,presidente,CE,,2022-10-30T20:38:00.000Z,,0.0598,13,LULA,PT,229705,,,,,
2022,2,presidente,CE,,2022-10-30T20:39:11.000Z,,0.0651,22,JAIR BOLSONARO,PL,103042,,,,,
2022,2,presidente,CE,,2022-10-30T20:39:11.000Z,,0.0651,13,LULA,PT,249145,,,,,
2022,2,presidente,CE,,2022-10-30T20:40:16.000Z,,0.069,22,JAIR BOLSONARO,PL,109159,,,,,
2022,2,presidente,CE,,2022-10-30T20:40:16.000Z,,0.069,13,LULA,PT,263522,,,,,
2022,2,presidente,CE,,2022-10-30T20:41:28.000Z,,0.0754,22,JAIR BOLSONARO,PL,117704,,,,,
2022,2,presidente,CE,,2022-10-30T20:41:28.000Z,,0.0754,13,LULA,PT,287654,,,,,
2022,2,presidente,CE,,2022-10-30T20:42:34.000Z,,0.0805,22,JAIR BOLSONARO,PL,126396,,,,,
2022,2,presidente,CE,,2022-10-30T20:42:34.000Z,,0.0805,13,LULA,PT,307353,,,,,
2022,2,presidente,CE,,2022-10-30T20:43:47.000Z,,0.0903,22,JAIR BOLSONARO,PL,141105,,,,,
2022,2,presidente,CE,,2022-10-30T20:43:47.000Z,,0.0903,13,LULA,PT,343415,,,,,
2022,2,presidente,CE,,2022-10-30T20:44:57.000Z,,0.0937,22,JAIR BOLSONARO,PL,147267,,,,,
2022,2,presidente,CE,,2022-10-30T20:44:57.000Z,,0.0937,13,LULA,PT,355374,,,,,
2022,2,presidente,CE,,2022-10-30T20:46:06.000Z,,0.0993,22,JAIR BOLSONARO,PL,156306,,,,,
2022,2,presidente,CE,,2022-10-30T20:46:06.000Z,,0.0993,13,LULA,PT,375386,,,,,
2022,2,presidente,CE,,2022-10-30T20:47:32.000Z,,0.1076,22,JAIR BOLSONARO,PL,169242,,,,,
2022,2,presidente,CE,,2022-10-30T20:47:32.000Z,,0.1076,13,LULA,PT,407156,,,,,
2022,2,presidente,CE,,2022-10-30T20:48:54.000Z,,0.1132,22,JAIR BOLSONARO,PL,177460,,,,,
2022,2,presidente,CE,,2022-10-30T20:48:54.000Z,,0.1132,13,LULA,PT,428245,,,,,
2022,2,presidente,CE,,2022-10-30T20:50:08.000Z,,0.123,22,JAIR BOLSONARO,PL,195073,,,,,
2022,2,presidente,CE,,2022-10-30T20:50:08.000Z,,0.123,13,LULA,PT,465723,,,,,
2022,2,presidente,CE,,2022-10-30T20:51:20.000Z,,0.128,22,JAIR BOLSONARO,PL,205076,,,,,
2022,2,presidente,CE,,2022-10-30T20:51:20.000Z,,0.128,13,LULA,PT,483627,,,,,
2022,2,presidente,CE,,2022-10-30T20:52:37.000Z,,0.1327,22,JAIR BOLSONARO,PL,212552,,,,,
2022,2,presidente,CE,,2022-10-30T20:52:37.000Z,,0.1327,13,LULA,PT,501173,,,,,
2022,2,presidente,CE,,2022-10-30T20:53:54.000Z,,0.1392,22,JAIR BOLSONARO,PL,223794,,,,,
2022,2,presidente,CE,,2022-10-30T20:53:54.000Z,,0.1392,13,LULA,PT,524318,,,,,
2022,2,presidente,CE,,2022-10-30T20:55:18.000Z,,0.152,22,JAIR BOLSONARO,PL,248934,,,,,
2022,2,presidente,CE,,2022-10-30T20:55:18.000Z,,0.152,13,LULA,PT,572549,,,,,
2022,2,presidente,CE,,2022-10-30T20:56:35.000Z,,0.1617,22,JAIR BOLSONARO,PL,266888,,,,,
2022,2,presidente,CE,,2022-10-30T20:56:35.000Z,,0.1617,13,LULA,PT,608798,,,,,
2022,2,presidente,CE,,2022-10-30T20:58:03.000Z,,0.168,22,JAIR BOLSONARO,PL,279645,,,,,
2022,2,presidente,CE,,2022-10-30T20:58:03.000Z,,0.168,13,LULA,PT,632247,,,,,
2022,2,presidente,CE,,2022-10-30T20:59:15.000Z,,0.1847,22,JAIR BOLSONARO,PL,313612,,,,,
2022,2,presidente,CE,,2022-10-30T20:59:15.000Z,,0.1847,13,LULA,PT,696133,,,,,
2022,2,presidente,CE,,2022-10-30T21:00:36.000Z,,0.1917,22,JAIR BOLSONARO,PL,328926,,,,,
2022,2,presidente,CE,,2022-10-30T21:00:36.000Z,,0.1917,13,LULA,PT,722031,,,,,
2022,2,presidente,CE,,2022-10-30T21:02:02.000Z,,0.2016,22,JAIR BOLSONARO,PL,346366,,,,,
2022,2,presidente,CE,,2022-10-30T21:02:02.000Z,,0.2016,13,LULA,PT,757486,,,,,
2022,2,presidente,CE,,2022-10-30T21:03:26.000Z,,0.2164,22,JAIR BOLSONARO,PL,375047,,,,,
2022,2,presidente,CE,,2022-10-30T21:03:26.000Z,,0.2164,13,LULA,PT,814800,,,,,
2022,2,presidente,CE,,2022-10-30T21:04:34.000Z,,0.224,22,JAIR BOLSONARO,PL,388578,,,,,
2022,2,presidente,CE,,2022-10-30T21:04:34.000Z,,0.224,13,LULA,PT,842444,,,,,
2022,2,presidente,CE,,2022-10-30T21:05:45.000Z,,0.2343,22,JAIR BOLSONARO,PL,409587,,,,,
2022,2,presidente,CE,,2022-10-30T21:05:45.000Z,,0.2343,13,LULA,PT,880939,,,,,
2022,2,presidente,CE,,2022-10-30T21:07:05.000Z,,0.2411,22,JAIR BOLSONARO,PL,423797,,,,,
2022,2,presidente,CE,,2022-10-30T21:07:05.000Z,,0.2411,13,LULA,PT,906278,,,,,
2022,2,presidente,CE,,2022-10-30T21:08:23.000Z,,0.2475,22,JAIR BOLSONARO,PL,435071,,,,,
2022,2,presidente,CE,,2022-10-30T21:08:23.000Z,,0.2475,13,LULA,PT,930529,,,,,
2022,2,presidente,CE,,2022-10-30T21:09:40.000Z,,0.2542,22,JAIR BOLSONARO,PL,447109,,,,,
2022,2,presidente,CE,,2022-10-30T21:09:40.000Z,,0.2542,13,LULA,PT,956874,,,,,
2022,2,presidente,CE,,2022-10-30T21:11:00.000Z,,0.2682,22,JAIR BOLSONARO,PL,472167,,,,,
2022,2,presidente,CE,,2022-10-30T21:11:00.000Z,,0.2682,13,LULA,PT,1010317,,,,,
2022,2,presidente,CE,,2022-10-30T21:12:25.000Z,,0.2746,22,JAIR BOLSONARO,PL,484604,,,,,
2022,2,presidente,CE,,2022-10-30T21:12:25.000Z,,0.2746,13,LULA,PT,1035360,,,,,
2022,2,presidente,CE,,2022-10-30T21:13:35.000Z,,0.2848,22,JAIR BOLSONARO,PL,501127,,,,,
2022,2,presidente,CE,,2022-10-30T21:13:35.000Z,,0.2848,13,LULA,PT,1074173,,,,,
2022,2,presidente,CE,,2022-10-30T21:14:56.000Z,,0.295,22,JAIR BOLSONARO,PL,519788,,,,,
2022,2,presidente,CE,,2022-10-30T21:14:56.000Z,,0.295,13,LULA,PT,1112817,,,,,
2022,2,presidente,CE,,2022-10-30T21:16:17.000Z,,0.3066,22,JAIR BOLSONARO,PL,543703,,,,,
2022,2,presidente,CE,,2022-10-30T21:16:17.000Z,,0.3066,13,LULA,PT,1157399,,,,,
2022,2,presidente,CE,,2022-10-30T21:17:32.000Z,,0.3294,22,JAIR BOLSONARO,PL,588441,,,,,
2022,2,presidente,CE,,2022-10-30T21:17:32.000Z,,0.3294,13,LULA,PT,1247043,,,,,
2022,2,presidente,CE,,2022-10-30T21:19:08.000Z,,0.343,22,JAIR BOLSONARO,PL,615260,,,,,
2022,2,presidente,CE,,2022-10-30T21:19:08.000Z,,0.343,13,LULA,PT,1298485,,,,,
2022,2,presidente,CE,,2022-10-30T21:20:30.000Z,,0.3519,22,JAIR BOLSONARO,PL,631214,,,,,
2022,2,presidente,CE,,2022-10-30T21:20:30.000Z,,0.3519,13,LULA,PT,1331474,,,,,
2022,2,presidente,CE,,2022-10-30T21:21:48.000Z,,0.3592,22,JAIR BOLSONARO,PL,643549,,,,,
2022,2,presidente,CE,,2022-10-30T21:21:48.000Z,,0.3592,13,LULA,PT,1359193,,,,,
2022,2,presidente,CE,,2022-10-30T21:23:17.000Z,,0.3791,22,JAIR BOLSONARO,PL,682295,,,,,
2022,2,presidente,CE,,2022-10-30T21:23:17.000Z,,0.3791,13,LULA,PT,1437356,,,,,
2022,2,presidente,CE,,2022-10-30T21:24:42.000Z,,0.3952,22,JAIR BOLSONARO,PL,714885,,,,,
2022,2,presidente,CE,,2022-10-30T21:24:42.000Z,,0.3952,13,LULA,PT,1500865,,,,,
2022,2,presidente,CE,,2022-10-30T21:26:08.000Z,,0.4074,22,JAIR BOLSONARO,PL,739122,,,,,
2022,2,presidente,CE,,2022-10-30T21:26:08.000Z,,0.4074,13,LULA,PT,1549546,,,,,
2022,2,presidente,CE,,2022-10-30T21:27:35.000Z,,0.4414,22,JAIR BOLSONARO,PL,805678,,,,,
2022,2,presidente,CE,,2022-10-30T21:27:35.000Z,,0.4414,13,LULA,PT,1680376,,,,,
2022,2,presidente,CE,,2022-10-30T21:28:58.000Z,,0.4531,22,JAIR BOLSONARO,PL,827684,,,,,
2022,2,presidente,CE,,2022-10-30T21:28:58.000Z,,0.4531,13,LULA,PT,1725685,,,,,
2022,2,presidente,CE,,2022-10-30T21:30:20.000Z,,0.4687,22,JAIR BOLSONARO,PL,855606,,,,,
2022,2,presidente,CE,,2022-10-30T21:30:20.000Z,,0.4687,13,LULA,PT,1785870,,,,,
2022,2,presidente,CE,,2022-10-30T21:31:49.000Z,,0.4841,22,JAIR BOLSONARO,PL,883660,,,,,
2022,2,presidente,CE,,2022-10-30T21:31:49.000Z,,0.4841,13,LULA,PT,1846293,,,,,
2022,2,presidente,CE,,2022-10-30T21:33:13.000Z,,0.51,22,JAIR BOLSONARO,PL,931253,,,,,
2022,2,presidente,CE,,2022-10-30T21:33:13.000Z,,0.51,13,LULA,PT,1941858,,,,,
2022,2,presidente,CE,,2022-10-30T21:34:35.000Z,,0.5257,22,JAIR BOLSONARO,PL,959237,,,,,
2022,2,presidente,CE,,2022-10-30T21:34:35.000Z,,0.5257,13,LULA,PT,2000030,,,,,
2022,2,presidente,CE,,2022-10-30T21:35:53.000Z,,0.5412,22,JAIR BOLSONARO,PL,987245,,,,,
2022,2,presidente,CE,,2022-10-30T21:35:53.000Z,,0.5412,13,LULA,PT,2060867,,,,,
2022,2,presidente,CE,,2022-10-30T21:37:23.000Z,,0.5525,22,JAIR BOLSONARO,PL,1007974,,,,,
2022,2,presidente,CE,,2022-10-30T21:37:23.000Z,,0.5525,13,LULA,PT,2103028,,,,,
2022,2,presidente,CE,,2022-10-30T21:38:53.000Z,,0.5801,22,JAIR BOLSONARO,PL,1057940,,,,,
2022,2,presidente,CE,,2022-10-30T21:38:53.000Z,,0.5801,13,LULA,PT,2209362,,,,,
2022,2,presidente,CE,,2022-10-30T21:40:18.000Z,,0.5906,22,JAIR BOLSONARO,PL,1077533,,,,,
2022,2,presidente,CE,,2022-10-30T21:40:18.000Z,,0.5906,13,LULA,PT,2247932,,,,,
2022,2,presidente,CE,,2022-10-30T21:41:50.000Z,,0.6044,22,JAIR BOLSONARO,PL,1099931,,,,,
2022,2,presidente,CE,,2022-10-30T21:41:50.000Z,,0.6044,13,LULA,PT,2299133,,,,,
2022,2,presidente,CE,,2022-10-30T21:43:10.000Z,,0.6338,22,JAIR BOLSONARO,PL,1150190,,,,,
2022,2,presidente,CE,,2022-10-30T21:43:10.000Z,,0.6338,13,LULA,PT,2411568,,,,,
2022,2,presidente,CE,,2022-10-30T21:44:27.000Z,,0.6448,22,JAIR BOLSONARO,PL,1167422,,,,,
2022,2,presidente,CE,,2022-10-30T21:44:27.000Z,,0.6448,13,LULA,PT,2454183,,,,,
2022,2,presidente,CE,,2022-10-30T21:45:51.000Z,,0.6545,22,JAIR BOLSONARO,PL,1182147,,,,,
2022,2,presidente,CE,,2022-10-30T21:45:51.000Z,,0.6545,13,LULA,PT,2491792,,,,,
2022,2,presidente,CE,,2022-10-30T21:47:05.000Z,,0.667,22,JAIR BOLSONARO,PL,1201882,,,,,
2022,2,presidente,CE,,2022-10-30T21:47:05.000Z,,0.667,13,LULA,PT,2540705,,,,,
2022,2,presidente,CE,,2022-10-30T21:48:32.000Z,,0.6996,22,JAIR BOLSONARO,PL,1255166,,,,,
2022,2,presidente,CE,,2022-10-30T21:48:32.000Z,,0.6996,13,LULA,PT,2666820,,,,,
2022,2,presidente,CE,,2022-10-30T21:50:18.000Z,,0.7124,22,JAIR BOLSONARO,PL,1273364,,,,,
2022,2,presidente,CE,,2022-10-30T21:50:18.000Z,,0.7124,13,LULA,PT,2715389,,,,,
2022,2,presidente,CE,,2022-10-30T21:51:46.000Z,,0.721,22,JAIR BOLSONARO,PL,1286354,,,,,
2022,2,presidente,CE,,2022-10-30T21:51:46.000Z,,0.721,13,LULA,PT,2747183,,,,,
2022,2,presidente,CE,,2022-10-30T21:53:22.000Z,,0.7436,22,JAIR BOLSONARO,PL,1319337,,,,,
2022,2,presidente,CE,,2022-10-30T21:53:22.000Z,,0.7436,13,LULA,PT,2831627,,,,,
2022,2,presidente,CE,,2022-10-30T21:54:47.000Z,,0.7557,22,JAIR BOLSONARO,PL,1335742,,,,,
2022,2,presidente,CE,,2022-10-30T21:54:47.000Z,,0.7557,13,LULA,PT,2878209,,,,,
2022,2,presidente,CE,,2022-10-30T21:56:19.000Z,,0.7668,22,JAIR BOLSONARO,PL,1348824,,,,,
2022,2,presidente,CE,,2022-10-30T21:56:19.000Z,,0.7668,13,LULA,PT,2920295,,,,,
2022,2,presidente,CE,,2022-10-30T21:57:55.000Z,,0.7897,22,JAIR BOLSONARO,PL,1379518,,,,,
2022,2,presidente,CE,,2022-10-30T21:57:55.000Z,,0.7897,13,LULA,PT,3008771,,,,,
2022,2,presidente,CE,,2022-10-30T21:59:21.000Z,,0.8149,22,JAIR BOLSONARO,PL,1413264,,,,,
2022,2,presidente,CE,,2022-10-30T21:59:21.000Z,,0.8149,13,LULA,PT,3104042,,,,,
2022,2,presidente,CE,,2022-10-30T22:00:59.000Z,,0.8311,22,JAIR BOLSONARO,PL,1433342,,,,,
2022,2,presidente,CE,,2022-10-30T22:00:59.000Z,,0.8311,13,LULA,PT,3165802,,,,,
2022,2,presidente,CE,,2022-10-30T22:02:22.000Z,,0.8387,22,JAIR BOLSONARO,PL,1443382,,,,,
2022,2,presidente,CE,,2022-10-30T22:02:22.000Z,,0.8387,13,LULA,PT,3195348,,,,,
2022,2,presidente,CE,,2022-10-30T22:03:47.000Z,,0.851,22,JAIR BOLSONARO,PL,1460141,,,,,
2022,2,presidente,CE,,2022-10-30T22:03:47.000Z,,0.851,13,LULA,PT,3243366,,,,,
2022,2,presidente,CE,,2022-10-30T22:05:10.000Z,,0.8613,22,JAIR BOLSONARO,PL,1474015,,,,,
2022,2,presidente,CE,,2022-10-30T22:05:10.000Z,,0.8613,13,LULA,PT,3283243,,,,,
2022,2,presidente,CE,,2022-10-30T22:06:34.000Z,,0.8816,22,JAIR BOLSONARO,PL,1499581,,,,,
2022,2,presidente,CE,,2022-10-30T22:06:34.000Z,,0.8816,13,LULA,PT,3361456,,,,,
2022,2,presidente,CE,,2022-10-30T22:08:06.000Z,,0.8932,22,JAIR BOLSONARO,PL,1514214,,,,,
2022,2,presidente,CE,,2022-10-30T22:08:06.000Z,,0.8932,13,LULA,PT,3406107,,,,,
2022,2,presidente,CE,,2022-10-30T22:09:26.000Z,,0.8984,22,JAIR BOLSONARO,PL,1519879,,,,,
2022,2,presidente,CE,,2022-10-30T22:09:26.000Z,,0.8984,13,LULA,PT,3426231,,,,,
2022,2,presidente,CE,,2022-10-30T22:11:03.000Z,,0.9093,22,JAIR BOLSONARO,PL,1535159,,,,,
2022,2,presidente,CE,,2022-10-30T22:11:03.000Z,,0.9093,13,LULA,PT,3468697,,,,,
2022,2,presidente,CE,,2022-10-30T22:12:54.000Z,,0.914,22,JAIR BOLSONARO,PL,1541267,,,,,
2022,2,presidente,CE,,2022-10-30T22:12:54.000Z,,0.914,13,LULA,PT,3486371,,,,,
2022,2,presidente,CE,,2022-10-30T22:14:31.000Z,,0.9234,22,JAIR BOLSONARO,PL,1553672,,,,,
2022,2,presidente,CE,,2022-10-30T22:14:31.000Z,,0.9234,13,LULA,PT,3522710,,,,,
2022,2,presidente,CE,,2022-10-30T22:16:10.000Z,,0.9335,22,JAIR BOLSONARO,PL,1567497,,,,,
2022,2,presidente,CE,,2022-10-30T22:16:10.000Z,,0.9335,13,LULA,PT,3560608,,,,,
2022,2,presidente,CE,,2022-10-30T22:17:51.000Z,,0.9368,22,JAIR BOLSONARO,PL,1571372,,,,,
2022,2,presidente,CE,,2022-10-30T22:17:51.000Z,,0.9368,13,LULA,PT,3572680,,,,,
2022,2,presidente,CE,,2022-10-30T22:19:33.000Z,,0.9411,22,JAIR BOLSONARO,PL,1575902,,,,,
2022,2,presidente,CE,,2022-10-30T22:19:33.000Z,,0.9411,13,LULA,PT,3588377,,,,,
2022,2,presidente,CE,,2022-10-30T22:21:08.000Z,,0.9485,22,JAIR BOLSONARO,PL,1583624,,,,,
2022,2,presidente,CE,,2022-10-30T22:21:08.000Z,,0.9485,13,LULA,PT,3617121,,,,,
2022,2,presidente,CE,,2022-10-30T22:22:38.000Z,,0.9537,22,JAIR BOLSONARO,PL,1588922,,,,,
2022,2,presidente,CE,,2022-10-30T22:22:38.000Z,,0.9537,13,LULA,PT,3637490,,,,,
2022,2,presidente,CE,,2022-10-30T22:24:17.000Z,,0.9603,22,JAIR BOLSONARO,PL,1595737,,,,,
2022,2,presidente,CE,,2022-10-30T22:24:17.000Z,,0.9603,13,LULA,PT,3661334,,,,,
2022,2,presidente,CE,,2022-10-30T22:26:17.000Z,,0.9683,22,JAIR BOLSONARO,PL,1604860,,,,,
2022,2,presidente,CE,,2022-10-30T22:26:17.000Z,,0.9683,13,LULA,PT,3691124,,,,,
2022,2,presidente,CE,,2022-10-30T22:27:50.000Z,,0.9768,22,JAIR BOLSONARO,PL,1613329,,,,,
2022,2,presidente,CE,,2022-10-30T22:27:50.000Z,,0.9768,13,LULA,PT,3723178,,,,,
2022,2,presidente,CE,,2022-10-30T22:29:38.000Z,,0.978,22,JAIR BOLSONARO,PL,1614704,,,,,
2022,2,presidente,CE,,2022-10-30T22:29:38.000Z,,0.978,13,LULA,PT,3727614,,,,,
2022,2,presidente,CE,,2022-10-30T22:31:17.000Z,,0.9789,22,JAIR BOLSONARO,PL,1615635,,,,,
2022,2,presidente,CE,,2022-10-30T22:31:17.000Z,,0.9789,13,LULA,PT,3730948,,,,,
2022,2,presidente,CE,,2022-10-30T22:32:54.000Z,,0.9797,22,JAIR BOLSONARO,PL,1616056,,,,,
2022,2,presidente,CE,,2022-10-30T22:32:54.000Z,,0.9797,13,LULA,PT,3734343,,,,,
2022,2,presidente,CE,,2022-10-30T22:34:45.000Z,,0.9821,22,JAIR BOLSONARO,PL,1618287,,,,,
2022,2,presidente,CE,,2022-10-30T22:34:45.000Z,,0.9821,13,LULA,PT,3742724,,,,,
2022,2,presidente,CE,,2022-10-30T22:36:35.000Z,,0.9828,22,JAIR BOLSONARO,PL,1619000,,,,,
2022,2,presidente,CE,,2022-10-30T22:36:35.000Z,,0.9828,13,LULA,PT,3745379,,,,,
2022,2,presidente,CE,,2022-10-30T22:38:32.000Z,,0.9842,22,JAIR BOLSONARO,PL,1620085,,,,,
2022,2,presidente,CE,,2022-10-30T22:38:32.000Z,,0.9842,13,LULA,PT,3750298,,,,,
2022,2,presidente,CE,,2022-10-30T22:40:03.000Z,,0.9846,22,JAIR BOLSONARO,PL,1620366,,,,,
2022,2,presidente,CE,,2022-10-30T22:40:03.000Z,,0.9846,13,LULA,PT,3751880,,,,,
2022,2,presidente,CE,,2022-10-30T22:41:59.000Z,,0.9869,22,JAIR BOLSONARO,PL,1622187,,,,,
2022,2,presidente,CE,,2022-10-30T22:41:59.000Z,,0.9869,13,LULA,PT,3759096,,,,,
2022,2,presidente,CE,,2022-10-30T22:43:24.000Z,,0.9886,22,JAIR BOLSONARO,PL,1624343,,,,,
2022,2,presidente,CE,,2022-10-30T22:43:24.000Z,,0.9886,13,LULA,PT,3764432,,,,,
2022,2,presidente,CE,,2022-10-30T22:45:07.000Z,,0.9899,22,JAIR BOLSONARO,PL,1625790,,,,,
2022,2,presidente,CE,,2022-10-30T22:45:07.000Z,,0.9899,13,LULA,PT,3769454,,,,,
2022,2,presidente,CE,,2022-10-30T22:46:58.000Z,,0.9907,22,JAIR BOLSONARO,PL,1626451,,,,,
2022,2,presidente,CE,,2022-10-30T22:46:58.000Z,,0.9907,13,LULA,PT,3772762,,,,,
2022,2,presidente,CE,,2022-10-30T22:48:43.000Z,,0.9921,22,JAIR BOLSONARO,PL,1627594,,,,,
2022,2,presidente,CE,,2022-10-30T22:48:43.000Z,,0.9921,13,LULA,PT,3777889,,,,,
2022,2,presidente,CE,,2022-10-30T22:50:26.000Z,,0.9925,22,JAIR BOLSONARO,PL,1628186,,,,,
2022,2,presidente,CE,,2022-10-30T22:50:26.000Z,,0.9925,13,LULA,PT,3779626,,,,,
2022,2,presidente,CE,,2022-10-30T22:52:15.000Z,,0.9953,22,JAIR BOLSONARO,PL,1630993,,,,,
2022,2,presidente,CE,,2022-10-30T22:52:15.000Z,,0.9953,13,LULA,PT,3790557,,,,,
2022,2,presidente,CE,,2022-10-30T22:53:46.000Z,,0.9954,22,JAIR BOLSONARO,PL,1631015,,,,,
2022,2,presidente,CE,,2022-10-30T22:53:46.000Z,,0.9954,13,LULA,PT,3790976,,,,,
2022,2,presidente,CE,,2022-10-30T22:55:11.000Z,,0.9954,22,JAIR BOLSONARO,PL,1631015,,,,,
2022,2,presidente,CE,,2022-10-30T22:55:11.000Z,,0.9954,13,LULA,PT,3790976,,,,,
2022,2,presidente,CE,,2022-10-30T22:57:03.000Z,,0.9956,22,JAIR BOLSONARO,PL,1631068,,,,,
2022,2,presidente,CE,,2022-10-30T22:57:03.000Z,,0.9956,13,LULA,PT,3791844,,,,,
2022,2,presidente,CE,,2022-10-30T22:58:57.000Z,,0.996,22,JAIR BOLSONARO,PL,1631311,,,,,
2022,2,presidente,CE,,2022-10-30T22:58:57.000Z,,0.996,13,LULA,PT,3793012,,,,,
2022,2,presidente,CE,,2022-10-30T23:01:00.000Z,,0.9965,22,JAIR BOLSONARO,PL,1631581,,,,,
2022,2,presidente,CE,,2022-10-30T23:01:00.000Z,,0.9965,13,LULA,PT,3794654,,,,,
2022,2,presidente,CE,,2022-10-30T23:03:07.000Z,,0.9965,22,JAIR BOLSONARO,PL,1631581,,,,,
2022,2,presidente,CE,,2022-10-30T23:03:07.000Z,,0.9965,13,LULA,PT,3794654,,,,,
2022,2,presidente,CE,,2022-10-30T23:05:00.000Z,,0.9967,22,JAIR BOLSONARO,PL,1631656,,,,,
2022,2,presidente,CE,,2022-10-30T23:05:00.000Z,,0.9967,13,LULA,PT,3795273,,,,,
2022,2,presidente,CE,,2022-10-30T23:07:04.000Z,,0.9971,22,JAIR BOLSONARO,PL,1632108,,,,,
2022,2,presidente,CE,,2022-10-30T23:07:04.000Z,,0.9971,13,LULA,PT,3796780,,,,,
2022,2,presidente,CE,,2022-10-30T23:08:49.000Z,,0.9975,22,JAIR BOLSONARO,PL,1632363,,,,,
2022,2,presidente,CE,,2022-10-30T23:08:49.000Z,,0.9975,13,LULA,PT,3798370,,,,,
2022,2,presidente,CE,,2022-10-30T23:10:24.000Z,,0.9982,22,JAIR BOLSONARO,PL,1632983,,,,,
2022,2,presidente,CE,,2022-10-30T23:10:24.000Z,,0.9982,13,LULA,PT,3800959,,,,,
2022,2,presidente,CE,,2022-10-30T23:12:30.000Z,,0.9985,22,JAIR BOLSONARO,PL,1633317,,,,,
2022,2,presidente,CE,,2022-10-30T23:12:30.000Z,,0.9985,13,LULA,PT,3802245,,,,,
2022,2,presidente,CE,,2022-10-30T23:14:43.000Z,,0.999,22,JAIR BOLSONARO,PL,1633989,,,,,
2022,2,presidente,CE,,2022-10-30T23:14:43.000Z,,0.999,13,LULA,PT,3804700,,,,,
2022,2,presidente,CE,,2022-10-30T23:16:30.000Z,,0.9994,22,JAIR BOLSONARO,PL,1634177,,,,,
2022,2,presidente,CE,,2022-10-30T23:16:30.000Z,,0.9994,13,LULA,PT,3805981,,,,,
2022,2,presidente,CE,,2022-10-30T23:19:07.000Z,,0.9997,22,JAIR BOLSONARO,PL,1634379,,,,,
2022,2,presidente,CE,,2022-10-30T23:19:07.000Z,,0.9997,13,LULA,PT,3806949,,,,,
2022,2,presidente,CE,,2022-10-30T23:20:51.000Z,,1,22,JAIR BOLSONARO,PL,1634473,,,,,
2022,2,presidente,CE,,2022-10-30T23:20:51.000Z,,1,13,LULA,PT,3807782,,,,,
2022,2,presidente,CE,,2022-10-30T23:22:16.000Z,,1,22,JAIR BOLSONARO,PL,1634473,,,,,
2022,2,presidente,CE,,2022-10-30T23:22:16.000Z,,1,13,LULA,PT,3807782,,,,,
2022,2,presidente,CE,,2022-10-30T23:23:53.000Z,,1,22,JAIR BOLSONARO,PL,1634473,,,,,
2022,2,presidente,CE,,2022-10-30T23:23:53.000Z,,1,13,LULA,PT,3807782,,,,,
2022,2,presidente,CE,,2022-10-30T23:25:26.000Z,,1,22,JAIR BOLSONARO,PL,1634473,,,,,
2022,2,presidente,CE,,2022-10-30T23:25:26.000Z,,1,13,LULA,PT,3807782,,,,,
2022,2,presidente,CE,,2022-10-30T23:27:00.000Z,,1,22,JAIR BOLSONARO,PL,1634473,,,,,
2022,2,presidente,CE,,2022-10-30T23:27:00.000Z,,1,13,LULA,PT,3807782,,,,,
2022,2,presidente,CE,,2022-10-30T23:28:25.000Z,,1,22,JAIR BOLSONARO,PL,1634473,,,,,
2022,2,presidente,CE,,2022-10-30T23:28:25.000Z,,1,13,LULA,PT,3807782,,,,,
2022,2,presidente,CE,,2022-10-30T23:30:26.000Z,,1,22,JAIR BOLSONARO,PL,1634473,,,,,
2022,2,presidente,CE,,2022-10-30T23:30:26.000Z,,1,13,LULA,PT,3807782,,,,,
2022,2,presidente,CE,,2022-10-30T23:32:08.000Z,,1,22,JAIR BOLSONARO,PL,1634473,,,,,
2022,2,presidente,CE,,2022-10-30T23:32:08.000Z,,1,13,LULA,PT,3807782,,,,,
2022,2,presidente,CE,,2022-10-30T23:34:07.000Z,,1,22,JAIR BOLSONARO,PL,1634473,,,,,
2022,2,presidente,CE,,2022-10-30T23:34:07.000Z,,1,13,LULA,PT,3807782,,,,,
2022,2,presidente,CE,,2022-10-30T23:35:39.000Z,,1,22,JAIR BOLSONARO,PL,1634473,,,,,
2022,2,presidente,CE,,2022-10-30T23:35:39.000Z,,1,13,LULA,PT,3807782,,,,,
2022,2,presidente,CE,,2022-10-30T23:37:17.000Z,,1,22,JAIR BOLSONARO,PL,1634473,,,,,
2022,2,presidente,CE,,2022-10-30T23:37:17.000Z,,1,13,LULA,PT,3807782,,,,,
2022,2,presidente,CE,,2022-10-30T23:39:41.000Z,,1,22,JAIR BOLSONARO,PL,1634473,,,,,
2022,2,presidente,CE,,2022-10-30T23:39:41.000Z,,1,13,LULA,PT,3807782,,,,,
2022,2,presidente,CE,,2022-10-30T23:41:43.000Z,,1,22,JAIR BOLSONARO,PL,1634473,,,,,
2022,2,presidente,CE,,2022-10-30T23:41:43.000Z,,1,13,LULA,PT,3807782,,,,,
2022,2,presidente,CE,,2022-10-30T23:43:10.000Z,,1,22,JAIR BOLSONARO,PL,1634473,,,,,
2022,2,presidente,CE,,2022-10-30T23:43:10.000Z,,1,13,LULA,PT,3807782,,,,,
2022,2,presidente,CE,,2022-10-30T23:45:30.000Z,,1,22,JAIR BOLSONARO,PL,1634473,,,,,
2022,2,presidente,CE,,2022-10-30T23:45:30.000Z,,1,13,LULA,PT,3807782,,,,,
2022,2,presidente,CE,,2022-10-30T23:47:29.000Z,,1,22,JAIR BOLSONARO,PL,1634473,,,,,
2022,2,presidente,CE,,2022-10-30T23:47:29.000Z,,1,13,LULA,PT,3807782,,,,,
2022,2,presidente,CE,,2022-10-30T23:48:59.000Z,,1,22,JAIR BOLSONARO,PL,1634473,,,,,
2022,2,presidente,CE,,2022-10-30T23:48:59.000Z,,1,13,LULA,PT,3807782,,,,,
2022,2,presidente,CE,,2022-10-30T23:50:51.000Z,,1,22,JAIR BOLSONARO,PL,1634473,,,,,
2022,2,presidente,CE,,2022-10-30T23:50:51.000Z,,1,13,LULA,PT,3807782,,,,,
2022,2,presidente,CE,,2022-10-30T23:52:51.000Z,,1,22,JAIR BOLSONARO,PL,1634477,,,,,
2022,2,presidente,CE,,2022-10-30T23:52:51.000Z,,1,13,LULA,PT,3807891,,,,,
2022,2,presidente,DF,,2022-10-30T20:03:59.000Z,,0.0007,22,JAIR BOLSONARO,PL,665,,,,,
2022,2,presidente,DF,,2022-10-30T20:03:59.000Z,,0.0007,13,LULA,PT,599,,,,,
2022,2,presidente,DF,,2022-10-30T20:05:11.000Z,,0.0013,22,JAIR BOLSONARO,PL,1313,,,,,
2022,2,presidente,DF,,2022-10-30T20:05:11.000Z,,0.0013,13,LULA,PT,1045,,,,,
2022,2,presidente,DF,,2022-10-30T20:06:22.000Z,,0.0028,22,JAIR BOLSONARO,PL,2839,,,,,
2022,2,presidente,DF,,2022-10-30T20:06:22.000Z,,0.0028,13,LULA,PT,2219,,,,,
2022,2,presidente,DF,,2022-10-30T20:07:27.000Z,,0.0101,22,JAIR BOLSONARO,PL,10205,,,,,
2022,2,presidente,DF,,2022-10-30T20:07:27.000Z,,0.0101,13,LULA,PT,6940,,,,,
2022,2,presidente,DF,,2022-10-30T20:08:39.000Z,,0.0218,22,JAIR BOLSONARO,PL,22262,,,,,
2022,2,presidente,DF,,2022-10-30T20:08:39.000Z,,0.0218,13,LULA,PT,14914,,,,,
2022,2,presidente,DF,,2022-10-30T20:09:50.000Z,,0.0766,22,JAIR BOLSONARO,PL,80287,,,,,
2022,2,presidente,DF,,2022-10-30T20:09:50.000Z,,0.0766,13,LULA,PT,53633,,,,,
2022,2,presidente,DF,,2022-10-30T20:11:01.000Z,,0.103,22,JAIR BOLSONARO,PL,108755,,,,,
2022,2,presidente,DF,,2022-10-30T20:11:01.000Z,,0.103,13,LULA,PT,72424,,,,,
2022,2,presidente,DF,,2022-10-30T20:12:08.000Z,,0.1276,22,JAIR BOLSONARO,PL,134225,,,,,
2022,2,presidente,DF,,2022-10-30T20:12:08.000Z,,0.1276,13,LULA,PT,89931,,,,,
2022,2,presidente,DF,,2022-10-30T20:13:15.000Z,,0.1485,22,JAIR BOLSONARO,PL,156202,,,,,
2022,2,presidente,DF,,2022-10-30T20:13:15.000Z,,0.1485,13,LULA,PT,104654,,,,,
2022,2,presidente,DF,,2022-10-30T20:14:30.000Z,,0.1946,22,JAIR BOLSONARO,PL,204326,,,,,
2022,2,presidente,DF,,2022-10-30T20:14:30.000Z,,0.1946,13,LULA,PT,136973,,,,,
2022,2,presidente,DF,,2022-10-30T20:15:36.000Z,,0.2368,22,JAIR BOLSONARO,PL,248808,,,,,
2022,2,presidente,DF,,2022-10-30T20:15:36.000Z,,0.2368,13,LULA,PT,166101,,,,,
2022,2,presidente,DF,,2022-10-30T20:16:43.000Z,,0.2758,22,JAIR BOLSONARO,PL,288756,,,,,
2022,2,presidente,DF,,2022-10-30T20:16:43.000Z,,0.2758,13,LULA,PT,194168,,,,,
2022,2,presidente,DF,,2022-10-30T20:17:49.000Z,,0.3179,22,JAIR BOLSONARO,PL,332145,,,,,
2022,2,presidente,DF,,2022-10-30T20:17:49.000Z,,0.3179,13,LULA,PT,224276,,,,,
2022,2,presidente,DF,,2022-10-30T20:19:05.000Z,,0.4103,22,JAIR BOLSONARO,PL,428899,,,,,
2022,2,presidente,DF,,2022-10-30T20:19:05.000Z,,0.4103,13,LULA,PT,291372,,,,,
2022,2,presidente,DF,,2022-10-30T20:20:10.000Z,,0.4103,22,JAIR BOLSONARO,PL,428899,,,,,
2022,2,presidente,DF,,2022-10-30T20:20:10.000Z,,0.4103,13,LULA,PT,291372,,,,,
2022,2,presidente,DF,,2022-10-30T20:21:32.000Z,,0.5771,22,JAIR BOLSONARO,PL,601754,,,,,
2022,2,presidente,DF,,2022-10-30T20:21:32.000Z,,0.5771,13,LULA,PT,414490,,,,,
2022,2,presidente,DF,,2022-10-30T20:22:42.000Z,,0.6421,22,JAIR BOLSONARO,PL,667060,,,,,
2022,2,presidente,DF,,2022-10-30T20:22:42.000Z,,0.6421,13,LULA,PT,460412,,,,,
2022,2,presidente,DF,,2022-10-30T20:23:59.000Z,,0.6621,22,JAIR BOLSONARO,PL,687481,,,,,
2022,2,presidente,DF,,2022-10-30T20:23:59.000Z,,0.6621,13,LULA,PT,475188,,,,,
2022,2,presidente,DF,,2022-10-30T20:25:11.000Z,,0.6935,22,JAIR BOLSONARO,PL,720381,,,,,
2022,2,presidente,DF,,2022-10-30T20:25:11.000Z,,0.6935,13,LULA,PT,498232,,,,,
2022,2,presidente,DF,,2022-10-30T20:26:18.000Z,,0.7596,22,JAIR BOLSONARO,PL,790344,,,,,
2022,2,presidente,DF,,2022-10-30T20:26:18.000Z,,0.7596,13,LULA,PT,547375,,,,,
2022,2,presidente,DF,,2022-10-30T20:27:23.000Z,,0.7793,22,JAIR BOLSONARO,PL,811467,,,,,
2022,2,presidente,DF,,2022-10-30T20:27:23.000Z,,0.7793,13,LULA,PT,561717,,,,,
2022,2,presidente,DF,,2022-10-30T20:28:29.000Z,,0.7793,22,JAIR BOLSONARO,PL,811467,,,,,
2022,2,presidente,DF,,2022-10-30T20:28:29.000Z,,0.7793,13,LULA,PT,561717,,,,,
2022,2,presidente,DF,,2022-10-30T20:29:40.000Z,,0.8271,22,JAIR BOLSONARO,PL,862379,,,,,
2022,2,presidente,DF,,2022-10-30T20:29:40.000Z,,0.8271,13,LULA,PT,596162,,,,,
2022,2,presidente,DF,,2022-10-30T20:30:58.000Z,,0.8429,22,JAIR BOLSONARO,PL,879100,,,,,
2022,2,presidente,DF,,2022-10-30T20:30:58.000Z,,0.8429,13,LULA,PT,608579,,,,,
2022,2,presidente,DF,,2022-10-30T20:32:09.000Z,,0.8588,22,JAIR BOLSONARO,PL,894928,,,,,
2022,2,presidente,DF,,2022-10-30T20:32:09.000Z,,0.8588,13,LULA,PT,621114,,,,,
2022,2,presidente,DF,,2022-10-30T20:33:22.000Z,,0.8764,22,JAIR BOLSONARO,PL,912949,,,,,
2022,2,presidente,DF,,2022-10-30T20:33:22.000Z,,0.8764,13,LULA,PT,634098,,,,,
2022,2,presidente,DF,,2022-10-30T20:34:38.000Z,,0.8881,22,JAIR BOLSONARO,PL,925051,,,,,
2022,2,presidente,DF,,2022-10-30T20:34:38.000Z,,0.8881,13,LULA,PT,642756,,,,,
2022,2,presidente,DF,,2022-10-30T20:35:47.000Z,,0.9062,22,JAIR BOLSONARO,PL,943830,,,,,
2022,2,presidente,DF,,2022-10-30T20:35:47.000Z,,0.9062,13,LULA,PT,656814,,,,,
2022,2,presidente,DF,,2022-10-30T20:36:55.000Z,,0.9108,22,JAIR BOLSONARO,PL,948815,,,,,
2022,2,presidente,DF,,2022-10-30T20:36:55.000Z,,0.9108,13,LULA,PT,660436,,,,,
2022,2,presidente,DF,,2022-10-30T20:38:01.000Z,,0.9124,22,JAIR BOLSONARO,PL,950713,,,,,
2022,2,presidente,DF,,2022-10-30T20:38:01.000Z,,0.9124,13,LULA,PT,661727,,,,,
2022,2,presidente,DF,,2022-10-30T20:39:12.000Z,,0.9146,22,JAIR BOLSONARO,PL,953014,,,,,
2022,2,presidente,DF,,2022-10-30T20:39:12.000Z,,0.9146,13,LULA,PT,663421,,,,,
2022,2,presidente,DF,,2022-10-30T20:40:22.000Z,,0.9188,22,JAIR BOLSONARO,PL,957862,,,,,
2022,2,presidente,DF,,2022-10-30T20:40:22.000Z,,0.9188,13,LULA,PT,666763,,,,,
2022,2,presidente,DF,,2022-10-30T20:41:29.000Z,,0.9247,22,JAIR BOLSONARO,PL,963576,,,,,
2022,2,presidente,DF,,2022-10-30T20:41:29.000Z,,0.9247,13,LULA,PT,671615,,,,,
2022,2,presidente,DF,,2022-10-30T20:42:35.000Z,,0.9261,22,JAIR BOLSONARO,PL,964884,,,,,
2022,2,presidente,DF,,2022-10-30T20:42:35.000Z,,0.9261,13,LULA,PT,672688,,,,,
2022,2,presidente,DF,,2022-10-30T20:43:48.000Z,,0.9338,22,JAIR BOLSONARO,PL,973644,,,,,
2022,2,presidente,DF,,2022-10-30T20:43:48.000Z,,0.9338,13,LULA,PT,679041,,,,,
2022,2,presidente,DF,,2022-10-30T20:44:59.000Z,,0.9351,22,JAIR BOLSONARO,PL,975049,,,,,
2022,2,presidente,DF,,2022-10-30T20:44:59.000Z,,0.9351,13,LULA,PT,680005,,,,,
2022,2,presidente,DF,,2022-10-30T20:46:07.000Z,,0.9424,22,JAIR BOLSONARO,PL,982687,,,,,
2022,2,presidente,DF,,2022-10-30T20:46:07.000Z,,0.9424,13,LULA,PT,685460,,,,,
2022,2,presidente,DF,,2022-10-30T20:47:35.000Z,,0.944,22,JAIR BOLSONARO,PL,984475,,,,,
2022,2,presidente,DF,,2022-10-30T20:47:35.000Z,,0.944,13,LULA,PT,686816,,,,,
2022,2,presidente,DF,,2022-10-30T20:48:57.000Z,,0.9458,22,JAIR BOLSONARO,PL,986283,,,,,
2022,2,presidente,DF,,2022-10-30T20:48:57.000Z,,0.9458,13,LULA,PT,688207,,,,,
2022,2,presidente,DF,,2022-10-30T20:50:10.000Z,,0.9495,22,JAIR BOLSONARO,PL,989878,,,,,
2022,2,presidente,DF,,2022-10-30T20:50:10.000Z,,0.9495,13,LULA,PT,690804,,,,,
2022,2,presidente,DF,,2022-10-30T20:51:22.000Z,,0.9502,22,JAIR BOLSONARO,PL,990702,,,,,
2022,2,presidente,DF,,2022-10-30T20:51:22.000Z,,0.9502,13,LULA,PT,691342,,,,,
2022,2,presidente,DF,,2022-10-30T20:52:40.000Z,,0.9563,22,JAIR BOLSONARO,PL,997631,,,,,
2022,2,presidente,DF,,2022-10-30T20:52:40.000Z,,0.9563,13,LULA,PT,696183,,,,,
2022,2,presidente,DF,,2022-10-30T20:53:58.000Z,,0.9581,22,JAIR BOLSONARO,PL,999115,,,,,
2022,2,presidente,DF,,2022-10-30T20:53:58.000Z,,0.9581,13,LULA,PT,697211,,,,,
2022,2,presidente,DF,,2022-10-30T20:55:21.000Z,,0.96,22,JAIR BOLSONARO,PL,1000834,,,,,
2022,2,presidente,DF,,2022-10-30T20:55:21.000Z,,0.96,13,LULA,PT,698548,,,,,
2022,2,presidente,DF,,2022-10-30T20:56:43.000Z,,0.9607,22,JAIR BOLSONARO,PL,1001614,,,,,
2022,2,presidente,DF,,2022-10-30T20:56:43.000Z,,0.9607,13,LULA,PT,699276,,,,,
2022,2,presidente,DF,,2022-10-30T20:58:04.000Z,,0.9619,22,JAIR BOLSONARO,PL,1002786,,,,,
2022,2,presidente,DF,,2022-10-30T20:58:04.000Z,,0.9619,13,LULA,PT,700099,,,,,
2022,2,presidente,DF,,2022-10-30T20:59:16.000Z,,0.9621,22,JAIR BOLSONARO,PL,1002921,,,,,
2022,2,presidente,DF,,2022-10-30T20:59:16.000Z,,0.9621,13,LULA,PT,700265,,,,,
2022,2,presidente,DF,,2022-10-30T21:00:47.000Z,,0.9627,22,JAIR BOLSONARO,PL,1003457,,,,,
2022,2,presidente,DF,,2022-10-30T21:00:47.000Z,,0.9627,13,LULA,PT,700807,,,,,
2022,2,presidente,DF,,2022-10-30T21:02:06.000Z,,0.9638,22,JAIR BOLSONARO,PL,1004263,,,,,
2022,2,presidente,DF,,2022-10-30T21:02:06.000Z,,0.9638,13,LULA,PT,701507,,,,,
2022,2,presidente,DF,,2022-10-30T21:03:29.000Z,,0.9677,22,JAIR BOLSONARO,PL,1008205,,,,,
2022,2,presidente,DF,,2022-10-30T21:03:29.000Z,,0.9677,13,LULA,PT,704302,,,,,
2022,2,presidente,DF,,2022-10-30T21:04:35.000Z,,0.9684,22,JAIR BOLSONARO,PL,1008966,,,,,
2022,2,presidente,DF,,2022-10-30T21:04:35.000Z,,0.9684,13,LULA,PT,704823,,,,,
2022,2,presidente,DF,,2022-10-30T21:05:46.000Z,,0.9707,22,JAIR BOLSONARO,PL,1011174,,,,,
2022,2,presidente,DF,,2022-10-30T21:05:46.000Z,,0.9707,13,LULA,PT,706502,,,,,
2022,2,presidente,DF,,2022-10-30T21:07:08.000Z,,0.9724,22,JAIR BOLSONARO,PL,1012970,,,,,
2022,2,presidente,DF,,2022-10-30T21:07:08.000Z,,0.9724,13,LULA,PT,707909,,,,,
2022,2,presidente,DF,,2022-10-30T21:08:27.000Z,,0.9724,22,JAIR BOLSONARO,PL,1012970,,,,,
2022,2,presidente,DF,,2022-10-30T21:08:27.000Z,,0.9724,13,LULA,PT,707909,,,,,
2022,2,presidente,DF,,2022-10-30T21:09:41.000Z,,0.9724,22,JAIR BOLSONARO,PL,1012970,,,,,
2022,2,presidente,DF,,2022-10-30T21:09:41.000Z,,0.9724,13,LULA,PT,707909,,,,,
2022,2,presidente,DF,,2022-10-30T21:11:02.000Z,,0.9726,22,JAIR BOLSONARO,PL,1013111,,,,,
2022,2,presidente,DF,,2022-10-30T21:11:02.000Z,,0.9726,13,LULA,PT,708013,,,,,
2022,2,presidente,DF,,2022-10-30T21:12:26.000Z,,0.9727,22,JAIR BOLSONARO,PL,1013255,,,,,
2022,2,presidente,DF,,2022-10-30T21:12:26.000Z,,0.9727,13,LULA,PT,708111,,,,,
2022,2,presidente,DF,,2022-10-30T21:13:37.000Z,,0.9727,22,JAIR BOLSONARO,PL,1013255,,,,,
2022,2,presidente,DF,,2022-10-30T21:13:37.000Z,,0.9727,13,LULA,PT,708111,,,,,
2022,2,presidente,DF,,2022-10-30T21:14:59.000Z,,0.9727,22,JAIR BOLSONARO,PL,1013255,,,,,
2022,2,presidente,DF,,2022-10-30T21:14:59.000Z,,0.9727,13,LULA,PT,708111,,,,,
2022,2,presidente,DF,,2022-10-30T21:16:19.000Z,,0.9727,22,JAIR BOLSONARO,PL,1013255,,,,,
2022,2,presidente,DF,,2022-10-30T21:16:19.000Z,,0.9727,13,LULA,PT,708111,,,,,
2022,2,presidente,DF,,2022-10-30T21:17:38.000Z,,0.9727,22,JAIR BOLSONARO,PL,1013255,,,,,
2022,2,presidente,DF,,2022-10-30T21:17:38.000Z,,0.9727,13,LULA,PT,708111,,,,,
2022,2,presidente,DF,,2022-10-30T21:19:12.000Z,,0.9727,22,JAIR BOLSONARO,PL,1013255,,,,,
2022,2,presidente,DF,,2022-10-30T21:19:12.000Z,,0.9727,13,LULA,PT,708111,,,,,
2022,2,presidente,DF,,2022-10-30T21:20:32.000Z,,0.9729,22,JAIR BOLSONARO,PL,1013260,,,,,
2022,2,presidente,DF,,2022-10-30T21:20:32.000Z,,0.9729,13,LULA,PT,708145,,,,,
2022,2,presidente,DF,,2022-10-30T21:21:56.000Z,,0.9753,22,JAIR BOLSONARO,PL,1015948,,,,,
2022,2,presidente,DF,,2022-10-30T21:21:56.000Z,,0.9753,13,LULA,PT,709878,,,,,
2022,2,presidente,DF,,2022-10-30T21:23:20.000Z,,0.9766,22,JAIR BOLSONARO,PL,1017085,,,,,
2022,2,presidente,DF,,2022-10-30T21:23:20.000Z,,0.9766,13,LULA,PT,710776,,,,,
2022,2,presidente,DF,,2022-10-30T21:24:45.000Z,,0.9788,22,JAIR BOLSONARO,PL,1019190,,,,,
2022,2,presidente,DF,,2022-10-30T21:24:45.000Z,,0.9788,13,LULA,PT,712375,,,,,
2022,2,presidente,DF,,2022-10-30T21:26:16.000Z,,0.9813,22,JAIR BOLSONARO,PL,1021802,,,,,
2022,2,presidente,DF,,2022-10-30T21:26:16.000Z,,0.9813,13,LULA,PT,714356,,,,,
2022,2,presidente,DF,,2022-10-30T21:27:38.000Z,,0.9828,22,JAIR BOLSONARO,PL,1023475,,,,,
2022,2,presidente,DF,,2022-10-30T21:27:38.000Z,,0.9828,13,LULA,PT,715552,,,,,
2022,2,presidente,DF,,2022-10-30T21:29:02.000Z,,0.985,22,JAIR BOLSONARO,PL,1025817,,,,,
2022,2,presidente,DF,,2022-10-30T21:29:02.000Z,,0.985,13,LULA,PT,717300,,,,,
2022,2,presidente,DF,,2022-10-30T21:30:26.000Z,,0.9878,22,JAIR BOLSONARO,PL,1028486,,,,,
2022,2,presidente,DF,,2022-10-30T21:30:26.000Z,,0.9878,13,LULA,PT,719493,,,,,
2022,2,presidente,DF,,2022-10-30T21:31:58.000Z,,0.988,22,JAIR BOLSONARO,PL,1028591,,,,,
2022,2,presidente,DF,,2022-10-30T21:31:58.000Z,,0.988,13,LULA,PT,719584,,,,,
2022,2,presidente,DF,,2022-10-30T21:33:16.000Z,,0.9896,22,JAIR BOLSONARO,PL,1030518,,,,,
2022,2,presidente,DF,,2022-10-30T21:33:16.000Z,,0.9896,13,LULA,PT,720937,,,,,
2022,2,presidente,DF,,2022-10-30T21:34:39.000Z,,0.9901,22,JAIR BOLSONARO,PL,1030995,,,,,
2022,2,presidente,DF,,2022-10-30T21:34:39.000Z,,0.9901,13,LULA,PT,721314,,,,,
2022,2,presidente,DF,,2022-10-30T21:35:55.000Z,,0.9911,22,JAIR BOLSONARO,PL,1032116,,,,,
2022,2,presidente,DF,,2022-10-30T21:35:55.000Z,,0.9911,13,LULA,PT,722200,,,,,
2022,2,presidente,DF,,2022-10-30T21:37:26.000Z,,0.9935,22,JAIR BOLSONARO,PL,1034762,,,,,
2022,2,presidente,DF,,2022-10-30T21:37:26.000Z,,0.9935,13,LULA,PT,723895,,,,,
2022,2,presidente,DF,,2022-10-30T21:38:56.000Z,,0.9942,22,JAIR BOLSONARO,PL,1035573,,,,,
2022,2,presidente,DF,,2022-10-30T21:38:56.000Z,,0.9942,13,LULA,PT,724469,,,,,
2022,2,presidente,DF,,2022-10-30T21:40:22.000Z,,0.9942,22,JAIR BOLSONARO,PL,1035573,,,,,
2022,2,presidente,DF,,2022-10-30T21:40:22.000Z,,0.9942,13,LULA,PT,724469,,,,,
2022,2,presidente,DF,,2022-10-30T21:41:53.000Z,,0.9942,22,JAIR BOLSONARO,PL,1035573,,,,,
2022,2,presidente,DF,,2022-10-30T21:41:53.000Z,,0.9942,13,LULA,PT,724469,,,,,
2022,2,presidente,DF,,2022-10-30T21:43:14.000Z,,0.9942,22,JAIR BOLSONARO,PL,1035573,,,,,
2022,2,presidente,DF,,2022-10-30T21:43:14.000Z,,0.9942,13,LULA,PT,724469,,,,,
2022,2,presidente,DF,,2022-10-30T21:44:30.000Z,,0.9942,22,JAIR BOLSONARO,PL,1035573,,,,,
2022,2,presidente,DF,,2022-10-30T21:44:30.000Z,,0.9942,13,LULA,PT,724469,,,,,
2022,2,presidente,DF,,2022-10-30T21:45:54.000Z,,0.9945,22,JAIR BOLSONARO,PL,1035869,,,,,
2022,2,presidente,DF,,2022-10-30T21:45:54.000Z,,0.9945,13,LULA,PT,724701,,,,,
2022,2,presidente,DF,,2022-10-30T21:47:12.000Z,,0.9945,22,JAIR BOLSONARO,PL,1035869,,,,,
2022,2,presidente,DF,,2022-10-30T21:47:12.000Z,,0.9945,13,LULA,PT,724701,,,,,
2022,2,presidente,DF,,2022-10-30T21:48:35.000Z,,0.9978,22,JAIR BOLSONARO,PL,1039056,,,,,
2022,2,presidente,DF,,2022-10-30T21:48:35.000Z,,0.9978,13,LULA,PT,727473,,,,,
2022,2,presidente,DF,,2022-10-30T21:50:21.000Z,,0.9993,22,JAIR BOLSONARO,PL,1040577,,,,,
2022,2,presidente,DF,,2022-10-30T21:50:21.000Z,,0.9993,13,LULA,PT,728735,,,,,
2022,2,presidente,DF,,2022-10-30T21:51:50.000Z,,0.9993,22,JAIR BOLSONARO,PL,1040577,,,,,
2022,2,presidente,DF,,2022-10-30T21:51:50.000Z,,0.9993,13,LULA,PT,728735,,,,,
2022,2,presidente,DF,,2022-10-30T21:53:26.000Z,,0.9994,22,JAIR BOLSONARO,PL,1040745,,,,,
2022,2,presidente,DF,,2022-10-30T21:53:26.000Z,,0.9994,13,LULA,PT,728853,,,,,
2022,2,presidente,DF,,2022-10-30T21:54:50.000Z,,0.9994,22,JAIR BOLSONARO,PL,1040745,,,,,
2022,2,presidente,DF,,2022-10-30T21:54:50.000Z,,0.9994,13,LULA,PT,728853,,,,,
2022,2,presidente,DF,,2022-10-30T21:56:24.000Z,,0.9996,22,JAIR BOLSONARO,PL,1040884,,,,,
2022,2,presidente,DF,,2022-10-30T21:56:24.000Z,,0.9996,13,LULA,PT,728941,,,,,
2022,2,presidente,DF,,2022-10-30T21:57:58.000Z,,0.9996,22,JAIR BOLSONARO,PL,1040884,,,,,
2022,2,presidente,DF,,2022-10-30T21:57:58.000Z,,0.9996,13,LULA,PT,728941,,,,,
2022,2,presidente,DF,,2022-10-30T21:59:25.000Z,,0.9997,22,JAIR BOLSONARO,PL,1041033,,,,,
2022,2,presidente,DF,,2022-10-30T21:59:25.000Z,,0.9997,13,LULA,PT,729072,,,,,
2022,2,presidente,DF,,2022-10-30T22:01:02.000Z,,0.9997,22,JAIR BOLSONARO,PL,1041033,,,,,
2022,2,presidente,DF,,2022-10-30T22:01:02.000Z,,0.9997,13,LULA,PT,729072,,,,,
2022,2,presidente,DF,,2022-10-30T22:02:26.000Z,,0.9999,22,JAIR BOLSONARO,PL,1041200,,,,,
2022,2,presidente,DF,,2022-10-30T22:02:26.000Z,,0.9999,13,LULA,PT,729170,,,,,
2022,2,presidente,DF,,2022-10-30T22:03:51.000Z,,0.9999,22,JAIR BOLSONARO,PL,1041200,,,,,
2022,2,presidente,DF,,2022-10-30T22:03:51.000Z,,0.9999,13,LULA,PT,729170,,,,,
2022,2,presidente,DF,,2022-10-30T22:05:13.000Z,,0.9999,22,JAIR BOLSONARO,PL,1041200,,,,,
2022,2,presidente,DF,,2022-10-30T22:05:13.000Z,,0.9999,13,LULA,PT,729170,,,,,
2022,2,presidente,DF,,2022-10-30T22:06:42.000Z,,0.9999,22,JAIR BOLSONARO,PL,1041200,,,,,
2022,2,presidente,DF,,2022-10-30T22:06:42.000Z,,0.9999,13,LULA,PT,729170,,,,,
2022,2,presidente,DF,,2022-10-30T22:08:09.000Z,,0.9999,22,JAIR BOLSONARO,PL,1041200,,,,,
2022,2,presidente,DF,,2022-10-30T22:08:09.000Z,,0.9999,13,LULA,PT,729170,,,,,
2022,2,presidente,DF,,2022-10-30T22:09:29.000Z,,0.9999,22,JAIR BOLSONARO,PL,1041200,,,,,
2022,2,presidente,DF,,2022-10-30T22:09:29.000Z,,0.9999,13,LULA,PT,729170,,,,,
2022,2,presidente,DF,,2022-10-30T22:11:12.000Z,,0.9999,22,JAIR BOLSONARO,PL,1041200,,,,,
2022,2,presidente,DF,,2022-10-30T22:11:12.000Z,,0.9999,13,LULA,PT,729170,,,,,
2022,2,presidente,DF,,2022-10-30T22:12:58.000Z,,0.9999,22,JAIR BOLSONARO,PL,1041200,,,,,
2022,2,presidente,DF,,2022-10-30T22:12:58.000Z,,0.9999,13,LULA,PT,729170,,,,,
2022,2,presidente,DF,,2022-10-30T22:14:41.000Z,,0.9999,22,JAIR BOLSONARO,PL,1041200,,,,,
2022,2,presidente,DF,,2022-10-30T22:14:41.000Z,,0.9999,13,LULA,PT,729170,,,,,
2022,2,presidente,DF,,2022-10-30T22:16:16.000Z,,0.9999,22,JAIR BOLSONARO,PL,1041200,,,,,
2022,2,presidente,DF,,2022-10-30T22:16:16.000Z,,0.9999,13,LULA,PT,729170,,,,,
2022,2,presidente,DF,,2022-10-30T22:17:56.000Z,,0.9999,22,JAIR BOLSONARO,PL,1041200,,,,,
2022,2,presidente,DF,,2022-10-30T22:17:56.000Z,,0.9999,13,LULA,PT,729170,,,,,
2022,2,presidente,DF,,2022-10-30T22:19:38.000Z,,0.9999,22,JAIR BOLSONARO,PL,1041200,,,,,
2022,2,presidente,DF,,2022-10-30T22:19:38.000Z,,0.9999,13,LULA,PT,729170,,,,,
2022,2,presidente,DF,,2022-10-30T22:21:11.000Z,,0.9999,22,JAIR BOLSONARO,PL,1041200,,,,,
2022,2,presidente,DF,,2022-10-30T22:21:11.000Z,,0.9999,13,LULA,PT,729170,,,,,
2022,2,presidente,DF,,2022-10-30T22:22:41.000Z,,0.9999,22,JAIR BOLSONARO,PL,1041200,,,,,
2022,2,presidente,DF,,2022-10-30T22:22:41.000Z,,0.9999,13,LULA,PT,729170,,,,,
2022,2,presidente,DF,,2022-10-30T22:24:22.000Z,,0.9999,22,JAIR BOLSONARO,PL,1041200,,,,,
2022,2,presidente,DF,,2022-10-30T22:24:22.000Z,,0.9999,13,LULA,PT,729170,,,,,
2022,2,presidente,DF,,2022-10-30T22:26:21.000Z,,0.9999,22,JAIR BOLSONARO,PL,1041200,,,,,
2022,2,presidente,DF,,2022-10-30T22:26:21.000Z,,0.9999,13,LULA,PT,729170,,,,,
2022,2,presidente,DF,,2022-10-30T22:27:55.000Z,,0.9999,22,JAIR BOLSONARO,PL,1041200,,,,,
2022,2,presidente,DF,,2022-10-30T22:27:55.000Z,,0.9999,13,LULA,PT,729170,,,,,
2022,2,presidente,DF,,2022-10-30T22:29:40.000Z,,0.9999,22,JAIR BOLSONARO,PL,1041200,,,,,
2022,2,presidente,DF,,2022-10-30T22:29:40.000Z,,0.9999,13,LULA,PT,729170,,,,,
2022,2,presidente,DF,,2022-10-30T22:31:21.000Z,,0.9999,22,JAIR BOLSONARO,PL,1041200,,,,,
2022,2,presidente,DF,,2022-10-30T22:31:21.000Z,,0.9999,13,LULA,PT,729170,,,,,
2022,2,presidente,DF,,2022-10-30T22:32:59.000Z,,0.9999,22,JAIR BOLSONARO,PL,1041200,,,,,
2022,2,presidente,DF,,2022-10-30T22:32:59.000Z,,0.9999,13,LULA,PT,729170,,,,,
2022,2,presidente,DF,,2022-10-30T22:34:51.000Z,,0.9999,22,JAIR BOLSONARO,PL,1041200,,,,,
2022,2,presidente,DF,,2022-10-30T22:34:51.000Z,,0.9999,13,LULA,PT,729170,,,,,
2022,2,presidente,DF,,2022-10-30T22:36:52.000Z,,0.9999,22,JAIR BOLSONARO,PL,1041200,,,,,
2022,2,presidente,DF,,2022-10-30T22:36:52.000Z,,0.9999,13,LULA,PT,729170,,,,,
2022,2,presidente,DF,,2022-10-30T22:38:33.000Z,,0.9999,22,JAIR BOLSONARO,PL,1041200,,,,,
2022,2,presidente,DF,,2022-10-30T22:38:33.000Z,,0.9999,13,LULA,PT,729170,,,,,
2022,2,presidente,DF,,2022-10-30T22:40:11.000Z,,0.9999,22,JAIR BOLSONARO,PL,1041200,,,,,
2022,2,presidente,DF,,2022-10-30T22:40:11.000Z,,0.9999,13,LULA,PT,729170,,,,,
2022,2,presidente,DF,,2022-10-30T22:42:00.000Z,,0.9999,22,JAIR BOLSONARO,PL,1041200,,,,,
2022,2,presidente,DF,,2022-10-30T22:42:00.000Z,,0.9999,13,LULA,PT,729170,,,,,
2022,2,presidente,DF,,2022-10-30T22:43:26.000Z,,0.9999,22,JAIR BOLSONARO,PL,1041200,,,,,
2022,2,presidente,DF,,2022-10-30T22:43:26.000Z,,0.9999,13,LULA,PT,729170,,,,,
2022,2,presidente,DF,,2022-10-30T22:45:13.000Z,,0.9999,22,JAIR BOLSONARO,PL,1041200,,,,,
2022,2,presidente,DF,,2022-10-30T22:45:13.000Z,,0.9999,13,LULA,PT,729170,,,,,
2022,2,presidente,DF,,2022-10-30T22:47:04.000Z,,0.9999,22,JAIR BOLSONARO,PL,1041200,,,,,
2022,2,presidente,DF,,2022-10-30T22:47:04.000Z,,0.9999,13,LULA,PT,729170,,,,,
2022,2,presidente,DF,,2022-10-30T22:48:46.000Z,,0.9999,22,JAIR BOLSONARO,PL,1041200,,,,,
2022,2,presidente,DF,,2022-10-30T22:48:46.000Z,,0.9999,13,LULA,PT,729170,,,,,
2022,2,presidente,DF,,2022-10-30T22:50:28.000Z,,0.9999,22,JAIR BOLSONARO,PL,1041200,,,,,
2022,2,presidente,DF,,2022-10-30T22:50:28.000Z,,0.9999,13,LULA,PT,729170,,,,,
2022,2,presidente,DF,,2022-10-30T22:52:16.000Z,,0.9999,22,JAIR BOLSONARO,PL,1041200,,,,,
2022,2,presidente,DF,,2022-10-30T22:52:16.000Z,,0.9999,13,LULA,PT,729170,,,,,
2022,2,presidente,DF,,2022-10-30T22:53:51.000Z,,0.9999,22,JAIR BOLSONARO,PL,1041200,,,,,
2022,2,presidente,DF,,2022-10-30T22:53:51.000Z,,0.9999,13,LULA,PT,729170,,,,,
2022,2,presidente,DF,,2022-10-30T22:55:13.000Z,,0.9999,22,JAIR BOLSONARO,PL,1041200,,,,,
2022,2,presidente,DF,,2022-10-30T22:55:13.000Z,,0.9999,13,LULA,PT,729170,,,,,
2022,2,presidente,DF,,2022-10-30T22:57:05.000Z,,0.9999,22,JAIR BOLSONARO,PL,1041200,,,,,
2022,2,presidente,DF,,2022-10-30T22:57:05.000Z,,0.9999,13,LULA,PT,729170,,,,,
2022,2,presidente,DF,,2022-10-30T22:59:04.000Z,,0.9999,22,JAIR BOLSONARO,PL,1041200,,,,,
2022,2,presidente,DF,,2022-10-30T22:59:04.000Z,,0.9999,13,LULA,PT,729170,,,,,
2022,2,presidente,DF,,2022-10-30T23:01:15.000Z,,1,22,JAIR BOLSONARO,PL,1041331,,,,,
2022,2,presidente,DF,,2022-10-30T23:01:15.000Z,,1,13,LULA,PT,729295,,,,,
2022,2,presidente,ES,,2022-10-30T20:10:51.000Z,,0.0002,22,JAIR BOLSONARO,PL,191,,,,,
2022,2,presidente,ES,,2022-10-30T20:10:51.000Z,,0.0002,13,LULA,PT,193,,,,,
2022,2,presidente,ES,,2022-10-30T20:12:03.000Z,,0.0004,22,JAIR BOLSONARO,PL,307,,,,,
2022,2,presidente,ES,,2022-10-30T20:12:03.000Z,,0.0004,13,LULA,PT,430,,,,,
2022,2,presidente,ES,,2022-10-30T20:13:09.000Z,,0.0004,22,JAIR BOLSONARO,PL,307,,,,,
2022,2,presidente,ES,,2022-10-30T20:13:09.000Z,,0.0004,13,LULA,PT,430,,,,,
2022,2,presidente,ES,,2022-10-30T20:14:16.000Z,,0.0005,22,JAIR BOLSONARO,PL,400,,,,,
2022,2,presidente,ES,,2022-10-30T20:14:16.000Z,,0.0005,13,LULA,PT,546,,,,,
2022,2,presidente,ES,,2022-10-30T20:15:31.000Z,,0.001,22,JAIR BOLSONARO,PL,881,,,,,
2022,2,presidente,ES,,2022-10-30T20:15:31.000Z,,0.001,13,LULA,PT,832,,,,,
2022,2,presidente,ES,,2022-10-30T20:16:37.000Z,,0.0016,22,JAIR BOLSONARO,PL,1633,,,,,
2022,2,presidente,ES,,2022-10-30T20:16:37.000Z,,0.0016,13,LULA,PT,1416,,,,,
2022,2,presidente,ES,,2022-10-30T20:17:44.000Z,,0.0019,22,JAIR BOLSONARO,PL,2142,,,,,
2022,2,presidente,ES,,2022-10-30T20:17:44.000Z,,0.0019,13,LULA,PT,1696,,,,,
2022,2,presidente,ES,,2022-10-30T20:18:56.000Z,,0.0025,22,JAIR BOLSONARO,PL,2751,,,,,
2022,2,presidente,ES,,2022-10-30T20:18:56.000Z,,0.0025,13,LULA,PT,2218,,,,,
2022,2,presidente,ES,,2022-10-30T20:20:06.000Z,,0.0025,22,JAIR BOLSONARO,PL,2751,,,,,
2022,2,presidente,ES,,2022-10-30T20:20:06.000Z,,0.0025,13,LULA,PT,2218,,,,,
2022,2,presidente,ES,,2022-10-30T20:21:12.000Z,,0.0052,22,JAIR BOLSONARO,PL,6202,,,,,
2022,2,presidente,ES,,2022-10-30T20:21:12.000Z,,0.0052,13,LULA,PT,4654,,,,,
2022,2,presidente,ES,,2022-10-30T20:22:33.000Z,,0.0142,22,JAIR BOLSONARO,PL,17062,,,,,
2022,2,presidente,ES,,2022-10-30T20:22:33.000Z,,0.0142,13,LULA,PT,12847,,,,,
2022,2,presidente,ES,,2022-10-30T20:23:43.000Z,,0.0195,22,JAIR BOLSONARO,PL,23674,,,,,
2022,2,presidente,ES,,2022-10-30T20:23:43.000Z,,0.0195,13,LULA,PT,17368,,,,,
2022,2,presidente,ES,,2022-10-30T20:25:01.000Z,,0.0262,22,JAIR BOLSONARO,PL,31861,,,,,
2022,2,presidente,ES,,2022-10-30T20:25:01.000Z,,0.0262,13,LULA,PT,23160,,,,,
2022,2,presidente,ES,,2022-10-30T20:26:12.000Z,,0.0352,22,JAIR BOLSONARO,PL,42643,,,,,
2022,2,presidente,ES,,2022-10-30T20:26:12.000Z,,0.0352,13,LULA,PT,31616,,,,,
2022,2,presidente,ES,,2022-10-30T20:27:19.000Z,,0.0503,22,JAIR BOLSONARO,PL,61911,,,,,
2022,2,presidente,ES,,2022-10-30T20:27:19.000Z,,0.0503,13,LULA,PT,45152,,,,,
2022,2,presidente,ES,,2022-10-30T20:28:24.000Z,,0.062,22,JAIR BOLSONARO,PL,76065,,,,,
2022,2,presidente,ES,,2022-10-30T20:28:24.000Z,,0.062,13,LULA,PT,54903,,,,,
2022,2,presidente,ES,,2022-10-30T20:29:35.000Z,,0.0779,22,JAIR BOLSONARO,PL,94934,,,,,
2022,2,presidente,ES,,2022-10-30T20:29:35.000Z,,0.0779,13,LULA,PT,69470,,,,,
2022,2,presidente,ES,,2022-10-30T20:30:41.000Z,,0.095,22,JAIR BOLSONARO,PL,118115,,,,,
2022,2,presidente,ES,,2022-10-30T20:30:41.000Z,,0.095,13,LULA,PT,84285,,,,,
2022,2,presidente,ES,,2022-10-30T20:31:59.000Z,,0.1107,22,JAIR BOLSONARO,PL,137769,,,,,
2022,2,presidente,ES,,2022-10-30T20:31:59.000Z,,0.1107,13,LULA,PT,98277,,,,,
2022,2,presidente,ES,,2022-10-30T20:33:10.000Z,,0.1303,22,JAIR BOLSONARO,PL,163526,,,,,
2022,2,presidente,ES,,2022-10-30T20:33:10.000Z,,0.1303,13,LULA,PT,117519,,,,,
2022,2,presidente,ES,,2022-10-30T20:34:23.000Z,,0.1765,22,JAIR BOLSONARO,PL,224081,,,,,
2022,2,presidente,ES,,2022-10-30T20:34:23.000Z,,0.1765,13,LULA,PT,158556,,,,,
2022,2,presidente,ES,,2022-10-30T20:35:39.000Z,,0.192,22,JAIR BOLSONARO,PL,244783,,,,,
2022,2,presidente,ES,,2022-10-30T20:35:39.000Z,,0.192,13,LULA,PT,172791,,,,,
2022,2,presidente,ES,,2022-10-30T20:36:48.000Z,,0.192,22,JAIR BOLSONARO,PL,244783,,,,,
2022,2,presidente,ES,,2022-10-30T20:36:48.000Z,,0.192,13,LULA,PT,172791,,,,,
2022,2,presidente,ES,,2022-10-30T20:37:56.000Z,,0.2294,22,JAIR BOLSONARO,PL,289476,,,,,
2022,2,presidente,ES,,2022-10-30T20:37:56.000Z,,0.2294,13,LULA,PT,208335,,,,,
2022,2,presidente,ES,,2022-10-30T20:39:07.000Z,,0.2458,22,JAIR BOLSONARO,PL,309730,,,,,
2022,2,presidente,ES,,2022-10-30T20:39:07.000Z,,0.2458,13,LULA,PT,222988,,,,,
2022,2,presidente,ES,,2022-10-30T20:40:13.000Z,,0.2615,22,JAIR BOLSONARO,PL,330514,,,,,
2022,2,presidente,ES,,2022-10-30T20:40:13.000Z,,0.2615,13,LULA,PT,236192,,,,,
2022,2,presidente,ES,,2022-10-30T20:41:24.000Z,,0.2863,22,JAIR BOLSONARO,PL,363021,,,,,
2022,2,presidente,ES,,2022-10-30T20:41:24.000Z,,0.2863,13,LULA,PT,259511,,,,,
2022,2,presidente,ES,,2022-10-30T20:42:30.000Z,,0.3002,22,JAIR BOLSONARO,PL,381857,,,,,
2022,2,presidente,ES,,2022-10-30T20:42:30.000Z,,0.3002,13,LULA,PT,272428,,,,,
2022,2,presidente,ES,,2022-10-30T20:43:36.000Z,,0.3267,22,JAIR BOLSONARO,PL,415453,,,,,
2022,2,presidente,ES,,2022-10-30T20:43:36.000Z,,0.3267,13,LULA,PT,295578,,,,,
2022,2,presidente,ES,,2022-10-30T20:44:51.000Z,,0.3464,22,JAIR BOLSONARO,PL,440131,,,,,
2022,2,presidente,ES,,2022-10-30T20:44:51.000Z,,0.3464,13,LULA,PT,311972,,,,,
2022,2,presidente,ES,,2022-10-30T20:46:00.000Z,,0.3852,22,JAIR BOLSONARO,PL,490553,,,,,
2022,2,presidente,ES,,2022-10-30T20:46:00.000Z,,0.3852,13,LULA,PT,348727,,,,,
2022,2,presidente,ES,,2022-10-30T20:47:10.000Z,,0.4087,22,JAIR BOLSONARO,PL,521638,,,,,
2022,2,presidente,ES,,2022-10-30T20:47:10.000Z,,0.4087,13,LULA,PT,370089,,,,,
2022,2,presidente,ES,,2022-10-30T20:48:37.000Z,,0.4274,22,JAIR BOLSONARO,PL,546373,,,,,
2022,2,presidente,ES,,2022-10-30T20:48:37.000Z,,0.4274,13,LULA,PT,388464,,,,,
2022,2,presidente,ES,,2022-10-30T20:49:59.000Z,,0.4673,22,JAIR BOLSONARO,PL,597902,,,,,
2022,2,presidente,ES,,2022-10-30T20:49:59.000Z,,0.4673,13,LULA,PT,424111,,,,,
2022,2,presidente,ES,,2022-10-30T20:51:12.000Z,,0.4872,22,JAIR BOLSONARO,PL,624971,,,,,
2022,2,presidente,ES,,2022-10-30T20:51:12.000Z,,0.4872,13,LULA,PT,442731,,,,,
2022,2,presidente,ES,,2022-10-30T20:52:25.000Z,,0.4872,22,JAIR BOLSONARO,PL,624971,,,,,
2022,2,presidente,ES,,2022-10-30T20:52:25.000Z,,0.4872,13,LULA,PT,442731,,,,,
2022,2,presidente,ES,,2022-10-30T20:53:44.000Z,,0.5335,22,JAIR BOLSONARO,PL,685409,,,,,
2022,2,presidente,ES,,2022-10-30T20:53:44.000Z,,0.5335,13,LULA,PT,486629,,,,,
2022,2,presidente,ES,,2022-10-30T20:55:01.000Z,,0.5449,22,JAIR BOLSONARO,PL,701137,,,,,
2022,2,presidente,ES,,2022-10-30T20:55:01.000Z,,0.5449,13,LULA,PT,497694,,,,,
2022,2,presidente,ES,,2022-10-30T20:56:23.000Z,,0.564,22,JAIR BOLSONARO,PL,727571,,,,,
2022,2,presidente,ES,,2022-10-30T20:56:23.000Z,,0.564,13,LULA,PT,515338,,,,,
2022,2,presidente,ES,,2022-10-30T20:57:46.000Z,,0.5893,22,JAIR BOLSONARO,PL,758693,,,,,
2022,2,presidente,ES,,2022-10-30T20:57:46.000Z,,0.5893,13,LULA,PT,540015,,,,,
2022,2,presidente,ES,,2022-10-30T20:59:05.000Z,,0.615,22,JAIR BOLSONARO,PL,794821,,,,,
2022,2,presidente,ES,,2022-10-30T20:59:05.000Z,,0.615,13,LULA,PT,562959,,,,,
2022,2,presidente,ES,,2022-10-30T21:00:19.000Z,,0.6347,22,JAIR BOLSONARO,PL,819737,,,,,
2022,2,presidente,ES,,2022-10-30T21:00:19.000Z,,0.6347,13,LULA,PT,581626,,,,,
2022,2,presidente,ES,,2022-10-30T21:01:51.000Z,,0.6483,22,JAIR BOLSONARO,PL,838661,,,,,
2022,2,presidente,ES,,2022-10-30T21:01:51.000Z,,0.6483,13,LULA,PT,594476,,,,,
2022,2,presidente,ES,,2022-10-30T21:03:08.000Z,,0.6798,22,JAIR BOLSONARO,PL,879356,,,,,
2022,2,presidente,ES,,2022-10-30T21:03:08.000Z,,0.6798,13,LULA,PT,625887,,,,,
2022,2,presidente,ES,,2022-10-30T21:04:30.000Z,,0.6897,22,JAIR BOLSONARO,PL,891959,,,,,
2022,2,presidente,ES,,2022-10-30T21:04:30.000Z,,0.6897,13,LULA,PT,636061,,,,,
2022,2,presidente,ES,,2022-10-30T21:05:36.000Z,,0.7058,22,JAIR BOLSONARO,PL,912610,,,,,
2022,2,presidente,ES,,2022-10-30T21:05:36.000Z,,0.7058,13,LULA,PT,651154,,,,,
2022,2,presidente,ES,,2022-10-30T21:06:54.000Z,,0.717,22,JAIR BOLSONARO,PL,927205,,,,,
2022,2,presidente,ES,,2022-10-30T21:06:54.000Z,,0.717,13,LULA,PT,661911,,,,,
2022,2,presidente,ES,,2022-10-30T21:08:11.000Z,,0.7308,22,JAIR BOLSONARO,PL,943567,,,,,
2022,2,presidente,ES,,2022-10-30T21:08:11.000Z,,0.7308,13,LULA,PT,675253,,,,,
2022,2,presidente,ES,,2022-10-30T21:09:34.000Z,,0.761,22,JAIR BOLSONARO,PL,985725,,,,,
2022,2,presidente,ES,,2022-10-30T21:09:34.000Z,,0.761,13,LULA,PT,702086,,,,,
2022,2,presidente,ES,,2022-10-30T21:10:43.000Z,,0.7755,22,JAIR BOLSONARO,PL,1004237,,,,,
2022,2,presidente,ES,,2022-10-30T21:10:43.000Z,,0.7755,13,LULA,PT,716922,,,,,
2022,2,presidente,ES,,2022-10-30T21:12:07.000Z,,0.7896,22,JAIR BOLSONARO,PL,1021843,,,,,
2022,2,presidente,ES,,2022-10-30T21:12:07.000Z,,0.7896,13,LULA,PT,731185,,,,,
2022,2,presidente,ES,,2022-10-30T21:13:29.000Z,,0.7986,22,JAIR BOLSONARO,PL,1032340,,,,,
2022,2,presidente,ES,,2022-10-30T21:13:29.000Z,,0.7986,13,LULA,PT,740172,,,,,
2022,2,presidente,ES,,2022-10-30T21:14:38.000Z,,0.8138,22,JAIR BOLSONARO,PL,1051625,,,,,
2022,2,presidente,ES,,2022-10-30T21:14:38.000Z,,0.8138,13,LULA,PT,753713,,,,,
2022,2,presidente,ES,,2022-10-30T21:16:01.000Z,,0.8414,22,JAIR BOLSONARO,PL,1086542,,,,,
2022,2,presidente,ES,,2022-10-30T21:16:01.000Z,,0.8414,13,LULA,PT,778698,,,,,
2022,2,presidente,ES,,2022-10-30T21:17:26.000Z,,0.8551,22,JAIR BOLSONARO,PL,1103832,,,,,
2022,2,presidente,ES,,2022-10-30T21:17:26.000Z,,0.8551,13,LULA,PT,792350,,,,,
2022,2,presidente,ES,,2022-10-30T21:18:47.000Z,,0.8648,22,JAIR BOLSONARO,PL,1116491,,,,,
2022,2,presidente,ES,,2022-10-30T21:18:47.000Z,,0.8648,13,LULA,PT,802255,,,,,
2022,2,presidente,ES,,2022-10-30T21:20:15.000Z,,0.8767,22,JAIR BOLSONARO,PL,1130039,,,,,
2022,2,presidente,ES,,2022-10-30T21:20:15.000Z,,0.8767,13,LULA,PT,813944,,,,,
2022,2,presidente,ES,,2022-10-30T21:21:36.000Z,,0.8957,22,JAIR BOLSONARO,PL,1153051,,,,,
2022,2,presidente,ES,,2022-10-30T21:21:36.000Z,,0.8957,13,LULA,PT,832086,,,,,
2022,2,presidente,ES,,2022-10-30T21:23:00.000Z,,0.9109,22,JAIR BOLSONARO,PL,1172182,,,,,
2022,2,presidente,ES,,2022-10-30T21:23:00.000Z,,0.9109,13,LULA,PT,845850,,,,,
2022,2,presidente,ES,,2022-10-30T21:24:24.000Z,,0.9246,22,JAIR BOLSONARO,PL,1189666,,,,,
2022,2,presidente,ES,,2022-10-30T21:24:24.000Z,,0.9246,13,LULA,PT,859365,,,,,
2022,2,presidente,ES,,2022-10-30T21:25:49.000Z,,0.9314,22,JAIR BOLSONARO,PL,1197643,,,,,
2022,2,presidente,ES,,2022-10-30T21:25:49.000Z,,0.9314,13,LULA,PT,866066,,,,,
2022,2,presidente,ES,,2022-10-30T21:27:20.000Z,,0.9465,22,JAIR BOLSONARO,PL,1215190,,,,,
2022,2,presidente,ES,,2022-10-30T21:27:20.000Z,,0.9465,13,LULA,PT,881089,,,,,
2022,2,presidente,ES,,2022-10-30T21:28:42.000Z,,0.9535,22,JAIR BOLSONARO,PL,1223710,,,,,
2022,2,presidente,ES,,2022-10-30T21:28:42.000Z,,0.9535,13,LULA,PT,887649,,,,,
2022,2,presidente,ES,,2022-10-30T21:30:05.000Z,,0.9584,22,JAIR BOLSONARO,PL,1229253,,,,,
2022,2,presidente,ES,,2022-10-30T21:30:05.000Z,,0.9584,13,LULA,PT,891743,,,,,
2022,2,presidente,ES,,2022-10-30T21:31:30.000Z,,0.9724,22,JAIR BOLSONARO,PL,1247148,,,,,
2022,2,presidente,ES,,2022-10-30T21:31:30.000Z,,0.9724,13,LULA,PT,903899,,,,,
2022,2,presidente,ES,,2022-10-30T21:33:01.000Z,,0.9742,22,JAIR BOLSONARO,PL,1249461,,,,,
2022,2,presidente,ES,,2022-10-30T21:33:01.000Z,,0.9742,13,LULA,PT,905712,,,,,
2022,2,presidente,ES,,2022-10-30T21:34:19.000Z,,0.9776,22,JAIR BOLSONARO,PL,1254442,,,,,
2022,2,presidente,ES,,2022-10-30T21:34:19.000Z,,0.9776,13,LULA,PT,908152,,,,,
2022,2,presidente,ES,,2022-10-30T21:35:41.000Z,,0.9819,22,JAIR BOLSONARO,PL,1260667,,,,,
2022,2,presidente,ES,,2022-10-30T21:35:41.000Z,,0.9819,13,LULA,PT,911744,,,,,
2022,2,presidente,ES,,2022-10-30T21:37:00.000Z,,0.9843,22,JAIR BOLSONARO,PL,1263952,,,,,
2022,2,presidente,ES,,2022-10-30T21:37:00.000Z,,0.9843,13,LULA,PT,913581,,,,,
2022,2,presidente,ES,,2022-10-30T21:38:31.000Z,,0.9866,22,JAIR BOLSONARO,PL,1266956,,,,,
2022,2,presidente,ES,,2022-10-30T21:38:31.000Z,,0.9866,13,LULA,PT,915054,,,,,
2022,2,presidente,ES,,2022-10-30T21:40:01.000Z,,0.9885,22,JAIR BOLSONARO,PL,1269279,,,,,
2022,2,presidente,ES,,2022-10-30T21:40:01.000Z,,0.9885,13,LULA,PT,916918,,,,,
2022,2,presidente,ES,,2022-10-30T21:41:32.000Z,,0.9904,22,JAIR BOLSONARO,PL,1271246,,,,,
2022,2,presidente,ES,,2022-10-30T21:41:32.000Z,,0.9904,13,LULA,PT,918517,,,,,
2022,2,presidente,ES,,2022-10-30T21:42:57.000Z,,0.9912,22,JAIR BOLSONARO,PL,1272528,,,,,
2022,2,presidente,ES,,2022-10-30T21:42:57.000Z,,0.9912,13,LULA,PT,919139,,,,,
2022,2,presidente,ES,,2022-10-30T21:44:16.000Z,,0.9929,22,JAIR BOLSONARO,PL,1274520,,,,,
2022,2,presidente,ES,,2022-10-30T21:44:16.000Z,,0.9929,13,LULA,PT,920446,,,,,
2022,2,presidente,ES,,2022-10-30T21:45:35.000Z,,0.9942,22,JAIR BOLSONARO,PL,1276042,,,,,
2022,2,presidente,ES,,2022-10-30T21:45:35.000Z,,0.9942,13,LULA,PT,921547,,,,,
2022,2,presidente,ES,,2022-10-30T21:46:58.000Z,,0.995,22,JAIR BOLSONARO,PL,1277079,,,,,
2022,2,presidente,ES,,2022-10-30T21:46:58.000Z,,0.995,13,LULA,PT,922198,,,,,
2022,2,presidente,ES,,2022-10-30T21:48:15.000Z,,0.9956,22,JAIR BOLSONARO,PL,1277592,,,,,
2022,2,presidente,ES,,2022-10-30T21:48:15.000Z,,0.9956,13,LULA,PT,922634,,,,,
2022,2,presidente,ES,,2022-10-30T21:49:47.000Z,,0.9964,22,JAIR BOLSONARO,PL,1278489,,,,,
2022,2,presidente,ES,,2022-10-30T21:49:47.000Z,,0.9964,13,LULA,PT,923382,,,,,
2022,2,presidente,ES,,2022-10-30T21:51:30.000Z,,0.9973,22,JAIR BOLSONARO,PL,1279329,,,,,
2022,2,presidente,ES,,2022-10-30T21:51:30.000Z,,0.9973,13,LULA,PT,924164,,,,,
2022,2,presidente,ES,,2022-10-30T21:53:04.000Z,,0.9973,22,JAIR BOLSONARO,PL,1279329,,,,,
2022,2,presidente,ES,,2022-10-30T21:53:04.000Z,,0.9973,13,LULA,PT,924164,,,,,
2022,2,presidente,ES,,2022-10-30T21:54:30.000Z,,0.9982,22,JAIR BOLSONARO,PL,1280394,,,,,
2022,2,presidente,ES,,2022-10-30T21:54:30.000Z,,0.9982,13,LULA,PT,925053,,,,,
2022,2,presidente,ES,,2022-10-30T21:55:56.000Z,,0.9983,22,JAIR BOLSONARO,PL,1280551,,,,,
2022,2,presidente,ES,,2022-10-30T21:55:56.000Z,,0.9983,13,LULA,PT,925174,,,,,
2022,2,presidente,ES,,2022-10-30T21:57:28.000Z,,0.9984,22,JAIR BOLSONARO,PL,1280742,,,,,
2022,2,presidente,ES,,2022-10-30T21:57:28.000Z,,0.9984,13,LULA,PT,925275,,,,,
2022,2,presidente,ES,,2022-10-30T21:59:04.000Z,,0.9987,22,JAIR BOLSONARO,PL,1280924,,,,,
2022,2,presidente,ES,,2022-10-30T21:59:04.000Z,,0.9987,13,LULA,PT,925554,,,,,
2022,2,presidente,ES,,2022-10-30T22:00:29.000Z,,0.999,22,JAIR BOLSONARO,PL,1281154,,,,,
2022,2,presidente,ES,,2022-10-30T22:00:29.000Z,,0.999,13,LULA,PT,925887,,,,,
2022,2,presidente,ES,,2022-10-30T22:02:07.000Z,,0.9992,22,JAIR BOLSONARO,PL,1281286,,,,,
2022,2,presidente,ES,,2022-10-30T22:02:07.000Z,,0.9992,13,LULA,PT,926125,,,,,
2022,2,presidente,ES,,2022-10-30T22:03:29.000Z,,0.9994,22,JAIR BOLSONARO,PL,1281390,,,,,
2022,2,presidente,ES,,2022-10-30T22:03:29.000Z,,0.9994,13,LULA,PT,926283,,,,,
2022,2,presidente,ES,,2022-10-30T22:04:54.000Z,,0.9994,22,JAIR BOLSONARO,PL,1281390,,,,,
2022,2,presidente,ES,,2022-10-30T22:04:54.000Z,,0.9994,13,LULA,PT,926283,,,,,
2022,2,presidente,ES,,2022-10-30T22:06:17.000Z,,0.9996,22,JAIR BOLSONARO,PL,1281655,,,,,
2022,2,presidente,ES,,2022-10-30T22:06:17.000Z,,0.9996,13,LULA,PT,926400,,,,,
2022,2,presidente,ES,,2022-10-30T22:07:50.000Z,,0.9998,22,JAIR BOLSONARO,PL,1281897,,,,,
2022,2,presidente,ES,,2022-10-30T22:07:50.000Z,,0.9998,13,LULA,PT,926509,,,,,
2022,2,presidente,ES,,2022-10-30T22:09:11.000Z,,0.9999,22,JAIR BOLSONARO,PL,1282020,,,,,
2022,2,presidente,ES,,2022-10-30T22:09:11.000Z,,0.9999,13,LULA,PT,926617,,,,,
2022,2,presidente,ES,,2022-10-30T22:10:33.000Z,,1,22,JAIR BOLSONARO,PL,1282145,,,,,
2022,2,presidente,ES,,2022-10-30T22:10:33.000Z,,1,13,LULA,PT,926767,,,,,
2022,2,presidente,GO,,2022-10-30T20:07:24.000Z,,0.0002,22,JAIR BOLSONARO,PL,381,,,,,
2022,2,presidente,GO,,2022-10-30T20:07:24.000Z,,0.0002,13,LULA,PT,380,,,,,
2022,2,presidente,GO,,2022-10-30T20:08:29.000Z,,0.0002,22,JAIR BOLSONARO,PL,381,,,,,
2022,2,presidente,GO,,2022-10-30T20:08:29.000Z,,0.0002,13,LULA,PT,380,,,,,
2022,2,presidente,GO,,2022-10-30T20:09:42.000Z,,0.0003,22,JAIR BOLSONARO,PL,665,,,,,
2022,2,presidente,GO,,2022-10-30T20:09:42.000Z,,0.0003,13,LULA,PT,636,,,,,
2022,2,presidente,GO,,2022-10-30T20:10:53.000Z,,0.0008,22,JAIR BOLSONARO,PL,1211,,,,,
2022,2,presidente,GO,,2022-10-30T20:10:53.000Z,,0.0008,13,LULA,PT,1262,,,,,
2022,2,presidente,GO,,2022-10-30T20:12:04.000Z,,0.0009,22,JAIR BOLSONARO,PL,1433,,,,,
2022,2,presidente,GO,,2022-10-30T20:12:04.000Z,,0.0009,13,LULA,PT,1415,,,,,
2022,2,presidente,GO,,2022-10-30T20:13:11.000Z,,0.0009,22,JAIR BOLSONARO,PL,1433,,,,,
2022,2,presidente,GO,,2022-10-30T20:13:11.000Z,,0.0009,13,LULA,PT,1415,,,,,
2022,2,presidente,GO,,2022-10-30T20:14:23.000Z,,0.001,22,JAIR BOLSONARO,PL,1566,,,,,
2022,2,presidente,GO,,2022-10-30T20:14:23.000Z,,0.001,13,LULA,PT,1677,,,,,
2022,2,presidente,GO,,2022-10-30T20:15:33.000Z,,0.0012,22,JAIR BOLSONARO,PL,2131,,,,,
2022,2,presidente,GO,,2022-10-30T20:15:33.000Z,,0.0012,13,LULA,PT,1952,,,,,
2022,2,presidente,GO,,2022-10-30T20:16:39.000Z,,0.0014,22,JAIR BOLSONARO,PL,2317,,,,,
2022,2,presidente,GO,,2022-10-30T20:16:39.000Z,,0.0014,13,LULA,PT,2114,,,,,
2022,2,presidente,GO,,2022-10-30T20:17:45.000Z,,0.0021,22,JAIR BOLSONARO,PL,3890,,,,,
2022,2,presidente,GO,,2022-10-30T20:17:45.000Z,,0.0021,13,LULA,PT,3098,,,,,
2022,2,presidente,GO,,2022-10-30T20:18:57.000Z,,0.0023,22,JAIR BOLSONARO,PL,4471,,,,,
2022,2,presidente,GO,,2022-10-30T20:18:57.000Z,,0.0023,13,LULA,PT,3421,,,,,
2022,2,presidente,GO,,2022-10-30T20:20:08.000Z,,0.0023,22,JAIR BOLSONARO,PL,4471,,,,,
2022,2,presidente,GO,,2022-10-30T20:20:08.000Z,,0.0023,13,LULA,PT,3421,,,,,
2022,2,presidente,GO,,2022-10-30T20:21:24.000Z,,0.0057,22,JAIR BOLSONARO,PL,12848,,,,,
2022,2,presidente,GO,,2022-10-30T20:21:24.000Z,,0.0057,13,LULA,PT,8928,,,,,
2022,2,presidente,GO,,2022-10-30T20:22:35.000Z,,0.0102,22,JAIR BOLSONARO,PL,23741,,,,,
2022,2,presidente,GO,,2022-10-30T20:22:35.000Z,,0.0102,13,LULA,PT,14844,,,,,
2022,2,presidente,GO,,2022-10-30T20:23:45.000Z,,0.0139,22,JAIR BOLSONARO,PL,33055,,,,,
2022,2,presidente,GO,,2022-10-30T20:23:45.000Z,,0.0139,13,LULA,PT,19752,,,,,
2022,2,presidente,GO,,2022-10-30T20:25:07.000Z,,0.019,22,JAIR BOLSONARO,PL,45399,,,,,
2022,2,presidente,GO,,2022-10-30T20:25:07.000Z,,0.019,13,LULA,PT,26994,,,,,
2022,2,presidente,GO,,2022-10-30T20:26:13.000Z,,0.0319,22,JAIR BOLSONARO,PL,77057,,,,,
2022,2,presidente,GO,,2022-10-30T20:26:13.000Z,,0.0319,13,LULA,PT,45605,,,,,
2022,2,presidente,GO,,2022-10-30T20:27:20.000Z,,0.0406,22,JAIR BOLSONARO,PL,96204,,,,,
2022,2,presidente,GO,,2022-10-30T20:27:20.000Z,,0.0406,13,LULA,PT,58268,,,,,
2022,2,presidente,GO,,2022-10-30T20:28:26.000Z,,0.0406,22,JAIR BOLSONARO,PL,96204,,,,,
2022,2,presidente,GO,,2022-10-30T20:28:26.000Z,,0.0406,13,LULA,PT,58268,,,,,
2022,2,presidente,GO,,2022-10-30T20:29:37.000Z,,0.0533,22,JAIR BOLSONARO,PL,127324,,,,,
2022,2,presidente,GO,,2022-10-30T20:29:37.000Z,,0.0533,13,LULA,PT,76420,,,,,
2022,2,presidente,GO,,2022-10-30T20:30:44.000Z,,0.0637,22,JAIR BOLSONARO,PL,152448,,,,,
2022,2,presidente,GO,,2022-10-30T20:30:44.000Z,,0.0637,13,LULA,PT,91888,,,,,
2022,2,presidente,GO,,2022-10-30T20:32:00.000Z,,0.0807,22,JAIR BOLSONARO,PL,190042,,,,,
2022,2,presidente,GO,,2022-10-30T20:32:00.000Z,,0.0807,13,LULA,PT,115722,,,,,
2022,2,presidente,GO,,2022-10-30T20:33:18.000Z,,0.0928,22,JAIR BOLSONARO,PL,217005,,,,,
2022,2,presidente,GO,,2022-10-30T20:33:18.000Z,,0.0928,13,LULA,PT,132081,,,,,
2022,2,presidente,GO,,2022-10-30T20:34:25.000Z,,0.105,22,JAIR BOLSONARO,PL,247539,,,,,
2022,2,presidente,GO,,2022-10-30T20:34:25.000Z,,0.105,13,LULA,PT,150013,,,,,
2022,2,presidente,GO,,2022-10-30T20:35:42.000Z,,0.1145,22,JAIR BOLSONARO,PL,268741,,,,,
2022,2,presidente,GO,,2022-10-30T20:35:42.000Z,,0.1145,13,LULA,PT,164678,,,,,
2022,2,presidente,GO,,2022-10-30T20:36:51.000Z,,0.1345,22,JAIR BOLSONARO,PL,314037,,,,,
2022,2,presidente,GO,,2022-10-30T20:36:51.000Z,,0.1345,13,LULA,PT,193669,,,,,
2022,2,presidente,GO,,2022-10-30T20:37:58.000Z,,0.1345,22,JAIR BOLSONARO,PL,314037,,,,,
2022,2,presidente,GO,,2022-10-30T20:37:58.000Z,,0.1345,13,LULA,PT,193669,,,,,
2022,2,presidente,GO,,2022-10-30T20:39:09.000Z,,0.144,22,JAIR BOLSONARO,PL,335530,,,,,
2022,2,presidente,GO,,2022-10-30T20:39:09.000Z,,0.144,13,LULA,PT,207938,,,,,
2022,2,presidente,GO,,2022-10-30T20:40:14.000Z,,0.1599,22,JAIR BOLSONARO,PL,371445,,,,,
2022,2,presidente,GO,,2022-10-30T20:40:14.000Z,,0.1599,13,LULA,PT,230244,,,,,
2022,2,presidente,GO,,2022-10-30T20:41:25.000Z,,0.1733,22,JAIR BOLSONARO,PL,401918,,,,,
2022,2,presidente,GO,,2022-10-30T20:41:25.000Z,,0.1733,13,LULA,PT,251676,,,,,
2022,2,presidente,GO,,2022-10-30T20:42:32.000Z,,0.1878,22,JAIR BOLSONARO,PL,434969,,,,,
2022,2,presidente,GO,,2022-10-30T20:42:32.000Z,,0.1878,13,LULA,PT,272997,,,,,
2022,2,presidente,GO,,2022-10-30T20:43:38.000Z,,0.2045,22,JAIR BOLSONARO,PL,473066,,,,,
2022,2,presidente,GO,,2022-10-30T20:43:38.000Z,,0.2045,13,LULA,PT,296079,,,,,
2022,2,presidente,GO,,2022-10-30T20:44:53.000Z,,0.2045,22,JAIR BOLSONARO,PL,473066,,,,,
2022,2,presidente,GO,,2022-10-30T20:44:53.000Z,,0.2045,13,LULA,PT,296079,,,,,
2022,2,presidente,GO,,2022-10-30T20:46:03.000Z,,0.2277,22,JAIR BOLSONARO,PL,525482,,,,,
2022,2,presidente,GO,,2022-10-30T20:46:03.000Z,,0.2277,13,LULA,PT,329971,,,,,
2022,2,presidente,GO,,2022-10-30T20:47:16.000Z,,0.2376,22,JAIR BOLSONARO,PL,546458,,,,,
2022,2,presidente,GO,,2022-10-30T20:47:16.000Z,,0.2376,13,LULA,PT,344751,,,,,
2022,2,presidente,GO,,2022-10-30T20:48:49.000Z,,0.2609,22,JAIR BOLSONARO,PL,598698,,,,,
2022,2,presidente,GO,,2022-10-30T20:48:49.000Z,,0.2609,13,LULA,PT,382358,,,,,
2022,2,presidente,GO,,2022-10-30T20:50:04.000Z,,0.2789,22,JAIR BOLSONARO,PL,638815,,,,,
2022,2,presidente,GO,,2022-10-30T20:50:04.000Z,,0.2789,13,LULA,PT,410039,,,,,
2022,2,presidente,GO,,2022-10-30T20:51:16.000Z,,0.29,22,JAIR BOLSONARO,PL,664744,,,,,
2022,2,presidente,GO,,2022-10-30T20:51:16.000Z,,0.29,13,LULA,PT,426259,,,,,
2022,2,presidente,GO,,2022-10-30T20:52:29.000Z,,0.2979,22,JAIR BOLSONARO,PL,681398,,,,,
2022,2,presidente,GO,,2022-10-30T20:52:29.000Z,,0.2979,13,LULA,PT,438818,,,,,
2022,2,presidente,GO,,2022-10-30T20:53:46.000Z,,0.305,22,JAIR BOLSONARO,PL,697811,,,,,
2022,2,presidente,GO,,2022-10-30T20:53:46.000Z,,0.305,13,LULA,PT,450249,,,,,
2022,2,presidente,GO,,2022-10-30T20:55:05.000Z,,0.3285,22,JAIR BOLSONARO,PL,751100,,,,,
2022,2,presidente,GO,,2022-10-30T20:55:05.000Z,,0.3285,13,LULA,PT,484073,,,,,
2022,2,presidente,GO,,2022-10-30T20:56:27.000Z,,0.3462,22,JAIR BOLSONARO,PL,792406,,,,,
2022,2,presidente,GO,,2022-10-30T20:56:27.000Z,,0.3462,13,LULA,PT,510204,,,,,
2022,2,presidente,GO,,2022-10-30T20:57:51.000Z,,0.3609,22,JAIR BOLSONARO,PL,826130,,,,,
2022,2,presidente,GO,,2022-10-30T20:57:51.000Z,,0.3609,13,LULA,PT,532455,,,,,
2022,2,presidente,GO,,2022-10-30T20:59:12.000Z,,0.3661,22,JAIR BOLSONARO,PL,838392,,,,,
2022,2,presidente,GO,,2022-10-30T20:59:12.000Z,,0.3661,13,LULA,PT,540710,,,,,
2022,2,presidente,GO,,2022-10-30T21:00:26.000Z,,0.3789,22,JAIR BOLSONARO,PL,867331,,,,,
2022,2,presidente,GO,,2022-10-30T21:00:26.000Z,,0.3789,13,LULA,PT,561842,,,,,
2022,2,presidente,GO,,2022-10-30T21:01:55.000Z,,0.4035,22,JAIR BOLSONARO,PL,922632,,,,,
2022,2,presidente,GO,,2022-10-30T21:01:55.000Z,,0.4035,13,LULA,PT,599145,,,,,
2022,2,presidente,GO,,2022-10-30T21:03:18.000Z,,0.4129,22,JAIR BOLSONARO,PL,943468,,,,,
2022,2,presidente,GO,,2022-10-30T21:03:18.000Z,,0.4129,13,LULA,PT,613074,,,,,
2022,2,presidente,GO,,2022-10-30T21:04:32.000Z,,0.4308,22,JAIR BOLSONARO,PL,984434,,,,,
2022,2,presidente,GO,,2022-10-30T21:04:32.000Z,,0.4308,13,LULA,PT,642243,,,,,
2022,2,presidente,GO,,2022-10-30T21:05:40.000Z,,0.4308,22,JAIR BOLSONARO,PL,984434,,,,,
2022,2,presidente,GO,,2022-10-30T21:05:40.000Z,,0.4308,13,LULA,PT,642243,,,,,
2022,2,presidente,GO,,2022-10-30T21:06:58.000Z,,0.4461,22,JAIR BOLSONARO,PL,1019023,,,,,
2022,2,presidente,GO,,2022-10-30T21:06:58.000Z,,0.4461,13,LULA,PT,663795,,,,,
2022,2,presidente,GO,,2022-10-30T21:08:16.000Z,,0.4596,22,JAIR BOLSONARO,PL,1050112,,,,,
2022,2,presidente,GO,,2022-10-30T21:08:16.000Z,,0.4596,13,LULA,PT,684133,,,,,
2022,2,presidente,GO,,2022-10-30T21:09:36.000Z,,0.472,22,JAIR BOLSONARO,PL,1078060,,,,,
2022,2,presidente,GO,,2022-10-30T21:09:36.000Z,,0.472,13,LULA,PT,703250,,,,,
2022,2,presidente,GO,,2022-10-30T21:10:53.000Z,,0.4793,22,JAIR BOLSONARO,PL,1094152,,,,,
2022,2,presidente,GO,,2022-10-30T21:10:53.000Z,,0.4793,13,LULA,PT,714531,,,,,
2022,2,presidente,GO,,2022-10-30T21:12:17.000Z,,0.4878,22,JAIR BOLSONARO,PL,1114644,,,,,
2022,2,presidente,GO,,2022-10-30T21:12:17.000Z,,0.4878,13,LULA,PT,726516,,,,,
2022,2,presidente,GO,,2022-10-30T21:13:32.000Z,,0.5155,22,JAIR BOLSONARO,PL,1178543,,,,,
2022,2,presidente,GO,,2022-10-30T21:13:32.000Z,,0.5155,13,LULA,PT,770965,,,,,
2022,2,presidente,GO,,2022-10-30T21:14:41.000Z,,0.528,22,JAIR BOLSONARO,PL,1206654,,,,,
2022,2,presidente,GO,,2022-10-30T21:14:41.000Z,,0.528,13,LULA,PT,788296,,,,,
2022,2,presidente,GO,,2022-10-30T21:16:09.000Z,,0.5415,22,JAIR BOLSONARO,PL,1235227,,,,,
2022,2,presidente,GO,,2022-10-30T21:16:09.000Z,,0.5415,13,LULA,PT,808613,,,,,
2022,2,presidente,GO,,2022-10-30T21:17:28.000Z,,0.5516,22,JAIR BOLSONARO,PL,1256814,,,,,
2022,2,presidente,GO,,2022-10-30T21:17:28.000Z,,0.5516,13,LULA,PT,825008,,,,,
2022,2,presidente,GO,,2022-10-30T21:18:58.000Z,,0.562,22,JAIR BOLSONARO,PL,1279712,,,,,
2022,2,presidente,GO,,2022-10-30T21:18:58.000Z,,0.562,13,LULA,PT,841069,,,,,
2022,2,presidente,GO,,2022-10-30T21:20:20.000Z,,0.5867,22,JAIR BOLSONARO,PL,1334739,,,,,
2022,2,presidente,GO,,2022-10-30T21:20:20.000Z,,0.5867,13,LULA,PT,878018,,,,,
2022,2,presidente,GO,,2022-10-30T21:21:42.000Z,,0.5968,22,JAIR BOLSONARO,PL,1358167,,,,,
2022,2,presidente,GO,,2022-10-30T21:21:42.000Z,,0.5968,13,LULA,PT,894509,,,,,
2022,2,presidente,GO,,2022-10-30T21:23:07.000Z,,0.6185,22,JAIR BOLSONARO,PL,1405133,,,,,
2022,2,presidente,GO,,2022-10-30T21:23:07.000Z,,0.6185,13,LULA,PT,927091,,,,,
2022,2,presidente,GO,,2022-10-30T21:24:30.000Z,,0.6327,22,JAIR BOLSONARO,PL,1433727,,,,,
2022,2,presidente,GO,,2022-10-30T21:24:30.000Z,,0.6327,13,LULA,PT,949034,,,,,
2022,2,presidente,GO,,2022-10-30T21:25:54.000Z,,0.6458,22,JAIR BOLSONARO,PL,1462204,,,,,
2022,2,presidente,GO,,2022-10-30T21:25:54.000Z,,0.6458,13,LULA,PT,968722,,,,,
2022,2,presidente,GO,,2022-10-30T21:27:26.000Z,,0.6602,22,JAIR BOLSONARO,PL,1492750,,,,,
2022,2,presidente,GO,,2022-10-30T21:27:26.000Z,,0.6602,13,LULA,PT,991078,,,,,
2022,2,presidente,GO,,2022-10-30T21:28:45.000Z,,0.6843,22,JAIR BOLSONARO,PL,1544223,,,,,
2022,2,presidente,GO,,2022-10-30T21:28:45.000Z,,0.6843,13,LULA,PT,1030453,,,,,
2022,2,presidente,GO,,2022-10-30T21:30:09.000Z,,0.6948,22,JAIR BOLSONARO,PL,1567085,,,,,
2022,2,presidente,GO,,2022-10-30T21:30:09.000Z,,0.6948,13,LULA,PT,1047728,,,,,
2022,2,presidente,GO,,2022-10-30T21:31:40.000Z,,0.7034,22,JAIR BOLSONARO,PL,1586069,,,,,
2022,2,presidente,GO,,2022-10-30T21:31:40.000Z,,0.7034,13,LULA,PT,1061552,,,,,
2022,2,presidente,GO,,2022-10-30T21:33:06.000Z,,0.7252,22,JAIR BOLSONARO,PL,1632620,,,,,
2022,2,presidente,GO,,2022-10-30T21:33:06.000Z,,0.7252,13,LULA,PT,1096027,,,,,
2022,2,presidente,GO,,2022-10-30T21:34:25.000Z,,0.736,22,JAIR BOLSONARO,PL,1656685,,,,,
2022,2,presidente,GO,,2022-10-30T21:34:25.000Z,,0.736,13,LULA,PT,1113485,,,,,
2022,2,presidente,GO,,2022-10-30T21:35:47.000Z,,0.7468,22,JAIR BOLSONARO,PL,1680326,,,,,
2022,2,presidente,GO,,2022-10-30T21:35:47.000Z,,0.7468,13,LULA,PT,1131416,,,,,
2022,2,presidente,GO,,2022-10-30T21:37:11.000Z,,0.7587,22,JAIR BOLSONARO,PL,1706412,,,,,
2022,2,presidente,GO,,2022-10-30T21:37:11.000Z,,0.7587,13,LULA,PT,1150747,,,,,
2022,2,presidente,GO,,2022-10-30T21:38:38.000Z,,0.7813,22,JAIR BOLSONARO,PL,1754170,,,,,
2022,2,presidente,GO,,2022-10-30T21:38:38.000Z,,0.7813,13,LULA,PT,1187699,,,,,
2022,2,presidente,GO,,2022-10-30T21:40:08.000Z,,0.7927,22,JAIR BOLSONARO,PL,1778897,,,,,
2022,2,presidente,GO,,2022-10-30T21:40:08.000Z,,0.7927,13,LULA,PT,1205315,,,,,
2022,2,presidente,GO,,2022-10-30T21:41:39.000Z,,0.8005,22,JAIR BOLSONARO,PL,1794912,,,,,
2022,2,presidente,GO,,2022-10-30T21:41:39.000Z,,0.8005,13,LULA,PT,1217567,,,,,
2022,2,presidente,GO,,2022-10-30T21:43:01.000Z,,0.8199,22,JAIR BOLSONARO,PL,1835544,,,,,
2022,2,presidente,GO,,2022-10-30T21:43:01.000Z,,0.8199,13,LULA,PT,1248524,,,,,
2022,2,presidente,GO,,2022-10-30T21:44:20.000Z,,0.8237,22,JAIR BOLSONARO,PL,1843390,,,,,
2022,2,presidente,GO,,2022-10-30T21:44:20.000Z,,0.8237,13,LULA,PT,1254586,,,,,
2022,2,presidente,GO,,2022-10-30T21:45:41.000Z,,0.8302,22,JAIR BOLSONARO,PL,1856781,,,,,
2022,2,presidente,GO,,2022-10-30T21:45:41.000Z,,0.8302,13,LULA,PT,1266332,,,,,
2022,2,presidente,GO,,2022-10-30T21:47:00.000Z,,0.8382,22,JAIR BOLSONARO,PL,1873275,,,,,
2022,2,presidente,GO,,2022-10-30T21:47:00.000Z,,0.8382,13,LULA,PT,1279866,,,,,
2022,2,presidente,GO,,2022-10-30T21:48:23.000Z,,0.8474,22,JAIR BOLSONARO,PL,1891979,,,,,
2022,2,presidente,GO,,2022-10-30T21:48:23.000Z,,0.8474,13,LULA,PT,1295738,,,,,
2022,2,presidente,GO,,2022-10-30T21:50:00.000Z,,0.8639,22,JAIR BOLSONARO,PL,1924338,,,,,
2022,2,presidente,GO,,2022-10-30T21:50:00.000Z,,0.8639,13,LULA,PT,1322495,,,,,
2022,2,presidente,GO,,2022-10-30T21:51:37.000Z,,0.8699,22,JAIR BOLSONARO,PL,1936426,,,,,
2022,2,presidente,GO,,2022-10-30T21:51:37.000Z,,0.8699,13,LULA,PT,1331777,,,,,
2022,2,presidente,GO,,2022-10-30T21:53:11.000Z,,0.8851,22,JAIR BOLSONARO,PL,1965751,,,,,
2022,2,presidente,GO,,2022-10-30T21:53:11.000Z,,0.8851,13,LULA,PT,1354401,,,,,
2022,2,presidente,GO,,2022-10-30T21:54:37.000Z,,0.8913,22,JAIR BOLSONARO,PL,1978189,,,,,
2022,2,presidente,GO,,2022-10-30T21:54:37.000Z,,0.8913,13,LULA,PT,1364973,,,,,
2022,2,presidente,GO,,2022-10-30T21:56:07.000Z,,0.8964,22,JAIR BOLSONARO,PL,1988982,,,,,
2022,2,presidente,GO,,2022-10-30T21:56:07.000Z,,0.8964,13,LULA,PT,1373260,,,,,
2022,2,presidente,GO,,2022-10-30T21:57:40.000Z,,0.9098,22,JAIR BOLSONARO,PL,2015094,,,,,
2022,2,presidente,GO,,2022-10-30T21:57:40.000Z,,0.9098,13,LULA,PT,1394987,,,,,
2022,2,presidente,GO,,2022-10-30T21:59:11.000Z,,0.9177,22,JAIR BOLSONARO,PL,2030905,,,,,
2022,2,presidente,GO,,2022-10-30T21:59:11.000Z,,0.9177,13,LULA,PT,1408490,,,,,
2022,2,presidente,GO,,2022-10-30T22:00:43.000Z,,0.9231,22,JAIR BOLSONARO,PL,2041735,,,,,
2022,2,presidente,GO,,2022-10-30T22:00:43.000Z,,0.9231,13,LULA,PT,1417386,,,,,
2022,2,presidente,GO,,2022-10-30T22:02:13.000Z,,0.9362,22,JAIR BOLSONARO,PL,2067323,,,,,
2022,2,presidente,GO,,2022-10-30T22:02:13.000Z,,0.9362,13,LULA,PT,1438822,,,,,
2022,2,presidente,GO,,2022-10-30T22:03:37.000Z,,0.9443,22,JAIR BOLSONARO,PL,2083869,,,,,
2022,2,presidente,GO,,2022-10-30T22:03:37.000Z,,0.9443,13,LULA,PT,1452522,,,,,
2022,2,presidente,GO,,2022-10-30T22:05:03.000Z,,0.9486,22,JAIR BOLSONARO,PL,2092286,,,,,
2022,2,presidente,GO,,2022-10-30T22:05:03.000Z,,0.9486,13,LULA,PT,1459271,,,,,
2022,2,presidente,GO,,2022-10-30T22:06:23.000Z,,0.9581,22,JAIR BOLSONARO,PL,2112038,,,,,
2022,2,presidente,GO,,2022-10-30T22:06:23.000Z,,0.9581,13,LULA,PT,1474574,,,,,
2022,2,presidente,GO,,2022-10-30T22:07:54.000Z,,0.9632,22,JAIR BOLSONARO,PL,2122174,,,,,
2022,2,presidente,GO,,2022-10-30T22:07:54.000Z,,0.9632,13,LULA,PT,1482895,,,,,
2022,2,presidente,GO,,2022-10-30T22:09:17.000Z,,0.9658,22,JAIR BOLSONARO,PL,2127143,,,,,
2022,2,presidente,GO,,2022-10-30T22:09:17.000Z,,0.9658,13,LULA,PT,1487279,,,,,
2022,2,presidente,GO,,2022-10-30T22:10:46.000Z,,0.9713,22,JAIR BOLSONARO,PL,2138563,,,,,
2022,2,presidente,GO,,2022-10-30T22:10:46.000Z,,0.9713,13,LULA,PT,1496116,,,,,
2022,2,presidente,GO,,2022-10-30T22:12:32.000Z,,0.9733,22,JAIR BOLSONARO,PL,2142221,,,,,
2022,2,presidente,GO,,2022-10-30T22:12:32.000Z,,0.9733,13,LULA,PT,1499409,,,,,
2022,2,presidente,GO,,2022-10-30T22:14:16.000Z,,0.9778,22,JAIR BOLSONARO,PL,2151202,,,,,
2022,2,presidente,GO,,2022-10-30T22:14:16.000Z,,0.9778,13,LULA,PT,1506346,,,,,
2022,2,presidente,GO,,2022-10-30T22:15:55.000Z,,0.9789,22,JAIR BOLSONARO,PL,2153673,,,,,
2022,2,presidente,GO,,2022-10-30T22:15:55.000Z,,0.9789,13,LULA,PT,1508159,,,,,
2022,2,presidente,GO,,2022-10-30T22:17:37.000Z,,0.9822,22,JAIR BOLSONARO,PL,2160786,,,,,
2022,2,presidente,GO,,2022-10-30T22:17:37.000Z,,0.9822,13,LULA,PT,1513407,,,,,
2022,2,presidente,GO,,2022-10-30T22:19:17.000Z,,0.9837,22,JAIR BOLSONARO,PL,2163909,,,,,
2022,2,presidente,GO,,2022-10-30T22:19:17.000Z,,0.9837,13,LULA,PT,1515870,,,,,
2022,2,presidente,GO,,2022-10-30T22:20:55.000Z,,0.9851,22,JAIR BOLSONARO,PL,2166623,,,,,
2022,2,presidente,GO,,2022-10-30T22:20:55.000Z,,0.9851,13,LULA,PT,1518027,,,,,
2022,2,presidente,GO,,2022-10-30T22:22:28.000Z,,0.9858,22,JAIR BOLSONARO,PL,2167767,,,,,
2022,2,presidente,GO,,2022-10-30T22:22:28.000Z,,0.9858,13,LULA,PT,1518960,,,,,
2022,2,presidente,GO,,2022-10-30T22:23:59.000Z,,0.9877,22,JAIR BOLSONARO,PL,2171336,,,,,
2022,2,presidente,GO,,2022-10-30T22:23:59.000Z,,0.9877,13,LULA,PT,1522016,,,,,
2022,2,presidente,GO,,2022-10-30T22:25:46.000Z,,0.9902,22,JAIR BOLSONARO,PL,2176232,,,,,
2022,2,presidente,GO,,2022-10-30T22:25:46.000Z,,0.9902,13,LULA,PT,1525689,,,,,
2022,2,presidente,GO,,2022-10-30T22:27:35.000Z,,0.9949,22,JAIR BOLSONARO,PL,2185182,,,,,
2022,2,presidente,GO,,2022-10-30T22:27:35.000Z,,0.9949,13,LULA,PT,1533453,,,,,
2022,2,presidente,GO,,2022-10-30T22:29:13.000Z,,0.9954,22,JAIR BOLSONARO,PL,2185963,,,,,
2022,2,presidente,GO,,2022-10-30T22:29:13.000Z,,0.9954,13,LULA,PT,1534231,,,,,
2022,2,presidente,GO,,2022-10-30T22:31:01.000Z,,0.9956,22,JAIR BOLSONARO,PL,2186258,,,,,
2022,2,presidente,GO,,2022-10-30T22:31:01.000Z,,0.9956,13,LULA,PT,1534577,,,,,
2022,2,presidente,GO,,2022-10-30T22:32:38.000Z,,0.9962,22,JAIR BOLSONARO,PL,2187455,,,,,
2022,2,presidente,GO,,2022-10-30T22:32:38.000Z,,0.9962,13,LULA,PT,1535561,,,,,
2022,2,presidente,GO,,2022-10-30T22:34:23.000Z,,0.9965,22,JAIR BOLSONARO,PL,2187717,,,,,
2022,2,presidente,GO,,2022-10-30T22:34:23.000Z,,0.9965,13,LULA,PT,1535904,,,,,
2022,2,presidente,GO,,2022-10-30T22:36:14.000Z,,0.9975,22,JAIR BOLSONARO,PL,2189444,,,,,
2022,2,presidente,GO,,2022-10-30T22:36:14.000Z,,0.9975,13,LULA,PT,1537557,,,,,
2022,2,presidente,GO,,2022-10-30T22:38:18.000Z,,0.9977,22,JAIR BOLSONARO,PL,2189589,,,,,
2022,2,presidente,GO,,2022-10-30T22:38:18.000Z,,0.9977,13,LULA,PT,1537839,,,,,
2022,2,presidente,GO,,2022-10-30T22:39:48.000Z,,0.9979,22,JAIR BOLSONARO,PL,2190024,,,,,
2022,2,presidente,GO,,2022-10-30T22:39:48.000Z,,0.9979,13,LULA,PT,1538272,,,,,
2022,2,presidente,GO,,2022-10-30T22:41:41.000Z,,0.9979,22,JAIR BOLSONARO,PL,2190024,,,,,
2022,2,presidente,GO,,2022-10-30T22:41:41.000Z,,0.9979,13,LULA,PT,1538272,,,,,
2022,2,presidente,GO,,2022-10-30T22:43:09.000Z,,0.9981,22,JAIR BOLSONARO,PL,2190183,,,,,
2022,2,presidente,GO,,2022-10-30T22:43:09.000Z,,0.9981,13,LULA,PT,1538572,,,,,
2022,2,presidente,GO,,2022-10-30T22:44:47.000Z,,0.9984,22,JAIR BOLSONARO,PL,2190501,,,,,
2022,2,presidente,GO,,2022-10-30T22:44:47.000Z,,0.9984,13,LULA,PT,1539017,,,,,
2022,2,presidente,GO,,2022-10-30T22:46:42.000Z,,0.9984,22,JAIR BOLSONARO,PL,2190501,,,,,
2022,2,presidente,GO,,2022-10-30T22:46:42.000Z,,0.9984,13,LULA,PT,1539017,,,,,
2022,2,presidente,GO,,2022-10-30T22:48:23.000Z,,0.9986,22,JAIR BOLSONARO,PL,2190680,,,,,
2022,2,presidente,GO,,2022-10-30T22:48:23.000Z,,0.9986,13,LULA,PT,1539383,,,,,
2022,2,presidente,GO,,2022-10-30T22:49:59.000Z,,0.9988,22,JAIR BOLSONARO,PL,2191142,,,,,
2022,2,presidente,GO,,2022-10-30T22:49:59.000Z,,0.9988,13,LULA,PT,1539913,,,,,
2022,2,presidente,GO,,2022-10-30T22:51:53.000Z,,0.9988,22,JAIR BOLSONARO,PL,2191142,,,,,
2022,2,presidente,GO,,2022-10-30T22:51:53.000Z,,0.9988,13,LULA,PT,1539913,,,,,
2022,2,presidente,GO,,2022-10-30T22:53:28.000Z,,0.9988,22,JAIR BOLSONARO,PL,2191142,,,,,
2022,2,presidente,GO,,2022-10-30T22:53:28.000Z,,0.9988,13,LULA,PT,1539913,,,,,
2022,2,presidente,GO,,2022-10-30T22:55:01.000Z,,0.9991,22,JAIR BOLSONARO,PL,2191527,,,,,
2022,2,presidente,GO,,2022-10-30T22:55:01.000Z,,0.9991,13,LULA,PT,1540526,,,,,
2022,2,presidente,GO,,2022-10-30T22:56:43.000Z,,0.9993,22,JAIR BOLSONARO,PL,2191805,,,,,
2022,2,presidente,GO,,2022-10-30T22:56:43.000Z,,0.9993,13,LULA,PT,1540847,,,,,
2022,2,presidente,GO,,2022-10-30T22:58:22.000Z,,0.9993,22,JAIR BOLSONARO,PL,2191805,,,,,
2022,2,presidente,GO,,2022-10-30T22:58:22.000Z,,0.9993,13,LULA,PT,1540847,,,,,
2022,2,presidente,GO,,2022-10-30T23:00:31.000Z,,0.9994,22,JAIR BOLSONARO,PL,2191965,,,,,
2022,2,presidente,GO,,2022-10-30T23:00:31.000Z,,0.9994,13,LULA,PT,1540977,,,,,
2022,2,presidente,GO,,2022-10-30T23:02:47.000Z,,0.9994,22,JAIR BOLSONARO,PL,2191965,,,,,
2022,2,presidente,GO,,2022-10-30T23:02:47.000Z,,0.9994,13,LULA,PT,1540977,,,,,
2022,2,presidente,GO,,2022-10-30T23:04:41.000Z,,0.9994,22,JAIR BOLSONARO,PL,2191965,,,,,
2022,2,presidente,GO,,2022-10-30T23:04:41.000Z,,0.9994,13,LULA,PT,1540977,,,,,
2022,2,presidente,GO,,2022-10-30T23:06:37.000Z,,0.9996,22,JAIR BOLSONARO,PL,2192463,,,,,
2022,2,presidente,GO,,2022-10-30T23:06:37.000Z,,0.9996,13,LULA,PT,1541329,,,,,
2022,2,presidente,GO,,2022-10-30T23:08:20.000Z,,0.9996,22,JAIR BOLSONARO,PL,2192463,,,,,
2022,2,presidente,GO,,2022-10-30T23:08:20.000Z,,0.9996,13,LULA,PT,1541329,,,,,
2022,2,presidente,GO,,2022-10-30T23:10:02.000Z,,0.9996,22,JAIR BOLSONARO,PL,2192463,,,,,
2022,2,presidente,GO,,2022-10-30T23:10:02.000Z,,0.9996,13,LULA,PT,1541329,,,,,
2022,2,presidente,GO,,2022-10-30T23:11:56.000Z,,0.9996,22,JAIR BOLSONARO,PL,2192463,,,,,
2022,2,presidente,GO,,2022-10-30T23:11:56.000Z,,0.9996,13,LULA,PT,1541329,,,,,
2022,2,presidente,GO,,2022-10-30T23:14:01.000Z,,0.9996,22,JAIR BOLSONARO,PL,2192463,,,,,
2022,2,presidente,GO,,2022-10-30T23:14:01.000Z,,0.9996,13,LULA,PT,1541329,,,,,
2022,2,presidente,GO,,2022-10-30T23:16:09.000Z,,0.9996,22,JAIR BOLSONARO,PL,2192463,,,,,
2022,2,presidente,GO,,2022-10-30T23:16:09.000Z,,0.9996,13,LULA,PT,1541329,,,,,
2022,2,presidente,GO,,2022-10-30T23:18:43.000Z,,0.9996,22,JAIR BOLSONARO,PL,2192463,,,,,
2022,2,presidente,GO,,2022-10-30T23:18:43.000Z,,0.9996,13,LULA,PT,1541329,,,,,
2022,2,presidente,GO,,2022-10-30T23:20:47.000Z,,0.9996,22,JAIR BOLSONARO,PL,2192463,,,,,
2022,2,presidente,GO,,2022-10-30T23:20:47.000Z,,0.9996,13,LULA,PT,1541329,,,,,
2022,2,presidente,GO,,2022-10-30T23:22:09.000Z,,0.9996,22,JAIR BOLSONARO,PL,2192463,,,,,
2022,2,presidente,GO,,2022-10-30T23:22:09.000Z,,0.9996,13,LULA,PT,1541329,,,,,
2022,2,presidente,GO,,2022-10-30T23:23:46.000Z,,0.9996,22,JAIR BOLSONARO,PL,2192463,,,,,
2022,2,presidente,GO,,2022-10-30T23:23:46.000Z,,0.9996,13,LULA,PT,1541329,,,,,
2022,2,presidente,GO,,2022-10-30T23:25:08.000Z,,0.9996,22,JAIR BOLSONARO,PL,2192463,,,,,
2022,2,presidente,GO,,2022-10-30T23:25:08.000Z,,0.9996,13,LULA,PT,1541329,,,,,
2022,2,presidente,GO,,2022-10-30T23:26:48.000Z,,0.9996,22,JAIR BOLSONARO,PL,2192463,,,,,
2022,2,presidente,GO,,2022-10-30T23:26:48.000Z,,0.9996,13,LULA,PT,1541329,,,,,
2022,2,presidente,GO,,2022-10-30T23:28:21.000Z,,0.9996,22,JAIR BOLSONARO,PL,2192463,,,,,
2022,2,presidente,GO,,2022-10-30T23:28:21.000Z,,0.9996,13,LULA,PT,1541329,,,,,
2022,2,presidente,GO,,2022-10-30T23:30:17.000Z,,0.9996,22,JAIR BOLSONARO,PL,2192463,,,,,
2022,2,presidente,GO,,2022-10-30T23:30:17.000Z,,0.9996,13,LULA,PT,1541329,,,,,
2022,2,presidente,GO,,2022-10-30T23:32:04.000Z,,0.9996,22,JAIR BOLSONARO,PL,2192463,,,,,
2022,2,presidente,GO,,2022-10-30T23:32:04.000Z,,0.9996,13,LULA,PT,1541329,,,,,
2022,2,presidente,GO,,2022-10-30T23:33:54.000Z,,0.9997,22,JAIR BOLSONARO,PL,2192660,,,,,
2022,2,presidente,GO,,2022-10-30T23:33:54.000Z,,0.9997,13,LULA,PT,1541415,,,,,
2022,2,presidente,GO,,2022-10-30T23:35:24.000Z,,0.9998,22,JAIR BOLSONARO,PL,2192670,,,,,
2022,2,presidente,GO,,2022-10-30T23:35:24.000Z,,0.9998,13,LULA,PT,1541795,,,,,
2022,2,presidente,GO,,2022-10-30T23:36:58.000Z,,0.9998,22,JAIR BOLSONARO,PL,2192670,,,,,
2022,2,presidente,GO,,2022-10-30T23:36:58.000Z,,0.9998,13,LULA,PT,1541795,,,,,
2022,2,presidente,GO,,2022-10-30T23:39:01.000Z,,0.9998,22,JAIR BOLSONARO,PL,2192670,,,,,
2022,2,presidente,GO,,2022-10-30T23:39:01.000Z,,0.9998,13,LULA,PT,1541795,,,,,
2022,2,presidente,GO,,2022-10-30T23:41:08.000Z,,0.9998,22,JAIR BOLSONARO,PL,2192670,,,,,
2022,2,presidente,GO,,2022-10-30T23:41:08.000Z,,0.9998,13,LULA,PT,1541795,,,,,
2022,2,presidente,GO,,2022-10-30T23:43:00.000Z,,0.9998,22,JAIR BOLSONARO,PL,2192670,,,,,
2022,2,presidente,GO,,2022-10-30T23:43:00.000Z,,0.9998,13,LULA,PT,1541795,,,,,
2022,2,presidente,GO,,2022-10-30T23:45:14.000Z,,0.9998,22,JAIR BOLSONARO,PL,2192670,,,,,
2022,2,presidente,GO,,2022-10-30T23:45:14.000Z,,0.9998,13,LULA,PT,1541795,,,,,
2022,2,presidente,GO,,2022-10-30T23:46:55.000Z,,0.9998,22,JAIR BOLSONARO,PL,2192670,,,,,
2022,2,presidente,GO,,2022-10-30T23:46:55.000Z,,0.9998,13,LULA,PT,1541795,,,,,
2022,2,presidente,GO,,2022-10-30T23:48:44.000Z,,0.9998,22,JAIR BOLSONARO,PL,2192670,,,,,
2022,2,presidente,GO,,2022-10-30T23:48:44.000Z,,0.9998,13,LULA,PT,1541795,,,,,
2022,2,presidente,GO,,2022-10-30T23:50:32.000Z,,0.9998,22,JAIR BOLSONARO,PL,2192670,,,,,
2022,2,presidente,GO,,2022-10-30T23:50:32.000Z,,0.9998,13,LULA,PT,1541795,,,,,
2022,2,presidente,GO,,2022-10-30T23:52:14.000Z,,0.9998,22,JAIR BOLSONARO,PL,2192670,,,,,
2022,2,presidente,GO,,2022-10-30T23:52:14.000Z,,0.9998,13,LULA,PT,1541795,,,,,
2022,2,presidente,GO,,2022-10-30T23:54:22.000Z,,0.9998,22,JAIR BOLSONARO,PL,2192670,,,,,
2022,2,presidente,GO,,2022-10-30T23:54:22.000Z,,0.9998,13,LULA,PT,1541795,,,,,
2022,2,presidente,GO,,2022-10-30T23:56:20.000Z,,0.9998,22,JAIR BOLSONARO,PL,2192670,,,,,
2022,2,presidente,GO,,2022-10-30T23:56:20.000Z,,0.9998,13,LULA,PT,1541795,,,,,
2022,2,presidente,GO,,2022-10-30T23:58:32.000Z,,0.9998,22,JAIR BOLSONARO,PL,2192670,,,,,
2022,2,presidente,GO,,2022-10-30T23:58:32.000Z,,0.9998,13,LULA,PT,1541795,,,,,
2022,2,presidente,GO,,2022-10-31T00:00:14.000Z,,0.9998,22,JAIR BOLSONARO,PL,2192670,,,,,
2022,2,presidente,GO,,2022-10-31T00:00:14.000Z,,0.9998,13,LULA,PT,1541795,,,,,
2022,2,presidente,GO,,2022-10-31T00:01:39.000Z,,0.9998,22,JAIR BOLSONARO,PL,2192670,,,,,
2022,2,presidente,GO,,2022-10-31T00:01:39.000Z,,0.9998,13,LULA,PT,1541795,,,,,
2022,2,presidente,GO,,2022-10-31T00:03:51.000Z,,0.9998,22,JAIR BOLSONARO,PL,2192670,,,,,
2022,2,presidente,GO,,2022-10-31T00:03:51.000Z,,0.9998,13,LULA,PT,1541795,,,,,
2022,2,presidente,GO,,2022-10-31T00:06:35.000Z,,0.9998,22,JAIR BOLSONARO,PL,2192670,,,,,
2022,2,presidente,GO,,2022-10-31T00:06:35.000Z,,0.9998,13,LULA,PT,1541795,,,,,
2022,2,presidente,GO,,2022-10-31T00:08:27.000Z,,0.9998,22,JAIR BOLSONARO,PL,2192670,,,,,
2022,2,presidente,GO,,2022-10-31T00:08:27.000Z,,0.9998,13,LULA,PT,1541795,,,,,
2022,2,presidente,GO,,2022-10-31T00:10:37.000Z,,0.9998,22,JAIR BOLSONARO,PL,2192670,,,,,
2022,2,presidente,GO,,2022-10-31T00:10:37.000Z,,0.9998,13,LULA,PT,1541795,,,,,
2022,2,presidente,GO,,2022-10-31T00:13:03.000Z,,0.9998,22,JAIR BOLSONARO,PL,2192670,,,,,
2022,2,presidente,GO,,2022-10-31T00:13:03.000Z,,0.9998,13,LULA,PT,1541795,,,,,
2022,2,presidente,GO,,2022-10-31T00:15:03.000Z,,0.9998,22,JAIR BOLSONARO,PL,2192670,,,,,
2022,2,presidente,GO,,2022-10-31T00:15:03.000Z,,0.9998,13,LULA,PT,1541795,,,,,
2022,2,presidente,GO,,2022-10-31T00:16:52.000Z,,0.9998,22,JAIR BOLSONARO,PL,2192670,,,,,
2022,2,presidente,GO,,2022-10-31T00:16:52.000Z,,0.9998,13,LULA,PT,1541795,,,,,
2022,2,presidente,GO,,2022-10-31T00:19:12.000Z,,0.9998,22,JAIR BOLSONARO,PL,2192670,,,,,
2022,2,presidente,GO,,2022-10-31T00:19:12.000Z,,0.9998,13,LULA,PT,1541795,,,,,
2022,2,presidente,GO,,2022-10-31T00:21:12.000Z,,0.9998,22,JAIR BOLSONARO,PL,2192670,,,,,
2022,2,presidente,GO,,2022-10-31T00:21:12.000Z,,0.9998,13,LULA,PT,1541795,,,,,
2022,2,presidente,GO,,2022-10-31T00:23:40.000Z,,0.9998,22,JAIR BOLSONARO,PL,2192670,,,,,
2022,2,presidente,GO,,2022-10-31T00:23:40.000Z,,0.9998,13,LULA,PT,1541795,,,,,
2022,2,presidente,GO,,2022-10-31T00:25:52.000Z,,0.9998,22,JAIR BOLSONARO,PL,2192670,,,,,
2022,2,presidente,GO,,2022-10-31T00:25:52.000Z,,0.9998,13,LULA,PT,1541795,,,,,
2022,2,presidente,GO,,2022-10-31T00:27:49.000Z,,0.9998,22,JAIR BOLSONARO,PL,2192670,,,,,
2022,2,presidente,GO,,2022-10-31T00:27:49.000Z,,0.9998,13,LULA,PT,1541795,,,,,
2022,2,presidente,GO,,2022-10-31T00:29:46.000Z,,0.9998,22,JAIR BOLSONARO,PL,2192670,,,,,
2022,2,presidente,GO,,2022-10-31T00:29:46.000Z,,0.9998,13,LULA,PT,1541795,,,,,
2022,2,presidente,GO,,2022-10-31T00:31:57.000Z,,0.9998,22,JAIR BOLSONARO,PL,2192670,,,,,
2022,2,presidente,GO,,2022-10-31T00:31:57.000Z,,0.9998,13,LULA,PT,1541795,,,,,
2022,2,presidente,GO,,2022-10-31T00:34:16.000Z,,0.9998,22,JAIR BOLSONARO,PL,2192670,,,,,
2022,2,presidente,GO,,2022-10-31T00:34:16.000Z,,0.9998,13,LULA,PT,1541795,,,,,
2022,2,presidente,GO,,2022-10-31T00:36:11.000Z,,0.9998,22,JAIR BOLSONARO,PL,2192670,,,,,
2022,2,presidente,GO,,2022-10-31T00:36:11.000Z,,0.9998,13,LULA,PT,1541795,,,,,
2022,2,presidente,GO,,2022-10-31T00:38:24.000Z,,0.9999,22,JAIR BOLSONARO,PL,2192842,,,,,
2022,2,presidente,GO,,2022-10-31T00:38:24.000Z,,0.9999,13,LULA,PT,1542013,,,,,
2022,2,presidente,GO,,2022-10-31T00:40:14.000Z,,1,22,JAIR BOLSONARO,PL,2193041,,,,,
2022,2,presidente,GO,,2022-10-31T00:40:14.000Z,,1,13,LULA,PT,1542115,,,,,
2022,2,presidente,MA,,2022-10-30T20:10:54.000Z,,0.0001,22,JAIR BOLSONARO,PL,11,,,,,
2022,2,presidente,MA,,2022-10-30T20:10:54.000Z,,0.0001,13,LULA,PT,89,,,,,
2022,2,presidente,MA,,2022-10-30T20:12:05.000Z,,0.0001,22,JAIR BOLSONARO,PL,11,,,,,
2022,2,presidente,MA,,2022-10-30T20:12:05.000Z,,0.0001,13,LULA,PT,89,,,,,
2022,2,presidente,MA,,2022-10-30T20:13:12.000Z,,0.0001,22,JAIR BOLSONARO,PL,41,,,,,
2022,2,presidente,MA,,2022-10-30T20:13:12.000Z,,0.0001,13,LULA,PT,233,,,,,
2022,2,presidente,MA,,2022-10-30T20:14:24.000Z,,0.0001,22,JAIR BOLSONARO,PL,41,,,,,
2022,2,presidente,MA,,2022-10-30T20:14:24.000Z,,0.0001,13,LULA,PT,233,,,,,
2022,2,presidente,MA,,2022-10-30T20:15:34.000Z,,0.0002,22,JAIR BOLSONARO,PL,127,,,,,
2022,2,presidente,MA,,2022-10-30T20:15:34.000Z,,0.0002,13,LULA,PT,471,,,,,
2022,2,presidente,MA,,2022-10-30T20:16:40.000Z,,0.0004,22,JAIR BOLSONARO,PL,180,,,,,
2022,2,presidente,MA,,2022-10-30T20:16:40.000Z,,0.0004,13,LULA,PT,797,,,,,
2022,2,presidente,MA,,2022-10-30T20:17:46.000Z,,0.0005,22,JAIR BOLSONARO,PL,342,,,,,
2022,2,presidente,MA,,2022-10-30T20:17:46.000Z,,0.0005,13,LULA,PT,1270,,,,,
2022,2,presidente,MA,,2022-10-30T20:19:03.000Z,,0.0007,22,JAIR BOLSONARO,PL,511,,,,,
2022,2,presidente,MA,,2022-10-30T20:19:03.000Z,,0.0007,13,LULA,PT,1646,,,,,
2022,2,presidente,MA,,2022-10-30T20:20:09.000Z,,0.0011,22,JAIR BOLSONARO,PL,1055,,,,,
2022,2,presidente,MA,,2022-10-30T20:20:09.000Z,,0.0011,13,LULA,PT,2686,,,,,
2022,2,presidente,MA,,2022-10-30T20:21:30.000Z,,0.0015,22,JAIR BOLSONARO,PL,1976,,,,,
2022,2,presidente,MA,,2022-10-30T20:21:30.000Z,,0.0015,13,LULA,PT,3413,,,,,
2022,2,presidente,MA,,2022-10-30T20:22:35.000Z,,0.002,22,JAIR BOLSONARO,PL,2737,,,,,
2022,2,presidente,MA,,2022-10-30T20:22:35.000Z,,0.002,13,LULA,PT,4388,,,,,
2022,2,presidente,MA,,2022-10-30T20:23:52.000Z,,0.0027,22,JAIR BOLSONARO,PL,3168,,,,,
2022,2,presidente,MA,,2022-10-30T20:23:52.000Z,,0.0027,13,LULA,PT,6352,,,,,
2022,2,presidente,MA,,2022-10-30T20:25:08.000Z,,0.0033,22,JAIR BOLSONARO,PL,3976,,,,,
2022,2,presidente,MA,,2022-10-30T20:25:08.000Z,,0.0033,13,LULA,PT,8109,,,,,
2022,2,presidente,MA,,2022-10-30T20:26:14.000Z,,0.0053,22,JAIR BOLSONARO,PL,5821,,,,,
2022,2,presidente,MA,,2022-10-30T20:26:14.000Z,,0.0053,13,LULA,PT,13202,,,,,
2022,2,presidente,MA,,2022-10-30T20:27:21.000Z,,0.0073,22,JAIR BOLSONARO,PL,7615,,,,,
2022,2,presidente,MA,,2022-10-30T20:27:21.000Z,,0.0073,13,LULA,PT,18214,,,,,
2022,2,presidente,MA,,2022-10-30T20:28:27.000Z,,0.01,22,JAIR BOLSONARO,PL,10397,,,,,
2022,2,presidente,MA,,2022-10-30T20:28:27.000Z,,0.01,13,LULA,PT,24971,,,,,
2022,2,presidente,MA,,2022-10-30T20:29:38.000Z,,0.0119,22,JAIR BOLSONARO,PL,12463,,,,,
2022,2,presidente,MA,,2022-10-30T20:29:38.000Z,,0.0119,13,LULA,PT,29684,,,,,
2022,2,presidente,MA,,2022-10-30T20:30:50.000Z,,0.0129,22,JAIR BOLSONARO,PL,13301,,,,,
2022,2,presidente,MA,,2022-10-30T20:30:50.000Z,,0.0129,13,LULA,PT,32157,,,,,
2022,2,presidente,MA,,2022-10-30T20:32:07.000Z,,0.0143,22,JAIR BOLSONARO,PL,14390,,,,,
2022,2,presidente,MA,,2022-10-30T20:32:07.000Z,,0.0143,13,LULA,PT,36112,,,,,
2022,2,presidente,MA,,2022-10-30T20:33:20.000Z,,0.0156,22,JAIR BOLSONARO,PL,15974,,,,,
2022,2,presidente,MA,,2022-10-30T20:33:20.000Z,,0.0156,13,LULA,PT,39411,,,,,
2022,2,presidente,MA,,2022-10-30T20:34:26.000Z,,0.0164,22,JAIR BOLSONARO,PL,16939,,,,,
2022,2,presidente,MA,,2022-10-30T20:34:26.000Z,,0.0164,13,LULA,PT,41507,,,,,
2022,2,presidente,MA,,2022-10-30T20:35:43.000Z,,0.0184,22,JAIR BOLSONARO,PL,19214,,,,,
2022,2,presidente,MA,,2022-10-30T20:35:43.000Z,,0.0184,13,LULA,PT,46259,,,,,
2022,2,presidente,MA,,2022-10-30T20:36:52.000Z,,0.025,22,JAIR BOLSONARO,PL,26757,,,,,
2022,2,presidente,MA,,2022-10-30T20:36:52.000Z,,0.025,13,LULA,PT,64635,,,,,
2022,2,presidente,MA,,2022-10-30T20:37:59.000Z,,0.0271,22,JAIR BOLSONARO,PL,29451,,,,,
2022,2,presidente,MA,,2022-10-30T20:37:59.000Z,,0.0271,13,LULA,PT,70385,,,,,
2022,2,presidente,MA,,2022-10-30T20:39:10.000Z,,0.0291,22,JAIR BOLSONARO,PL,32249,,,,,
2022,2,presidente,MA,,2022-10-30T20:39:10.000Z,,0.0291,13,LULA,PT,75896,,,,,
2022,2,presidente,MA,,2022-10-30T20:40:15.000Z,,0.0291,22,JAIR BOLSONARO,PL,32249,,,,,
2022,2,presidente,MA,,2022-10-30T20:40:15.000Z,,0.0291,13,LULA,PT,75896,,,,,
2022,2,presidente,MA,,2022-10-30T20:41:26.000Z,,0.0375,22,JAIR BOLSONARO,PL,44332,,,,,
2022,2,presidente,MA,,2022-10-30T20:41:26.000Z,,0.0375,13,LULA,PT,97151,,,,,
2022,2,presidente,MA,,2022-10-30T20:42:33.000Z,,0.0403,22,JAIR BOLSONARO,PL,47450,,,,,
2022,2,presidente,MA,,2022-10-30T20:42:33.000Z,,0.0403,13,LULA,PT,104429,,,,,
2022,2,presidente,MA,,2022-10-30T20:43:40.000Z,,0.0466,22,JAIR BOLSONARO,PL,56798,,,,,
2022,2,presidente,MA,,2022-10-30T20:43:40.000Z,,0.0466,13,LULA,PT,120572,,,,,
2022,2,presidente,MA,,2022-10-30T20:44:56.000Z,,0.0583,22,JAIR BOLSONARO,PL,72160,,,,,
2022,2,presidente,MA,,2022-10-30T20:44:56.000Z,,0.0583,13,LULA,PT,150256,,,,,
2022,2,presidente,MA,,2022-10-30T20:46:05.000Z,,0.0583,22,JAIR BOLSONARO,PL,72160,,,,,
2022,2,presidente,MA,,2022-10-30T20:46:05.000Z,,0.0583,13,LULA,PT,150256,,,,,
2022,2,presidente,MA,,2022-10-30T20:47:21.000Z,,0.0641,22,JAIR BOLSONARO,PL,81928,,,,,
2022,2,presidente,MA,,2022-10-30T20:47:21.000Z,,0.0641,13,LULA,PT,165227,,,,,
2022,2,presidente,MA,,2022-10-30T20:48:51.000Z,,0.0771,22,JAIR BOLSONARO,PL,100417,,,,,
2022,2,presidente,MA,,2022-10-30T20:48:51.000Z,,0.0771,13,LULA,PT,199709,,,,,
2022,2,presidente,MA,,2022-10-30T20:50:06.000Z,,0.0812,22,JAIR BOLSONARO,PL,105977,,,,,
2022,2,presidente,MA,,2022-10-30T20:50:06.000Z,,0.0812,13,LULA,PT,211174,,,,,
2022,2,presidente,MA,,2022-10-30T20:51:18.000Z,,0.0859,22,JAIR BOLSONARO,PL,111495,,,,,
2022,2,presidente,MA,,2022-10-30T20:51:18.000Z,,0.0859,13,LULA,PT,223387,,,,,
2022,2,presidente,MA,,2022-10-30T20:52:32.000Z,,0.0965,22,JAIR BOLSONARO,PL,126066,,,,,
2022,2,presidente,MA,,2022-10-30T20:52:32.000Z,,0.0965,13,LULA,PT,251317,,,,,
2022,2,presidente,MA,,2022-10-30T20:53:50.000Z,,0.0965,22,JAIR BOLSONARO,PL,126066,,,,,
2022,2,presidente,MA,,2022-10-30T20:53:50.000Z,,0.0965,13,LULA,PT,251317,,,,,
2022,2,presidente,MA,,2022-10-30T20:55:08.000Z,,0.1066,22,JAIR BOLSONARO,PL,140074,,,,,
2022,2,presidente,MA,,2022-10-30T20:55:08.000Z,,0.1066,13,LULA,PT,279474,,,,,
2022,2,presidente,MA,,2022-10-30T20:56:30.000Z,,0.1128,22,JAIR BOLSONARO,PL,147610,,,,,
2022,2,presidente,MA,,2022-10-30T20:56:30.000Z,,0.1128,13,LULA,PT,296053,,,,,
2022,2,presidente,MA,,2022-10-30T20:57:54.000Z,,0.1178,22,JAIR BOLSONARO,PL,154182,,,,,
2022,2,presidente,MA,,2022-10-30T20:57:54.000Z,,0.1178,13,LULA,PT,309320,,,,,
2022,2,presidente,MA,,2022-10-30T20:59:13.000Z,,0.1316,22,JAIR BOLSONARO,PL,172045,,,,,
2022,2,presidente,MA,,2022-10-30T20:59:13.000Z,,0.1316,13,LULA,PT,346835,,,,,
2022,2,presidente,MA,,2022-10-30T21:00:30.000Z,,0.1391,22,JAIR BOLSONARO,PL,183287,,,,,
2022,2,presidente,MA,,2022-10-30T21:00:30.000Z,,0.1391,13,LULA,PT,366572,,,,,
2022,2,presidente,MA,,2022-10-30T21:01:58.000Z,,0.1459,22,JAIR BOLSONARO,PL,191878,,,,,
2022,2,presidente,MA,,2022-10-30T21:01:58.000Z,,0.1459,13,LULA,PT,383990,,,,,
2022,2,presidente,MA,,2022-10-30T21:03:21.000Z,,0.1516,22,JAIR BOLSONARO,PL,199858,,,,,
2022,2,presidente,MA,,2022-10-30T21:03:21.000Z,,0.1516,13,LULA,PT,399186,,,,,
2022,2,presidente,MA,,2022-10-30T21:04:33.000Z,,0.1709,22,JAIR BOLSONARO,PL,227716,,,,,
2022,2,presidente,MA,,2022-10-30T21:04:33.000Z,,0.1709,13,LULA,PT,445757,,,,,
2022,2,presidente,MA,,2022-10-30T21:05:41.000Z,,0.1804,22,JAIR BOLSONARO,PL,240715,,,,,
2022,2,presidente,MA,,2022-10-30T21:05:41.000Z,,0.1804,13,LULA,PT,470237,,,,,
2022,2,presidente,MA,,2022-10-30T21:07:01.000Z,,0.1866,22,JAIR BOLSONARO,PL,249691,,,,,
2022,2,presidente,MA,,2022-10-30T21:07:01.000Z,,0.1866,13,LULA,PT,486640,,,,,
2022,2,presidente,MA,,2022-10-30T21:08:19.000Z,,0.1932,22,JAIR BOLSONARO,PL,258502,,,,,
2022,2,presidente,MA,,2022-10-30T21:08:19.000Z,,0.1932,13,LULA,PT,503331,,,,,
2022,2,presidente,MA,,2022-10-30T21:09:37.000Z,,0.2007,22,JAIR BOLSONARO,PL,267704,,,,,
2022,2,presidente,MA,,2022-10-30T21:09:37.000Z,,0.2007,13,LULA,PT,523843,,,,,
2022,2,presidente,MA,,2022-10-30T21:10:56.000Z,,0.2083,22,JAIR BOLSONARO,PL,278750,,,,,
2022,2,presidente,MA,,2022-10-30T21:10:56.000Z,,0.2083,13,LULA,PT,543366,,,,,
2022,2,presidente,MA,,2022-10-30T21:12:20.000Z,,0.2214,22,JAIR BOLSONARO,PL,294752,,,,,
2022,2,presidente,MA,,2022-10-30T21:12:20.000Z,,0.2214,13,LULA,PT,577963,,,,,
2022,2,presidente,MA,,2022-10-30T21:13:33.000Z,,0.2304,22,JAIR BOLSONARO,PL,306241,,,,,
2022,2,presidente,MA,,2022-10-30T21:13:33.000Z,,0.2304,13,LULA,PT,600855,,,,,
2022,2,presidente,MA,,2022-10-30T21:14:43.000Z,,0.2388,22,JAIR BOLSONARO,PL,314267,,,,,
2022,2,presidente,MA,,2022-10-30T21:14:43.000Z,,0.2388,13,LULA,PT,624393,,,,,
2022,2,presidente,MA,,2022-10-30T21:16:12.000Z,,0.2482,22,JAIR BOLSONARO,PL,325106,,,,,
2022,2,presidente,MA,,2022-10-30T21:16:12.000Z,,0.2482,13,LULA,PT,650407,,,,,
2022,2,presidente,MA,,2022-10-30T21:17:29.000Z,,0.2664,22,JAIR BOLSONARO,PL,350141,,,,,
2022,2,presidente,MA,,2022-10-30T21:17:29.000Z,,0.2664,13,LULA,PT,697162,,,,,
2022,2,presidente,MA,,2022-10-30T21:19:02.000Z,,0.2775,22,JAIR BOLSONARO,PL,367188,,,,,
2022,2,presidente,MA,,2022-10-30T21:19:02.000Z,,0.2775,13,LULA,PT,725675,,,,,
2022,2,presidente,MA,,2022-10-30T21:20:23.000Z,,0.2861,22,JAIR BOLSONARO,PL,379670,,,,,
2022,2,presidente,MA,,2022-10-30T21:20:23.000Z,,0.2861,13,LULA,PT,746825,,,,,
2022,2,presidente,MA,,2022-10-30T21:21:45.000Z,,0.2951,22,JAIR BOLSONARO,PL,393080,,,,,
2022,2,presidente,MA,,2022-10-30T21:21:45.000Z,,0.2951,13,LULA,PT,770091,,,,,
2022,2,presidente,MA,,2022-10-30T21:23:11.000Z,,0.3171,22,JAIR BOLSONARO,PL,422070,,,,,
2022,2,presidente,MA,,2022-10-30T21:23:11.000Z,,0.3171,13,LULA,PT,828557,,,,,
2022,2,presidente,MA,,2022-10-30T21:24:37.000Z,,0.3259,22,JAIR BOLSONARO,PL,432397,,,,,
2022,2,presidente,MA,,2022-10-30T21:24:37.000Z,,0.3259,13,LULA,PT,853663,,,,,
2022,2,presidente,MA,,2022-10-30T21:26:03.000Z,,0.3392,22,JAIR BOLSONARO,PL,450814,,,,,
2022,2,presidente,MA,,2022-10-30T21:26:03.000Z,,0.3392,13,LULA,PT,890149,,,,,
2022,2,presidente,MA,,2022-10-30T21:27:30.000Z,,0.364,22,JAIR BOLSONARO,PL,484017,,,,,
2022,2,presidente,MA,,2022-10-30T21:27:30.000Z,,0.364,13,LULA,PT,954685,,,,,
2022,2,presidente,MA,,2022-10-30T21:28:53.000Z,,0.3765,22,JAIR BOLSONARO,PL,500021,,,,,
2022,2,presidente,MA,,2022-10-30T21:28:53.000Z,,0.3765,13,LULA,PT,990290,,,,,
2022,2,presidente,MA,,2022-10-30T21:30:17.000Z,,0.3848,22,JAIR BOLSONARO,PL,510776,,,,,
2022,2,presidente,MA,,2022-10-30T21:30:17.000Z,,0.3848,13,LULA,PT,1014783,,,,,
2022,2,presidente,MA,,2022-10-30T21:31:43.000Z,,0.4021,22,JAIR BOLSONARO,PL,532942,,,,,
2022,2,presidente,MA,,2022-10-30T21:31:43.000Z,,0.4021,13,LULA,PT,1062641,,,,,
2022,2,presidente,MA,,2022-10-30T21:33:10.000Z,,0.4236,22,JAIR BOLSONARO,PL,559496,,,,,
2022,2,presidente,MA,,2022-10-30T21:33:10.000Z,,0.4236,13,LULA,PT,1120411,,,,,
2022,2,presidente,MA,,2022-10-30T21:34:29.000Z,,0.4379,22,JAIR BOLSONARO,PL,577981,,,,,
2022,2,presidente,MA,,2022-10-30T21:34:29.000Z,,0.4379,13,LULA,PT,1158021,,,,,
2022,2,presidente,MA,,2022-10-30T21:35:48.000Z,,0.4493,22,JAIR BOLSONARO,PL,592882,,,,,
2022,2,presidente,MA,,2022-10-30T21:35:48.000Z,,0.4493,13,LULA,PT,1189704,,,,,
2022,2,presidente,MA,,2022-10-30T21:37:14.000Z,,0.46,22,JAIR BOLSONARO,PL,607827,,,,,
2022,2,presidente,MA,,2022-10-30T21:37:14.000Z,,0.46,13,LULA,PT,1218986,,,,,
2022,2,presidente,MA,,2022-10-30T21:38:47.000Z,,0.4844,22,JAIR BOLSONARO,PL,634994,,,,,
2022,2,presidente,MA,,2022-10-30T21:38:47.000Z,,0.4844,13,LULA,PT,1285083,,,,,
2022,2,presidente,MA,,2022-10-30T21:40:12.000Z,,0.4947,22,JAIR BOLSONARO,PL,648193,,,,,
2022,2,presidente,MA,,2022-10-30T21:40:12.000Z,,0.4947,13,LULA,PT,1312379,,,,,
2022,2,presidente,MA,,2022-10-30T21:41:43.000Z,,0.5054,22,JAIR BOLSONARO,PL,661739,,,,,
2022,2,presidente,MA,,2022-10-30T21:41:43.000Z,,0.5054,13,LULA,PT,1340802,,,,,
2022,2,presidente,MA,,2022-10-30T21:43:06.000Z,,0.5285,22,JAIR BOLSONARO,PL,689115,,,,,
2022,2,presidente,MA,,2022-10-30T21:43:06.000Z,,0.5285,13,LULA,PT,1400857,,,,,
2022,2,presidente,MA,,2022-10-30T21:44:23.000Z,,0.5377,22,JAIR BOLSONARO,PL,700118,,,,,
2022,2,presidente,MA,,2022-10-30T21:44:23.000Z,,0.5377,13,LULA,PT,1426547,,,,,
2022,2,presidente,MA,,2022-10-30T21:45:45.000Z,,0.5484,22,JAIR BOLSONARO,PL,712821,,,,,
2022,2,presidente,MA,,2022-10-30T21:45:45.000Z,,0.5484,13,LULA,PT,1455100,,,,,
2022,2,presidente,MA,,2022-10-30T21:47:03.000Z,,0.5608,22,JAIR BOLSONARO,PL,728232,,,,,
2022,2,presidente,MA,,2022-10-30T21:47:03.000Z,,0.5608,13,LULA,PT,1488148,,,,,
2022,2,presidente,MA,,2022-10-30T21:48:27.000Z,,0.5811,22,JAIR BOLSONARO,PL,748933,,,,,
2022,2,presidente,MA,,2022-10-30T21:48:27.000Z,,0.5811,13,LULA,PT,1543067,,,,,
2022,2,presidente,MA,,2022-10-30T21:50:04.000Z,,0.5889,22,JAIR BOLSONARO,PL,755288,,,,,
2022,2,presidente,MA,,2022-10-30T21:50:04.000Z,,0.5889,13,LULA,PT,1564282,,,,,
2022,2,presidente,MA,,2022-10-30T21:51:41.000Z,,0.5972,22,JAIR BOLSONARO,PL,761181,,,,,
2022,2,presidente,MA,,2022-10-30T21:51:41.000Z,,0.5972,13,LULA,PT,1586422,,,,,
2022,2,presidente,MA,,2022-10-30T21:53:16.000Z,,0.6151,22,JAIR BOLSONARO,PL,777423,,,,,
2022,2,presidente,MA,,2022-10-30T21:53:16.000Z,,0.6151,13,LULA,PT,1633755,,,,,
2022,2,presidente,MA,,2022-10-30T21:54:41.000Z,,0.6242,22,JAIR BOLSONARO,PL,785786,,,,,
2022,2,presidente,MA,,2022-10-30T21:54:41.000Z,,0.6242,13,LULA,PT,1657740,,,,,
2022,2,presidente,MA,,2022-10-30T21:56:12.000Z,,0.6348,22,JAIR BOLSONARO,PL,795206,,,,,
2022,2,presidente,MA,,2022-10-30T21:56:12.000Z,,0.6348,13,LULA,PT,1688248,,,,,
2022,2,presidente,MA,,2022-10-30T21:57:49.000Z,,0.6566,22,JAIR BOLSONARO,PL,813747,,,,,
2022,2,presidente,MA,,2022-10-30T21:57:49.000Z,,0.6566,13,LULA,PT,1748394,,,,,
2022,2,presidente,MA,,2022-10-30T21:59:15.000Z,,0.6676,22,JAIR BOLSONARO,PL,824051,,,,,
2022,2,presidente,MA,,2022-10-30T21:59:15.000Z,,0.6676,13,LULA,PT,1779033,,,,,
2022,2,presidente,MA,,2022-10-30T22:00:52.000Z,,0.6746,22,JAIR BOLSONARO,PL,830308,,,,,
2022,2,presidente,MA,,2022-10-30T22:00:52.000Z,,0.6746,13,LULA,PT,1798520,,,,,
2022,2,presidente,MA,,2022-10-30T22:02:17.000Z,,0.6959,22,JAIR BOLSONARO,PL,848588,,,,,
2022,2,presidente,MA,,2022-10-30T22:02:17.000Z,,0.6959,13,LULA,PT,1856603,,,,,
2022,2,presidente,MA,,2022-10-30T22:03:41.000Z,,0.7069,22,JAIR BOLSONARO,PL,857523,,,,,
2022,2,presidente,MA,,2022-10-30T22:03:41.000Z,,0.7069,13,LULA,PT,1886970,,,,,
2022,2,presidente,MA,,2022-10-30T22:05:05.000Z,,0.7147,22,JAIR BOLSONARO,PL,863367,,,,,
2022,2,presidente,MA,,2022-10-30T22:05:05.000Z,,0.7147,13,LULA,PT,1908843,,,,,
2022,2,presidente,MA,,2022-10-30T22:06:27.000Z,,0.7318,22,JAIR BOLSONARO,PL,877673,,,,,
2022,2,presidente,MA,,2022-10-30T22:06:27.000Z,,0.7318,13,LULA,PT,1955019,,,,,
2022,2,presidente,MA,,2022-10-30T22:07:57.000Z,,0.743,22,JAIR BOLSONARO,PL,886120,,,,,
2022,2,presidente,MA,,2022-10-30T22:07:57.000Z,,0.743,13,LULA,PT,1985178,,,,,
2022,2,presidente,MA,,2022-10-30T22:09:20.000Z,,0.7482,22,JAIR BOLSONARO,PL,890077,,,,,
2022,2,presidente,MA,,2022-10-30T22:09:20.000Z,,0.7482,13,LULA,PT,1999652,,,,,
2022,2,presidente,MA,,2022-10-30T22:10:52.000Z,,0.7638,22,JAIR BOLSONARO,PL,902171,,,,,
2022,2,presidente,MA,,2022-10-30T22:10:52.000Z,,0.7638,13,LULA,PT,2040539,,,,,
2022,2,presidente,MA,,2022-10-30T22:12:38.000Z,,0.7688,22,JAIR BOLSONARO,PL,905707,,,,,
2022,2,presidente,MA,,2022-10-30T22:12:38.000Z,,0.7688,13,LULA,PT,2054680,,,,,
2022,2,presidente,MA,,2022-10-30T22:14:22.000Z,,0.7795,22,JAIR BOLSONARO,PL,914422,,,,,
2022,2,presidente,MA,,2022-10-30T22:14:22.000Z,,0.7795,13,LULA,PT,2082843,,,,,
2022,2,presidente,MA,,2022-10-30T22:15:59.000Z,,0.7866,22,JAIR BOLSONARO,PL,919664,,,,,
2022,2,presidente,MA,,2022-10-30T22:15:59.000Z,,0.7866,13,LULA,PT,2101078,,,,,
2022,2,presidente,MA,,2022-10-30T22:17:42.000Z,,0.7986,22,JAIR BOLSONARO,PL,930151,,,,,
2022,2,presidente,MA,,2022-10-30T22:17:42.000Z,,0.7986,13,LULA,PT,2132017,,,,,
2022,2,presidente,MA,,2022-10-30T22:19:25.000Z,,0.8057,22,JAIR BOLSONARO,PL,935744,,,,,
2022,2,presidente,MA,,2022-10-30T22:19:25.000Z,,0.8057,13,LULA,PT,2150487,,,,,
2022,2,presidente,MA,,2022-10-30T22:21:00.000Z,,0.8151,22,JAIR BOLSONARO,PL,942544,,,,,
2022,2,presidente,MA,,2022-10-30T22:21:00.000Z,,0.8151,13,LULA,PT,2175612,,,,,
2022,2,presidente,MA,,2022-10-30T22:22:33.000Z,,0.8217,22,JAIR BOLSONARO,PL,948142,,,,,
2022,2,presidente,MA,,2022-10-30T22:22:33.000Z,,0.8217,13,LULA,PT,2192296,,,,,
2022,2,presidente,MA,,2022-10-30T22:24:04.000Z,,0.8341,22,JAIR BOLSONARO,PL,958209,,,,,
2022,2,presidente,MA,,2022-10-30T22:24:04.000Z,,0.8341,13,LULA,PT,2224577,,,,,
2022,2,presidente,MA,,2022-10-30T22:25:53.000Z,,0.8387,22,JAIR BOLSONARO,PL,962414,,,,,
2022,2,presidente,MA,,2022-10-30T22:25:53.000Z,,0.8387,13,LULA,PT,2236916,,,,,
2022,2,presidente,MA,,2022-10-30T22:27:42.000Z,,0.8704,22,JAIR BOLSONARO,PL,989184,,,,,
2022,2,presidente,MA,,2022-10-30T22:27:42.000Z,,0.8704,13,LULA,PT,2318976,,,,,
2022,2,presidente,MA,,2022-10-30T22:29:32.000Z,,0.8719,22,JAIR BOLSONARO,PL,990378,,,,,
2022,2,presidente,MA,,2022-10-30T22:29:32.000Z,,0.8719,13,LULA,PT,2323209,,,,,
2022,2,presidente,MA,,2022-10-30T22:31:06.000Z,,0.879,22,JAIR BOLSONARO,PL,996125,,,,,
2022,2,presidente,MA,,2022-10-30T22:31:06.000Z,,0.879,13,LULA,PT,2342058,,,,,
2022,2,presidente,MA,,2022-10-30T22:32:45.000Z,,0.8827,22,JAIR BOLSONARO,PL,999472,,,,,
2022,2,presidente,MA,,2022-10-30T22:32:45.000Z,,0.8827,13,LULA,PT,2351769,,,,,
2022,2,presidente,MA,,2022-10-30T22:34:30.000Z,,0.8878,22,JAIR BOLSONARO,PL,1003304,,,,,
2022,2,presidente,MA,,2022-10-30T22:34:30.000Z,,0.8878,13,LULA,PT,2365978,,,,,
2022,2,presidente,MA,,2022-10-30T22:36:24.000Z,,0.8927,22,JAIR BOLSONARO,PL,1007365,,,,,
2022,2,presidente,MA,,2022-10-30T22:36:24.000Z,,0.8927,13,LULA,PT,2379664,,,,,
2022,2,presidente,MA,,2022-10-30T22:38:23.000Z,,0.8974,22,JAIR BOLSONARO,PL,1011497,,,,,
2022,2,presidente,MA,,2022-10-30T22:38:23.000Z,,0.8974,13,LULA,PT,2391879,,,,,
2022,2,presidente,MA,,2022-10-30T22:39:58.000Z,,0.9037,22,JAIR BOLSONARO,PL,1016758,,,,,
2022,2,presidente,MA,,2022-10-30T22:39:58.000Z,,0.9037,13,LULA,PT,2407530,,,,,
2022,2,presidente,MA,,2022-10-30T22:41:45.000Z,,0.9118,22,JAIR BOLSONARO,PL,1022579,,,,,
2022,2,presidente,MA,,2022-10-30T22:41:45.000Z,,0.9118,13,LULA,PT,2428012,,,,,
2022,2,presidente,MA,,2022-10-30T22:43:18.000Z,,0.9141,22,JAIR BOLSONARO,PL,1024425,,,,,
2022,2,presidente,MA,,2022-10-30T22:43:18.000Z,,0.9141,13,LULA,PT,2434173,,,,,
2022,2,presidente,MA,,2022-10-30T22:44:57.000Z,,0.9177,22,JAIR BOLSONARO,PL,1027445,,,,,
2022,2,presidente,MA,,2022-10-30T22:44:57.000Z,,0.9177,13,LULA,PT,2444651,,,,,
2022,2,presidente,MA,,2022-10-30T22:46:51.000Z,,0.923,22,JAIR BOLSONARO,PL,1032088,,,,,
2022,2,presidente,MA,,2022-10-30T22:46:51.000Z,,0.923,13,LULA,PT,2459789,,,,,
2022,2,presidente,MA,,2022-10-30T22:48:32.000Z,,0.9271,22,JAIR BOLSONARO,PL,1034533,,,,,
2022,2,presidente,MA,,2022-10-30T22:48:32.000Z,,0.9271,13,LULA,PT,2471079,,,,,
2022,2,presidente,MA,,2022-10-30T22:50:14.000Z,,0.928,22,JAIR BOLSONARO,PL,1034924,,,,,
2022,2,presidente,MA,,2022-10-30T22:50:14.000Z,,0.928,13,LULA,PT,2473433,,,,,
2022,2,presidente,MA,,2022-10-30T22:52:00.000Z,,0.9347,22,JAIR BOLSONARO,PL,1040652,,,,,
2022,2,presidente,MA,,2022-10-30T22:52:00.000Z,,0.9347,13,LULA,PT,2491850,,,,,
2022,2,presidente,MA,,2022-10-30T22:53:34.000Z,,0.9367,22,JAIR BOLSONARO,PL,1042109,,,,,
2022,2,presidente,MA,,2022-10-30T22:53:34.000Z,,0.9367,13,LULA,PT,2497500,,,,,
2022,2,presidente,MA,,2022-10-30T22:55:06.000Z,,0.942,22,JAIR BOLSONARO,PL,1046141,,,,,
2022,2,presidente,MA,,2022-10-30T22:55:06.000Z,,0.942,13,LULA,PT,2511784,,,,,
2022,2,presidente,MA,,2022-10-30T22:56:53.000Z,,0.9428,22,JAIR BOLSONARO,PL,1047039,,,,,
2022,2,presidente,MA,,2022-10-30T22:56:53.000Z,,0.9428,13,LULA,PT,2514108,,,,,
2022,2,presidente,MA,,2022-10-30T22:58:28.000Z,,0.9466,22,JAIR BOLSONARO,PL,1049252,,,,,
2022,2,presidente,MA,,2022-10-30T22:58:28.000Z,,0.9466,13,LULA,PT,2525394,,,,,
2022,2,presidente,MA,,2022-10-30T23:00:48.000Z,,0.9501,22,JAIR BOLSONARO,PL,1051885,,,,,
2022,2,presidente,MA,,2022-10-30T23:00:48.000Z,,0.9501,13,LULA,PT,2535407,,,,,
2022,2,presidente,MA,,2022-10-30T23:03:00.000Z,,0.954,22,JAIR BOLSONARO,PL,1054670,,,,,
2022,2,presidente,MA,,2022-10-30T23:03:00.000Z,,0.954,13,LULA,PT,2545427,,,,,
2022,2,presidente,MA,,2022-10-30T23:04:50.000Z,,0.9563,22,JAIR BOLSONARO,PL,1055594,,,,,
2022,2,presidente,MA,,2022-10-30T23:04:50.000Z,,0.9563,13,LULA,PT,2551500,,,,,
2022,2,presidente,MA,,2022-10-30T23:06:52.000Z,,0.9598,22,JAIR BOLSONARO,PL,1057733,,,,,
2022,2,presidente,MA,,2022-10-30T23:06:52.000Z,,0.9598,13,LULA,PT,2560644,,,,,
2022,2,presidente,MA,,2022-10-30T23:08:37.000Z,,0.9614,22,JAIR BOLSONARO,PL,1059084,,,,,
2022,2,presidente,MA,,2022-10-30T23:08:37.000Z,,0.9614,13,LULA,PT,2565031,,,,,
2022,2,presidente,MA,,2022-10-30T23:10:12.000Z,,0.9649,22,JAIR BOLSONARO,PL,1060649,,,,,
2022,2,presidente,MA,,2022-10-30T23:10:12.000Z,,0.9649,13,LULA,PT,2573091,,,,,
2022,2,presidente,MA,,2022-10-30T23:12:09.000Z,,0.966,22,JAIR BOLSONARO,PL,1061274,,,,,
2022,2,presidente,MA,,2022-10-30T23:12:09.000Z,,0.966,13,LULA,PT,2576120,,,,,
2022,2,presidente,MA,,2022-10-30T23:14:14.000Z,,0.9688,22,JAIR BOLSONARO,PL,1063383,,,,,
2022,2,presidente,MA,,2022-10-30T23:14:14.000Z,,0.9688,13,LULA,PT,2583983,,,,,
2022,2,presidente,MA,,2022-10-30T23:16:17.000Z,,0.9729,22,JAIR BOLSONARO,PL,1066982,,,,,
2022,2,presidente,MA,,2022-10-30T23:16:17.000Z,,0.9729,13,LULA,PT,2595123,,,,,
2022,2,presidente,MA,,2022-10-30T23:18:57.000Z,,0.9779,22,JAIR BOLSONARO,PL,1070631,,,,,
2022,2,presidente,MA,,2022-10-30T23:18:57.000Z,,0.9779,13,LULA,PT,2609169,,,,,
2022,2,presidente,MA,,2022-10-30T23:20:49.000Z,,0.9786,22,JAIR BOLSONARO,PL,1071297,,,,,
2022,2,presidente,MA,,2022-10-30T23:20:49.000Z,,0.9786,13,LULA,PT,2610667,,,,,
2022,2,presidente,MA,,2022-10-30T23:22:15.000Z,,0.9815,22,JAIR BOLSONARO,PL,1073252,,,,,
2022,2,presidente,MA,,2022-10-30T23:22:15.000Z,,0.9815,13,LULA,PT,2618716,,,,,
2022,2,presidente,MA,,2022-10-30T23:23:47.000Z,,0.9827,22,JAIR BOLSONARO,PL,1074053,,,,,
2022,2,presidente,MA,,2022-10-30T23:23:47.000Z,,0.9827,13,LULA,PT,2622153,,,,,
2022,2,presidente,MA,,2022-10-30T23:25:09.000Z,,0.9853,22,JAIR BOLSONARO,PL,1075540,,,,,
2022,2,presidente,MA,,2022-10-30T23:25:09.000Z,,0.9853,13,LULA,PT,2628946,,,,,
2022,2,presidente,MA,,2022-10-30T23:26:54.000Z,,0.9856,22,JAIR BOLSONARO,PL,1075661,,,,,
2022,2,presidente,MA,,2022-10-30T23:26:54.000Z,,0.9856,13,LULA,PT,2629962,,,,,
2022,2,presidente,MA,,2022-10-30T23:28:22.000Z,,0.9858,22,JAIR BOLSONARO,PL,1075706,,,,,
2022,2,presidente,MA,,2022-10-30T23:28:22.000Z,,0.9858,13,LULA,PT,2630380,,,,,
2022,2,presidente,MA,,2022-10-30T23:30:19.000Z,,0.9881,22,JAIR BOLSONARO,PL,1076908,,,,,
2022,2,presidente,MA,,2022-10-30T23:30:19.000Z,,0.9881,13,LULA,PT,2636508,,,,,
2022,2,presidente,MA,,2022-10-30T23:32:07.000Z,,0.9884,22,JAIR BOLSONARO,PL,1077161,,,,,
2022,2,presidente,MA,,2022-10-30T23:32:07.000Z,,0.9884,13,LULA,PT,2637049,,,,,
2022,2,presidente,MA,,2022-10-30T23:33:55.000Z,,0.9885,22,JAIR BOLSONARO,PL,1077164,,,,,
2022,2,presidente,MA,,2022-10-30T23:33:55.000Z,,0.9885,13,LULA,PT,2637069,,,,,
2022,2,presidente,MA,,2022-10-30T23:35:27.000Z,,0.9899,22,JAIR BOLSONARO,PL,1078066,,,,,
2022,2,presidente,MA,,2022-10-30T23:35:27.000Z,,0.9899,13,LULA,PT,2641178,,,,,
2022,2,presidente,MA,,2022-10-30T23:36:59.000Z,,0.9906,22,JAIR BOLSONARO,PL,1078432,,,,,
2022,2,presidente,MA,,2022-10-30T23:36:59.000Z,,0.9906,13,LULA,PT,2643201,,,,,
2022,2,presidente,MA,,2022-10-30T23:39:12.000Z,,0.9914,22,JAIR BOLSONARO,PL,1078751,,,,,
2022,2,presidente,MA,,2022-10-30T23:39:12.000Z,,0.9914,13,LULA,PT,2645245,,,,,
2022,2,presidente,MA,,2022-10-30T23:41:26.000Z,,0.9917,22,JAIR BOLSONARO,PL,1078953,,,,,
2022,2,presidente,MA,,2022-10-30T23:41:26.000Z,,0.9917,13,LULA,PT,2646063,,,,,
2022,2,presidente,MA,,2022-10-30T23:43:07.000Z,,0.9918,22,JAIR BOLSONARO,PL,1078970,,,,,
2022,2,presidente,MA,,2022-10-30T23:43:07.000Z,,0.9918,13,LULA,PT,2646154,,,,,
2022,2,presidente,MA,,2022-10-30T23:45:22.000Z,,0.9924,22,JAIR BOLSONARO,PL,1079090,,,,,
2022,2,presidente,MA,,2022-10-30T23:45:22.000Z,,0.9924,13,LULA,PT,2648253,,,,,
2022,2,presidente,MA,,2022-10-30T23:47:07.000Z,,0.9928,22,JAIR BOLSONARO,PL,1079244,,,,,
2022,2,presidente,MA,,2022-10-30T23:47:07.000Z,,0.9928,13,LULA,PT,2649184,,,,,
2022,2,presidente,MA,,2022-10-30T23:48:47.000Z,,0.9928,22,JAIR BOLSONARO,PL,1079244,,,,,
2022,2,presidente,MA,,2022-10-30T23:48:47.000Z,,0.9928,13,LULA,PT,2649184,,,,,
2022,2,presidente,MA,,2022-10-30T23:50:49.000Z,,0.9948,22,JAIR BOLSONARO,PL,1080210,,,,,
2022,2,presidente,MA,,2022-10-30T23:50:49.000Z,,0.9948,13,LULA,PT,2654620,,,,,
2022,2,presidente,MA,,2022-10-30T23:52:16.000Z,,0.9956,22,JAIR BOLSONARO,PL,1080438,,,,,
2022,2,presidente,MA,,2022-10-30T23:52:16.000Z,,0.9956,13,LULA,PT,2656943,,,,,
2022,2,presidente,MA,,2022-10-30T23:54:29.000Z,,0.9956,22,JAIR BOLSONARO,PL,1080438,,,,,
2022,2,presidente,MA,,2022-10-30T23:54:29.000Z,,0.9956,13,LULA,PT,2656943,,,,,
2022,2,presidente,MA,,2022-10-30T23:56:22.000Z,,0.9957,22,JAIR BOLSONARO,PL,1080472,,,,,
2022,2,presidente,MA,,2022-10-30T23:56:22.000Z,,0.9957,13,LULA,PT,2657075,,,,,
2022,2,presidente,MA,,2022-10-30T23:58:50.000Z,,0.9957,22,JAIR BOLSONARO,PL,1080472,,,,,
2022,2,presidente,MA,,2022-10-30T23:58:50.000Z,,0.9957,13,LULA,PT,2657075,,,,,
2022,2,presidente,MA,,2022-10-31T00:00:22.000Z,,0.9957,22,JAIR BOLSONARO,PL,1080472,,,,,
2022,2,presidente,MA,,2022-10-31T00:00:22.000Z,,0.9957,13,LULA,PT,2657075,,,,,
2022,2,presidente,MA,,2022-10-31T00:01:51.000Z,,0.9959,22,JAIR BOLSONARO,PL,1080552,,,,,
2022,2,presidente,MA,,2022-10-31T00:01:51.000Z,,0.9959,13,LULA,PT,2657464,,,,,
2022,2,presidente,MA,,2022-10-31T00:03:57.000Z,,0.9959,22,JAIR BOLSONARO,PL,1080552,,,,,
2022,2,presidente,MA,,2022-10-31T00:03:57.000Z,,0.9959,13,LULA,PT,2657464,,,,,
2022,2,presidente,MA,,2022-10-31T00:06:43.000Z,,0.9964,22,JAIR BOLSONARO,PL,1080808,,,,,
2022,2,presidente,MA,,2022-10-31T00:06:43.000Z,,0.9964,13,LULA,PT,2659551,,,,,
2022,2,presidente,MA,,2022-10-31T00:08:34.000Z,,0.9967,22,JAIR BOLSONARO,PL,1080856,,,,,
2022,2,presidente,MA,,2022-10-31T00:08:34.000Z,,0.9967,13,LULA,PT,2660466,,,,,
2022,2,presidente,MA,,2022-10-31T00:10:59.000Z,,0.9973,22,JAIR BOLSONARO,PL,1080995,,,,,
2022,2,presidente,MA,,2022-10-31T00:10:59.000Z,,0.9973,13,LULA,PT,2661807,,,,,
2022,2,presidente,MA,,2022-10-31T00:13:09.000Z,,0.9973,22,JAIR BOLSONARO,PL,1081024,,,,,
2022,2,presidente,MA,,2022-10-31T00:13:09.000Z,,0.9973,13,LULA,PT,2661907,,,,,
2022,2,presidente,MA,,2022-10-31T00:15:04.000Z,,0.9973,22,JAIR BOLSONARO,PL,1081024,,,,,
2022,2,presidente,MA,,2022-10-31T00:15:04.000Z,,0.9973,13,LULA,PT,2661907,,,,,
2022,2,presidente,MA,,2022-10-31T00:16:53.000Z,,0.9973,22,JAIR BOLSONARO,PL,1081024,,,,,
2022,2,presidente,MA,,2022-10-31T00:16:53.000Z,,0.9973,13,LULA,PT,2661907,,,,,
2022,2,presidente,MA,,2022-10-31T00:19:18.000Z,,0.9975,22,JAIR BOLSONARO,PL,1081171,,,,,
2022,2,presidente,MA,,2022-10-31T00:19:18.000Z,,0.9975,13,LULA,PT,2662439,,,,,
2022,2,presidente,MA,,2022-10-31T00:21:20.000Z,,0.9981,22,JAIR BOLSONARO,PL,1081447,,,,,
2022,2,presidente,MA,,2022-10-31T00:21:20.000Z,,0.9981,13,LULA,PT,2663849,,,,,
2022,2,presidente,MA,,2022-10-31T00:23:52.000Z,,0.9981,22,JAIR BOLSONARO,PL,1081447,,,,,
2022,2,presidente,MA,,2022-10-31T00:23:52.000Z,,0.9981,13,LULA,PT,2663849,,,,,
2022,2,presidente,MA,,2022-10-31T00:26:09.000Z,,0.9981,22,JAIR BOLSONARO,PL,1081449,,,,,
2022,2,presidente,MA,,2022-10-31T00:26:09.000Z,,0.9981,13,LULA,PT,2664097,,,,,
2022,2,presidente,MA,,2022-10-31T00:27:50.000Z,,0.9981,22,JAIR BOLSONARO,PL,1081449,,,,,
2022,2,presidente,MA,,2022-10-31T00:27:50.000Z,,0.9981,13,LULA,PT,2664097,,,,,
2022,2,presidente,MA,,2022-10-31T00:29:57.000Z,,0.999,22,JAIR BOLSONARO,PL,1081884,,,,,
2022,2,presidente,MA,,2022-10-31T00:29:57.000Z,,0.999,13,LULA,PT,2666375,,,,,
2022,2,presidente,MA,,2022-10-31T00:32:06.000Z,,0.9996,22,JAIR BOLSONARO,PL,1082503,,,,,
2022,2,presidente,MA,,2022-10-31T00:32:06.000Z,,0.9996,13,LULA,PT,2667767,,,,,
2022,2,presidente,MA,,2022-10-31T00:34:27.000Z,,0.9996,22,JAIR BOLSONARO,PL,1082562,,,,,
2022,2,presidente,MA,,2022-10-31T00:34:27.000Z,,0.9996,13,LULA,PT,2667932,,,,,
2022,2,presidente,MA,,2022-10-31T00:36:17.000Z,,0.9997,22,JAIR BOLSONARO,PL,1082574,,,,,
2022,2,presidente,MA,,2022-10-31T00:36:17.000Z,,0.9997,13,LULA,PT,2668041,,,,,
2022,2,presidente,MA,,2022-10-31T00:38:31.000Z,,0.9998,22,JAIR BOLSONARO,PL,1082673,,,,,
2022,2,presidente,MA,,2022-10-31T00:38:31.000Z,,0.9998,13,LULA,PT,2668140,,,,,
2022,2,presidente,MA,,2022-10-31T00:40:48.000Z,,0.9998,22,JAIR BOLSONARO,PL,1082673,,,,,
2022,2,presidente,MA,,2022-10-31T00:40:48.000Z,,0.9998,13,LULA,PT,2668140,,,,,
2022,2,presidente,MA,,2022-10-31T00:42:33.000Z,,0.9998,22,JAIR BOLSONARO,PL,1082673,,,,,
2022,2,presidente,MA,,2022-10-31T00:42:33.000Z,,0.9998,13,LULA,PT,2668140,,,,,
2022,2,presidente,MA,,2022-10-31T00:44:15.000Z,,0.9998,22,JAIR BOLSONARO,PL,1082673,,,,,
2022,2,presidente,MA,,2022-10-31T00:44:15.000Z,,0.9998,13,LULA,PT,2668140,,,,,
2022,2,presidente,MA,,2022-10-31T00:46:16.000Z,,0.9998,22,JAIR BOLSONARO,PL,1082673,,,,,
2022,2,presidente,MA,,2022-10-31T00:46:16.000Z,,0.9998,13,LULA,PT,2668140,,,,,
2022,2,presidente,MA,,2022-10-31T00:48:33.000Z,,0.9998,22,JAIR BOLSONARO,PL,1082673,,,,,
2022,2,presidente,MA,,2022-10-31T00:48:33.000Z,,0.9998,13,LULA,PT,2668140,,,,,
2022,2,presidente,MA,,2022-10-31T00:50:12.000Z,,0.9998,22,JAIR BOLSONARO,PL,1082673,,,,,
2022,2,presidente,MA,,2022-10-31T00:50:12.000Z,,0.9998,13,LULA,PT,2668140,,,,,
2022,2,presidente,MA,,2022-10-31T00:52:44.000Z,,0.9998,22,JAIR BOLSONARO,PL,1082673,,,,,
2022,2,presidente,MA,,2022-10-31T00:52:44.000Z,,0.9998,13,LULA,PT,2668140,,,,,
2022,2,presidente,MA,,2022-10-31T00:54:22.000Z,,0.9998,22,JAIR BOLSONARO,PL,1082673,,,,,
2022,2,presidente,MA,,2022-10-31T00:54:22.000Z,,0.9998,13,LULA,PT,2668140,,,,,
2022,2,presidente,MA,,2022-10-31T00:56:38.000Z,,0.9998,22,JAIR BOLSONARO,PL,1082673,,,,,
2022,2,presidente,MA,,2022-10-31T00:56:38.000Z,,0.9998,13,LULA,PT,2668140,,,,,
2022,2,presidente,MA,,2022-10-31T00:58:20.000Z,,0.9998,22,JAIR BOLSONARO,PL,1082673,,,,,
2022,2,presidente,MA,,2022-10-31T00:58:20.000Z,,0.9998,13,LULA,PT,2668140,,,,,
2022,2,presidente,MA,,2022-10-31T01:00:41.000Z,,0.9998,22,JAIR BOLSONARO,PL,1082673,,,,,
2022,2,presidente,MA,,2022-10-31T01:00:41.000Z,,0.9998,13,LULA,PT,2668140,,,,,
2022,2,presidente,MA,,2022-10-31T01:02:15.000Z,,0.9998,22,JAIR BOLSONARO,PL,1082673,,,,,
2022,2,presidente,MA,,2022-10-31T01:02:15.000Z,,0.9998,13,LULA,PT,2668140,,,,,
2022,2,presidente,MA,,2022-10-31T01:04:18.000Z,,0.9998,22,JAIR BOLSONARO,PL,1082673,,,,,
2022,2,presidente,MA,,2022-10-31T01:04:18.000Z,,0.9998,13,LULA,PT,2668140,,,,,
2022,2,presidente,MA,,2022-10-31T01:05:45.000Z,,0.9998,22,JAIR BOLSONARO,PL,1082673,,,,,
2022,2,presidente,MA,,2022-10-31T01:05:45.000Z,,0.9998,13,LULA,PT,2668140,,,,,
2022,2,presidente,MA,,2022-10-31T01:08:05.000Z,,0.9999,22,JAIR BOLSONARO,PL,1082687,,,,,
2022,2,presidente,MA,,2022-10-31T01:08:05.000Z,,0.9999,13,LULA,PT,2668245,,,,,
2022,2,presidente,MA,,2022-10-31T01:10:06.000Z,,0.9999,22,JAIR BOLSONARO,PL,1082687,,,,,
2022,2,presidente,MA,,2022-10-31T01:10:06.000Z,,0.9999,13,LULA,PT,2668245,,,,,
2022,2,presidente,MA,,2022-10-31T01:11:40.000Z,,0.9999,22,JAIR BOLSONARO,PL,1082687,,,,,
2022,2,presidente,MA,,2022-10-31T01:11:40.000Z,,0.9999,13,LULA,PT,2668245,,,,,
2022,2,presidente,MA,,2022-10-31T01:13:29.000Z,,0.9999,22,JAIR BOLSONARO,PL,1082687,,,,,
2022,2,presidente,MA,,2022-10-31T01:13:29.000Z,,0.9999,13,LULA,PT,2668305,,,,,
2022,2,presidente,MA,,2022-10-31T01:15:35.000Z,,1,22,JAIR BOLSONARO,PL,1082749,,,,,
2022,2,presidente,MA,,2022-10-31T01:15:35.000Z,,1,13,LULA,PT,2668425,,,,,
2022,2,presidente,MG,,2022-10-30T20:07:25.000Z,,0.0001,22,JAIR BOLSONARO,PL,164,,,,,
2022,2,presidente,MG,,2022-10-30T20:07:25.000Z,,0.0001,13,LULA,PT,89,,,,,
2022,2,presidente,MG,,2022-10-30T20:08:38.000Z,,0.0001,22,JAIR BOLSONARO,PL,164,,,,,
2022,2,presidente,MG,,2022-10-30T20:08:38.000Z,,0.0001,13,LULA,PT,89,,,,,
2022,2,presidente,MG,,2022-10-30T20:09:42.000Z,,0.0001,22,JAIR BOLSONARO,PL,243,,,,,
2022,2,presidente,MG,,2022-10-30T20:09:42.000Z,,0.0001,13,LULA,PT,189,,,,,
2022,2,presidente,MG,,2022-10-30T20:10:54.000Z,,0.0001,22,JAIR BOLSONARO,PL,637,,,,,
2022,2,presidente,MG,,2022-10-30T20:10:54.000Z,,0.0001,13,LULA,PT,768,,,,,
2022,2,presidente,MG,,2022-10-30T20:12:05.000Z,,0.0003,22,JAIR BOLSONARO,PL,1352,,,,,
2022,2,presidente,MG,,2022-10-30T20:12:05.000Z,,0.0003,13,LULA,PT,1768,,,,,
2022,2,presidente,MG,,2022-10-30T20:13:12.000Z,,0.0004,22,JAIR BOLSONARO,PL,2068,,,,,
2022,2,presidente,MG,,2022-10-30T20:13:12.000Z,,0.0004,13,LULA,PT,2601,,,,,
2022,2,presidente,MG,,2022-10-30T20:14:23.000Z,,0.0006,22,JAIR BOLSONARO,PL,2684,,,,,
2022,2,presidente,MG,,2022-10-30T20:14:23.000Z,,0.0006,13,LULA,PT,3400,,,,,
2022,2,presidente,MG,,2022-10-30T20:15:34.000Z,,0.0007,22,JAIR BOLSONARO,PL,3598,,,,,
2022,2,presidente,MG,,2022-10-30T20:15:34.000Z,,0.0007,13,LULA,PT,4296,,,,,
2022,2,presidente,MG,,2022-10-30T20:16:40.000Z,,0.0009,22,JAIR BOLSONARO,PL,4570,,,,,
2022,2,presidente,MG,,2022-10-30T20:16:40.000Z,,0.0009,13,LULA,PT,5286,,,,,
2022,2,presidente,MG,,2022-10-30T20:17:46.000Z,,0.0012,22,JAIR BOLSONARO,PL,5671,,,,,
2022,2,presidente,MG,,2022-10-30T20:17:46.000Z,,0.0012,13,LULA,PT,6770,,,,,
2022,2,presidente,MG,,2022-10-30T20:19:03.000Z,,0.0013,22,JAIR BOLSONARO,PL,6200,,,,,
2022,2,presidente,MG,,2022-10-30T20:19:03.000Z,,0.0013,13,LULA,PT,7485,,,,,
2022,2,presidente,MG,,2022-10-30T20:20:08.000Z,,0.0021,22,JAIR BOLSONARO,PL,10422,,,,,
2022,2,presidente,MG,,2022-10-30T20:20:08.000Z,,0.0021,13,LULA,PT,12343,,,,,
2022,2,presidente,MG,,2022-10-30T20:21:29.000Z,,0.0033,22,JAIR BOLSONARO,PL,16351,,,,,
2022,2,presidente,MG,,2022-10-30T20:21:29.000Z,,0.0033,13,LULA,PT,19342,,,,,
2022,2,presidente,MG,,2022-10-30T20:22:35.000Z,,0.0051,22,JAIR BOLSONARO,PL,26653,,,,,
2022,2,presidente,MG,,2022-10-30T20:22:35.000Z,,0.0051,13,LULA,PT,29701,,,,,
2022,2,presidente,MG,,2022-10-30T20:23:46.000Z,,0.0069,22,JAIR BOLSONARO,PL,35416,,,,,
2022,2,presidente,MG,,2022-10-30T20:23:46.000Z,,0.0069,13,LULA,PT,39179,,,,,
2022,2,presidente,MG,,2022-10-30T20:25:08.000Z,,0.0081,22,JAIR BOLSONARO,PL,42126,,,,,
2022,2,presidente,MG,,2022-10-30T20:25:08.000Z,,0.0081,13,LULA,PT,46632,,,,,
2022,2,presidente,MG,,2022-10-30T20:26:14.000Z,,0.0094,22,JAIR BOLSONARO,PL,49718,,,,,
2022,2,presidente,MG,,2022-10-30T20:26:14.000Z,,0.0094,13,LULA,PT,54589,,,,,
2022,2,presidente,MG,,2022-10-30T20:27:21.000Z,,0.0147,22,JAIR BOLSONARO,PL,76707,,,,,
2022,2,presidente,MG,,2022-10-30T20:27:21.000Z,,0.0147,13,LULA,PT,87095,,,,,
2022,2,presidente,MG,,2022-10-30T20:28:27.000Z,,0.0171,22,JAIR BOLSONARO,PL,90367,,,,,
2022,2,presidente,MG,,2022-10-30T20:28:27.000Z,,0.0171,13,LULA,PT,101052,,,,,
2022,2,presidente,MG,,2022-10-30T20:29:38.000Z,,0.0198,22,JAIR BOLSONARO,PL,105694,,,,,
2022,2,presidente,MG,,2022-10-30T20:29:38.000Z,,0.0198,13,LULA,PT,119666,,,,,
2022,2,presidente,MG,,2022-10-30T20:30:50.000Z,,0.022,22,JAIR BOLSONARO,PL,118197,,,,,
2022,2,presidente,MG,,2022-10-30T20:30:50.000Z,,0.022,13,LULA,PT,132465,,,,,
2022,2,presidente,MG,,2022-10-30T20:32:07.000Z,,0.0248,22,JAIR BOLSONARO,PL,133785,,,,,
2022,2,presidente,MG,,2022-10-30T20:32:07.000Z,,0.0248,13,LULA,PT,148532,,,,,
2022,2,presidente,MG,,2022-10-30T20:33:19.000Z,,0.0283,22,JAIR BOLSONARO,PL,153950,,,,,
2022,2,presidente,MG,,2022-10-30T20:33:19.000Z,,0.0283,13,LULA,PT,168777,,,,,
2022,2,presidente,MG,,2022-10-30T20:34:26.000Z,,0.0318,22,JAIR BOLSONARO,PL,174777,,,,,
2022,2,presidente,MG,,2022-10-30T20:34:26.000Z,,0.0318,13,LULA,PT,189211,,,,,
2022,2,presidente,MG,,2022-10-30T20:35:43.000Z,,0.0358,22,JAIR BOLSONARO,PL,199278,,,,,
2022,2,presidente,MG,,2022-10-30T20:35:43.000Z,,0.0358,13,LULA,PT,213371,,,,,
2022,2,presidente,MG,,2022-10-30T20:36:52.000Z,,0.0447,22,JAIR BOLSONARO,PL,252690,,,,,
2022,2,presidente,MG,,2022-10-30T20:36:52.000Z,,0.0447,13,LULA,PT,263216,,,,,
2022,2,presidente,MG,,2022-10-30T20:37:59.000Z,,0.0488,22,JAIR BOLSONARO,PL,277405,,,,,
2022,2,presidente,MG,,2022-10-30T20:37:59.000Z,,0.0488,13,LULA,PT,287471,,,,,
2022,2,presidente,MG,,2022-10-30T20:39:09.000Z,,0.053,22,JAIR BOLSONARO,PL,301846,,,,,
2022,2,presidente,MG,,2022-10-30T20:39:09.000Z,,0.053,13,LULA,PT,312309,,,,,
2022,2,presidente,MG,,2022-10-30T20:40:15.000Z,,0.0559,22,JAIR BOLSONARO,PL,317841,,,,,
2022,2,presidente,MG,,2022-10-30T20:40:15.000Z,,0.0559,13,LULA,PT,330905,,,,,
2022,2,presidente,MG,,2022-10-30T20:41:26.000Z,,0.06,22,JAIR BOLSONARO,PL,341566,,,,,
2022,2,presidente,MG,,2022-10-30T20:41:26.000Z,,0.06,13,LULA,PT,354561,,,,,
2022,2,presidente,MG,,2022-10-30T20:42:33.000Z,,0.0659,22,JAIR BOLSONARO,PL,378306,,,,,
2022,2,presidente,MG,,2022-10-30T20:42:33.000Z,,0.0659,13,LULA,PT,391052,,,,,
2022,2,presidente,MG,,2022-10-30T20:43:40.000Z,,0.072,22,JAIR BOLSONARO,PL,413877,,,,,
2022,2,presidente,MG,,2022-10-30T20:43:40.000Z,,0.072,13,LULA,PT,428260,,,,,
2022,2,presidente,MG,,2022-10-30T20:44:55.000Z,,0.072,22,JAIR BOLSONARO,PL,413877,,,,,
2022,2,presidente,MG,,2022-10-30T20:44:55.000Z,,0.072,13,LULA,PT,428260,,,,,
2022,2,presidente,MG,,2022-10-30T20:46:04.000Z,,0.0846,22,JAIR BOLSONARO,PL,488893,,,,,
2022,2,presidente,MG,,2022-10-30T20:46:04.000Z,,0.0846,13,LULA,PT,504204,,,,,
2022,2,presidente,MG,,2022-10-30T20:47:19.000Z,,0.0909,22,JAIR BOLSONARO,PL,528807,,,,,
2022,2,presidente,MG,,2022-10-30T20:47:19.000Z,,0.0909,13,LULA,PT,541140,,,,,
2022,2,presidente,MG,,2022-10-30T20:48:50.000Z,,0.1018,22,JAIR BOLSONARO,PL,591089,,,,,
2022,2,presidente,MG,,2022-10-30T20:48:50.000Z,,0.1018,13,LULA,PT,604643,,,,,
2022,2,presidente,MG,,2022-10-30T20:50:05.000Z,,0.107,22,JAIR BOLSONARO,PL,621543,,,,,
2022,2,presidente,MG,,2022-10-30T20:50:05.000Z,,0.107,13,LULA,PT,636326,,,,,
2022,2,presidente,MG,,2022-10-30T20:51:17.000Z,,0.1106,22,JAIR BOLSONARO,PL,643524,,,,,
2022,2,presidente,MG,,2022-10-30T20:51:17.000Z,,0.1106,13,LULA,PT,656598,,,,,
2022,2,presidente,MG,,2022-10-30T20:52:31.000Z,,0.1168,22,JAIR BOLSONARO,PL,681065,,,,,
2022,2,presidente,MG,,2022-10-30T20:52:31.000Z,,0.1168,13,LULA,PT,694373,,,,,
2022,2,presidente,MG,,2022-10-30T20:53:49.000Z,,0.1238,22,JAIR BOLSONARO,PL,721600,,,,,
2022,2,presidente,MG,,2022-10-30T20:53:49.000Z,,0.1238,13,LULA,PT,736214,,,,,
2022,2,presidente,MG,,2022-10-30T20:55:07.000Z,,0.1383,22,JAIR BOLSONARO,PL,809725,,,,,
2022,2,presidente,MG,,2022-10-30T20:55:07.000Z,,0.1383,13,LULA,PT,820747,,,,,
2022,2,presidente,MG,,2022-10-30T20:56:29.000Z,,0.1424,22,JAIR BOLSONARO,PL,836412,,,,,
2022,2,presidente,MG,,2022-10-30T20:56:29.000Z,,0.1424,13,LULA,PT,844954,,,,,
2022,2,presidente,MG,,2022-10-30T20:57:53.000Z,,0.1473,22,JAIR BOLSONARO,PL,868082,,,,,
2022,2,presidente,MG,,2022-10-30T20:57:53.000Z,,0.1473,13,LULA,PT,871599,,,,,
2022,2,presidente,MG,,2022-10-30T20:59:13.000Z,,0.1576,22,JAIR BOLSONARO,PL,935429,,,,,
2022,2,presidente,MG,,2022-10-30T20:59:13.000Z,,0.1576,13,LULA,PT,933068,,,,,
2022,2,presidente,MG,,2022-10-30T21:00:29.000Z,,0.1632,22,JAIR BOLSONARO,PL,969962,,,,,
2022,2,presidente,MG,,2022-10-30T21:00:29.000Z,,0.1632,13,LULA,PT,967404,,,,,
2022,2,presidente,MG,,2022-10-30T21:01:58.000Z,,0.1693,22,JAIR BOLSONARO,PL,1006536,,,,,
2022,2,presidente,MG,,2022-10-30T21:01:58.000Z,,0.1693,13,LULA,PT,1003125,,,,,
2022,2,presidente,MG,,2022-10-30T21:03:20.000Z,,0.176,22,JAIR BOLSONARO,PL,1047996,,,,,
2022,2,presidente,MG,,2022-10-30T21:03:20.000Z,,0.176,13,LULA,PT,1042007,,,,,
2022,2,presidente,MG,,2022-10-30T21:04:33.000Z,,0.192,22,JAIR BOLSONARO,PL,1148623,,,,,
2022,2,presidente,MG,,2022-10-30T21:04:33.000Z,,0.192,13,LULA,PT,1134846,,,,,
2022,2,presidente,MG,,2022-10-30T21:05:41.000Z,,0.1966,22,JAIR BOLSONARO,PL,1174352,,,,,
2022,2,presidente,MG,,2022-10-30T21:05:41.000Z,,0.1966,13,LULA,PT,1162870,,,,,
2022,2,presidente,MG,,2022-10-30T21:07:00.000Z,,0.2002,22,JAIR BOLSONARO,PL,1196842,,,,,
2022,2,presidente,MG,,2022-10-30T21:07:00.000Z,,0.2002,13,LULA,PT,1182774,,,,,
2022,2,presidente,MG,,2022-10-30T21:08:18.000Z,,0.2061,22,JAIR BOLSONARO,PL,1234068,,,,,
2022,2,presidente,MG,,2022-10-30T21:08:18.000Z,,0.2061,13,LULA,PT,1215398,,,,,
2022,2,presidente,MG,,2022-10-30T21:09:37.000Z,,0.2126,22,JAIR BOLSONARO,PL,1274643,,,,,
2022,2,presidente,MG,,2022-10-30T21:09:37.000Z,,0.2126,13,LULA,PT,1251679,,,,,
2022,2,presidente,MG,,2022-10-30T21:10:55.000Z,,0.2196,22,JAIR BOLSONARO,PL,1319519,,,,,
2022,2,presidente,MG,,2022-10-30T21:10:55.000Z,,0.2196,13,LULA,PT,1293505,,,,,
2022,2,presidente,MG,,2022-10-30T21:12:19.000Z,,0.2327,22,JAIR BOLSONARO,PL,1397674,,,,,
2022,2,presidente,MG,,2022-10-30T21:12:19.000Z,,0.2327,13,LULA,PT,1369113,,,,,
2022,2,presidente,MG,,2022-10-30T21:13:33.000Z,,0.2406,22,JAIR BOLSONARO,PL,1444732,,,,,
2022,2,presidente,MG,,2022-10-30T21:13:33.000Z,,0.2406,13,LULA,PT,1415262,,,,,
2022,2,presidente,MG,,2022-10-30T21:14:43.000Z,,0.2483,22,JAIR BOLSONARO,PL,1491301,,,,,
2022,2,presidente,MG,,2022-10-30T21:14:43.000Z,,0.2483,13,LULA,PT,1462422,,,,,
2022,2,presidente,MG,,2022-10-30T21:16:11.000Z,,0.2557,22,JAIR BOLSONARO,PL,1536648,,,,,
2022,2,presidente,MG,,2022-10-30T21:16:11.000Z,,0.2557,13,LULA,PT,1505059,,,,,
2022,2,presidente,MG,,2022-10-30T21:17:29.000Z,,0.2713,22,JAIR BOLSONARO,PL,1634217,,,,,
2022,2,presidente,MG,,2022-10-30T21:17:29.000Z,,0.2713,13,LULA,PT,1595768,,,,,
2022,2,presidente,MG,,2022-10-30T21:19:01.000Z,,0.2784,22,JAIR BOLSONARO,PL,1678703,,,,,
2022,2,presidente,MG,,2022-10-30T21:19:01.000Z,,0.2784,13,LULA,PT,1635605,,,,,
2022,2,presidente,MG,,2022-10-30T21:20:22.000Z,,0.2853,22,JAIR BOLSONARO,PL,1717165,,,,,
2022,2,presidente,MG,,2022-10-30T21:20:22.000Z,,0.2853,13,LULA,PT,1675500,,,,,
2022,2,presidente,MG,,2022-10-30T21:21:44.000Z,,0.2929,22,JAIR BOLSONARO,PL,1762013,,,,,
2022,2,presidente,MG,,2022-10-30T21:21:44.000Z,,0.2929,13,LULA,PT,1722140,,,,,
2022,2,presidente,MG,,2022-10-30T21:23:10.000Z,,0.3105,22,JAIR BOLSONARO,PL,1875266,,,,,
2022,2,presidente,MG,,2022-10-30T21:23:10.000Z,,0.3105,13,LULA,PT,1828091,,,,,
2022,2,presidente,MG,,2022-10-30T21:24:36.000Z,,0.3202,22,JAIR BOLSONARO,PL,1931603,,,,,
2022,2,presidente,MG,,2022-10-30T21:24:36.000Z,,0.3202,13,LULA,PT,1887958,,,,,
2022,2,presidente,MG,,2022-10-30T21:26:02.000Z,,0.3312,22,JAIR BOLSONARO,PL,1998467,,,,,
2022,2,presidente,MG,,2022-10-30T21:26:02.000Z,,0.3312,13,LULA,PT,1954055,,,,,
2022,2,presidente,MG,,2022-10-30T21:27:29.000Z,,0.3549,22,JAIR BOLSONARO,PL,2142893,,,,,
2022,2,presidente,MG,,2022-10-30T21:27:29.000Z,,0.3549,13,LULA,PT,2100246,,,,,
2022,2,presidente,MG,,2022-10-30T21:28:52.000Z,,0.3626,22,JAIR BOLSONARO,PL,2190245,,,,,
2022,2,presidente,MG,,2022-10-30T21:28:52.000Z,,0.3626,13,LULA,PT,2147571,,,,,
2022,2,presidente,MG,,2022-10-30T21:30:16.000Z,,0.3726,22,JAIR BOLSONARO,PL,2251440,,,,,
2022,2,presidente,MG,,2022-10-30T21:30:16.000Z,,0.3726,13,LULA,PT,2208898,,,,,
2022,2,presidente,MG,,2022-10-30T21:31:43.000Z,,0.3851,22,JAIR BOLSONARO,PL,2329513,,,,,
2022,2,presidente,MG,,2022-10-30T21:31:43.000Z,,0.3851,13,LULA,PT,2282537,,,,,
2022,2,presidente,MG,,2022-10-30T21:33:09.000Z,,0.4051,22,JAIR BOLSONARO,PL,2450114,,,,,
2022,2,presidente,MG,,2022-10-30T21:33:09.000Z,,0.4051,13,LULA,PT,2403494,,,,,
2022,2,presidente,MG,,2022-10-30T21:34:29.000Z,,0.4163,22,JAIR BOLSONARO,PL,2520622,,,,,
2022,2,presidente,MG,,2022-10-30T21:34:29.000Z,,0.4163,13,LULA,PT,2470578,,,,,
2022,2,presidente,MG,,2022-10-30T21:35:48.000Z,,0.4258,22,JAIR BOLSONARO,PL,2582167,,,,,
2022,2,presidente,MG,,2022-10-30T21:35:48.000Z,,0.4258,13,LULA,PT,2527329,,,,,
2022,2,presidente,MG,,2022-10-30T21:37:13.000Z,,0.4366,22,JAIR BOLSONARO,PL,2648222,,,,,
2022,2,presidente,MG,,2022-10-30T21:37:13.000Z,,0.4366,13,LULA,PT,2592921,,,,,
2022,2,presidente,MG,,2022-10-30T21:38:46.000Z,,0.4568,22,JAIR BOLSONARO,PL,2772946,,,,,
2022,2,presidente,MG,,2022-10-30T21:38:46.000Z,,0.4568,13,LULA,PT,2715978,,,,,
2022,2,presidente,MG,,2022-10-30T21:40:11.000Z,,0.4676,22,JAIR BOLSONARO,PL,2839725,,,,,
2022,2,presidente,MG,,2022-10-30T21:40:11.000Z,,0.4676,13,LULA,PT,2783795,,,,,
2022,2,presidente,MG,,2022-10-30T21:41:42.000Z,,0.4778,22,JAIR BOLSONARO,PL,2902144,,,,,
2022,2,presidente,MG,,2022-10-30T21:41:42.000Z,,0.4778,13,LULA,PT,2847194,,,,,
2022,2,presidente,MG,,2022-10-30T21:43:05.000Z,,0.5007,22,JAIR BOLSONARO,PL,3044436,,,,,
2022,2,presidente,MG,,2022-10-30T21:43:05.000Z,,0.5007,13,LULA,PT,2985867,,,,,
2022,2,presidente,MG,,2022-10-30T21:44:22.000Z,,0.5089,22,JAIR BOLSONARO,PL,3099636,,,,,
2022,2,presidente,MG,,2022-10-30T21:44:22.000Z,,0.5089,13,LULA,PT,3033979,,,,,
2022,2,presidente,MG,,2022-10-30T21:45:44.000Z,,0.5158,22,JAIR BOLSONARO,PL,3145256,,,,,
2022,2,presidente,MG,,2022-10-30T21:45:44.000Z,,0.5158,13,LULA,PT,3075027,,,,,
2022,2,presidente,MG,,2022-10-30T21:47:02.000Z,,0.53,22,JAIR BOLSONARO,PL,3238485,,,,,
2022,2,presidente,MG,,2022-10-30T21:47:02.000Z,,0.53,13,LULA,PT,3163046,,,,,
2022,2,presidente,MG,,2022-10-30T21:48:26.000Z,,0.5557,22,JAIR BOLSONARO,PL,3403695,,,,,
2022,2,presidente,MG,,2022-10-30T21:48:26.000Z,,0.5557,13,LULA,PT,3325596,,,,,
2022,2,presidente,MG,,2022-10-30T21:50:03.000Z,,0.5678,22,JAIR BOLSONARO,PL,3478538,,,,,
2022,2,presidente,MG,,2022-10-30T21:50:03.000Z,,0.5678,13,LULA,PT,3399508,,,,,
2022,2,presidente,MG,,2022-10-30T21:51:40.000Z,,0.5774,22,JAIR BOLSONARO,PL,3538099,,,,,
2022,2,presidente,MG,,2022-10-30T21:51:40.000Z,,0.5774,13,LULA,PT,3458464,,,,,
2022,2,presidente,MG,,2022-10-30T21:53:15.000Z,,0.5999,22,JAIR BOLSONARO,PL,3681086,,,,,
2022,2,presidente,MG,,2022-10-30T21:53:15.000Z,,0.5999,13,LULA,PT,3598537,,,,,
2022,2,presidente,MG,,2022-10-30T21:54:40.000Z,,0.6135,22,JAIR BOLSONARO,PL,3763391,,,,,
2022,2,presidente,MG,,2022-10-30T21:54:40.000Z,,0.6135,13,LULA,PT,3683375,,,,,
2022,2,presidente,MG,,2022-10-30T21:56:10.000Z,,0.6263,22,JAIR BOLSONARO,PL,3843503,,,,,
2022,2,presidente,MG,,2022-10-30T21:56:10.000Z,,0.6263,13,LULA,PT,3766351,,,,,
2022,2,presidente,MG,,2022-10-30T21:57:48.000Z,,0.6536,22,JAIR BOLSONARO,PL,4009635,,,,,
2022,2,presidente,MG,,2022-10-30T21:57:48.000Z,,0.6536,13,LULA,PT,3942270,,,,,
2022,2,presidente,MG,,2022-10-30T21:59:14.000Z,,0.6701,22,JAIR BOLSONARO,PL,4111421,,,,,
2022,2,presidente,MG,,2022-10-30T21:59:14.000Z,,0.6701,13,LULA,PT,4048534,,,,,
2022,2,presidente,MG,,2022-10-30T22:00:51.000Z,,0.7003,22,JAIR BOLSONARO,PL,4296008,,,,,
2022,2,presidente,MG,,2022-10-30T22:00:51.000Z,,0.7003,13,LULA,PT,4243610,,,,,
2022,2,presidente,MG,,2022-10-30T22:02:16.000Z,,0.7105,22,JAIR BOLSONARO,PL,4358589,,,,,
2022,2,presidente,MG,,2022-10-30T22:02:16.000Z,,0.7105,13,LULA,PT,4306961,,,,,
2022,2,presidente,MG,,2022-10-30T22:03:40.000Z,,0.7228,22,JAIR BOLSONARO,PL,4434615,,,,,
2022,2,presidente,MG,,2022-10-30T22:03:40.000Z,,0.7228,13,LULA,PT,4385262,,,,,
2022,2,presidente,MG,,2022-10-30T22:05:05.000Z,,0.7338,22,JAIR BOLSONARO,PL,4501204,,,,,
2022,2,presidente,MG,,2022-10-30T22:05:05.000Z,,0.7338,13,LULA,PT,4454716,,,,,
2022,2,presidente,MG,,2022-10-30T22:06:27.000Z,,0.7575,22,JAIR BOLSONARO,PL,4651122,,,,,
2022,2,presidente,MG,,2022-10-30T22:06:27.000Z,,0.7575,13,LULA,PT,4603507,,,,,
2022,2,presidente,MG,,2022-10-30T22:07:56.000Z,,0.7717,22,JAIR BOLSONARO,PL,4737486,,,,,
2022,2,presidente,MG,,2022-10-30T22:07:56.000Z,,0.7717,13,LULA,PT,4692443,,,,,
2022,2,presidente,MG,,2022-10-30T22:09:20.000Z,,0.7782,22,JAIR BOLSONARO,PL,4779588,,,,,
2022,2,presidente,MG,,2022-10-30T22:09:20.000Z,,0.7782,13,LULA,PT,4734120,,,,,
2022,2,presidente,MG,,2022-10-30T22:10:50.000Z,,0.7976,22,JAIR BOLSONARO,PL,4896582,,,,,
2022,2,presidente,MG,,2022-10-30T22:10:50.000Z,,0.7976,13,LULA,PT,4855603,,,,,
2022,2,presidente,MG,,2022-10-30T22:12:36.000Z,,0.8046,22,JAIR BOLSONARO,PL,4937799,,,,,
2022,2,presidente,MG,,2022-10-30T22:12:36.000Z,,0.8046,13,LULA,PT,4900161,,,,,
2022,2,presidente,MG,,2022-10-30T22:14:20.000Z,,0.8182,22,JAIR BOLSONARO,PL,5020178,,,,,
2022,2,presidente,MG,,2022-10-30T22:14:20.000Z,,0.8182,13,LULA,PT,4985859,,,,,
2022,2,presidente,MG,,2022-10-30T22:15:58.000Z,,0.8256,22,JAIR BOLSONARO,PL,5065970,,,,,
2022,2,presidente,MG,,2022-10-30T22:15:58.000Z,,0.8256,13,LULA,PT,5032549,,,,,
2022,2,presidente,MG,,2022-10-30T22:17:41.000Z,,0.839,22,JAIR BOLSONARO,PL,5152996,,,,,
2022,2,presidente,MG,,2022-10-30T22:17:41.000Z,,0.839,13,LULA,PT,5119369,,,,,
2022,2,presidente,MG,,2022-10-30T22:19:22.000Z,,0.8462,22,JAIR BOLSONARO,PL,5197037,,,,,
2022,2,presidente,MG,,2022-10-30T22:19:22.000Z,,0.8462,13,LULA,PT,5166178,,,,,
2022,2,presidente,MG,,2022-10-30T22:20:58.000Z,,0.8574,22,JAIR BOLSONARO,PL,5262675,,,,,
2022,2,presidente,MG,,2022-10-30T22:20:58.000Z,,0.8574,13,LULA,PT,5237536,,,,,
2022,2,presidente,MG,,2022-10-30T22:22:32.000Z,,0.8649,22,JAIR BOLSONARO,PL,5309600,,,,,
2022,2,presidente,MG,,2022-10-30T22:22:32.000Z,,0.8649,13,LULA,PT,5287105,,,,,
2022,2,presidente,MG,,2022-10-30T22:24:03.000Z,,0.8721,22,JAIR BOLSONARO,PL,5354838,,,,,
2022,2,presidente,MG,,2022-10-30T22:24:03.000Z,,0.8721,13,LULA,PT,5333818,,,,,
2022,2,presidente,MG,,2022-10-30T22:25:51.000Z,,0.8818,22,JAIR BOLSONARO,PL,5421155,,,,,
2022,2,presidente,MG,,2022-10-30T22:25:51.000Z,,0.8818,13,LULA,PT,5396369,,,,,
2022,2,presidente,MG,,2022-10-30T22:27:41.000Z,,0.9106,22,JAIR BOLSONARO,PL,5596350,,,,,
2022,2,presidente,MG,,2022-10-30T22:27:41.000Z,,0.9106,13,LULA,PT,5587625,,,,,
2022,2,presidente,MG,,2022-10-30T22:29:21.000Z,,0.9133,22,JAIR BOLSONARO,PL,5615408,,,,,
2022,2,presidente,MG,,2022-10-30T22:29:21.000Z,,0.9133,13,LULA,PT,5606006,,,,,
2022,2,presidente,MG,,2022-10-30T22:31:05.000Z,,0.9211,22,JAIR BOLSONARO,PL,5663585,,,,,
2022,2,presidente,MG,,2022-10-30T22:31:05.000Z,,0.9211,13,LULA,PT,5655387,,,,,
2022,2,presidente,MG,,2022-10-30T22:32:43.000Z,,0.9234,22,JAIR BOLSONARO,PL,5677893,,,,,
2022,2,presidente,MG,,2022-10-30T22:32:43.000Z,,0.9234,13,LULA,PT,5670402,,,,,
2022,2,presidente,MG,,2022-10-30T22:34:29.000Z,,0.9271,22,JAIR BOLSONARO,PL,5699721,,,,,
2022,2,presidente,MG,,2022-10-30T22:34:29.000Z,,0.9271,13,LULA,PT,5696279,,,,,
2022,2,presidente,MG,,2022-10-30T22:36:23.000Z,,0.9316,22,JAIR BOLSONARO,PL,5720927,,,,,
2022,2,presidente,MG,,2022-10-30T22:36:23.000Z,,0.9316,13,LULA,PT,5725351,,,,,
2022,2,presidente,MG,,2022-10-30T22:38:22.000Z,,0.9343,22,JAIR BOLSONARO,PL,5736595,,,,,
2022,2,presidente,MG,,2022-10-30T22:38:22.000Z,,0.9343,13,LULA,PT,5742570,,,,,
2022,2,presidente,MG,,2022-10-30T22:39:57.000Z,,0.9395,22,JAIR BOLSONARO,PL,5769233,,,,,
2022,2,presidente,MG,,2022-10-30T22:39:57.000Z,,0.9395,13,LULA,PT,5778257,,,,,
2022,2,presidente,MG,,2022-10-30T22:41:43.000Z,,0.9433,22,JAIR BOLSONARO,PL,5792970,,,,,
2022,2,presidente,MG,,2022-10-30T22:41:43.000Z,,0.9433,13,LULA,PT,5804853,,,,,
2022,2,presidente,MG,,2022-10-30T22:43:17.000Z,,0.9454,22,JAIR BOLSONARO,PL,5807174,,,,,
2022,2,presidente,MG,,2022-10-30T22:43:17.000Z,,0.9454,13,LULA,PT,5819315,,,,,
2022,2,presidente,MG,,2022-10-30T22:44:56.000Z,,0.9482,22,JAIR BOLSONARO,PL,5822316,,,,,
2022,2,presidente,MG,,2022-10-30T22:44:56.000Z,,0.9482,13,LULA,PT,5839949,,,,,
2022,2,presidente,MG,,2022-10-30T22:46:49.000Z,,0.9515,22,JAIR BOLSONARO,PL,5841206,,,,,
2022,2,presidente,MG,,2022-10-30T22:46:49.000Z,,0.9515,13,LULA,PT,5862498,,,,,
2022,2,presidente,MG,,2022-10-30T22:48:32.000Z,,0.9543,22,JAIR BOLSONARO,PL,5859075,,,,,
2022,2,presidente,MG,,2022-10-30T22:48:32.000Z,,0.9543,13,LULA,PT,5880766,,,,,
2022,2,presidente,MG,,2022-10-30T22:50:14.000Z,,0.9554,22,JAIR BOLSONARO,PL,5865264,,,,,
2022,2,presidente,MG,,2022-10-30T22:50:14.000Z,,0.9554,13,LULA,PT,5887956,,,,,
2022,2,presidente,MG,,2022-10-30T22:51:54.000Z,,0.9575,22,JAIR BOLSONARO,PL,5874070,,,,,
2022,2,presidente,MG,,2022-10-30T22:51:54.000Z,,0.9575,13,LULA,PT,5900452,,,,,
2022,2,presidente,MG,,2022-10-30T22:53:32.000Z,,0.9579,22,JAIR BOLSONARO,PL,5876438,,,,,
2022,2,presidente,MG,,2022-10-30T22:53:32.000Z,,0.9579,13,LULA,PT,5903216,,,,,
2022,2,presidente,MG,,2022-10-30T22:55:05.000Z,,0.9592,22,JAIR BOLSONARO,PL,5883099,,,,,
2022,2,presidente,MG,,2022-10-30T22:55:05.000Z,,0.9592,13,LULA,PT,5910960,,,,,
2022,2,presidente,MG,,2022-10-30T22:56:52.000Z,,0.9613,22,JAIR BOLSONARO,PL,5898221,,,,,
2022,2,presidente,MG,,2022-10-30T22:56:52.000Z,,0.9613,13,LULA,PT,5927138,,,,,
2022,2,presidente,MG,,2022-10-30T22:58:28.000Z,,0.9652,22,JAIR BOLSONARO,PL,5917802,,,,,
2022,2,presidente,MG,,2022-10-30T22:58:28.000Z,,0.9652,13,LULA,PT,5952126,,,,,
2022,2,presidente,MG,,2022-10-30T23:00:45.000Z,,0.9687,22,JAIR BOLSONARO,PL,5944151,,,,,
2022,2,presidente,MG,,2022-10-30T23:00:45.000Z,,0.9687,13,LULA,PT,5977664,,,,,
2022,2,presidente,MG,,2022-10-30T23:02:58.000Z,,0.9718,22,JAIR BOLSONARO,PL,5964760,,,,,
2022,2,presidente,MG,,2022-10-30T23:02:58.000Z,,0.9718,13,LULA,PT,5997646,,,,,
2022,2,presidente,MG,,2022-10-30T23:04:45.000Z,,0.9733,22,JAIR BOLSONARO,PL,5974681,,,,,
2022,2,presidente,MG,,2022-10-30T23:04:45.000Z,,0.9733,13,LULA,PT,6008905,,,,,
2022,2,presidente,MG,,2022-10-30T23:06:41.000Z,,0.974,22,JAIR BOLSONARO,PL,5978672,,,,,
2022,2,presidente,MG,,2022-10-30T23:06:41.000Z,,0.974,13,LULA,PT,6013771,,,,,
2022,2,presidente,MG,,2022-10-30T23:08:32.000Z,,0.9755,22,JAIR BOLSONARO,PL,5986958,,,,,
2022,2,presidente,MG,,2022-10-30T23:08:32.000Z,,0.9755,13,LULA,PT,6023833,,,,,
2022,2,presidente,MG,,2022-10-30T23:10:12.000Z,,0.9761,22,JAIR BOLSONARO,PL,5990806,,,,,
2022,2,presidente,MG,,2022-10-30T23:10:12.000Z,,0.9761,13,LULA,PT,6027871,,,,,
2022,2,presidente,MG,,2022-10-30T23:12:08.000Z,,0.9764,22,JAIR BOLSONARO,PL,5992041,,,,,
2022,2,presidente,MG,,2022-10-30T23:12:08.000Z,,0.9764,13,LULA,PT,6029363,,,,,
2022,2,presidente,MG,,2022-10-30T23:14:07.000Z,,0.9782,22,JAIR BOLSONARO,PL,6001874,,,,,
2022,2,presidente,MG,,2022-10-30T23:14:07.000Z,,0.9782,13,LULA,PT,6039938,,,,,
2022,2,presidente,MG,,2022-10-30T23:16:15.000Z,,0.9798,22,JAIR BOLSONARO,PL,6006701,,,,,
2022,2,presidente,MG,,2022-10-30T23:16:15.000Z,,0.9798,13,LULA,PT,6050476,,,,,
2022,2,presidente,MG,,2022-10-30T23:18:57.000Z,,0.9809,22,JAIR BOLSONARO,PL,6015804,,,,,
2022,2,presidente,MG,,2022-10-30T23:18:57.000Z,,0.9809,13,LULA,PT,6058644,,,,,
2022,2,presidente,MG,,2022-10-30T23:20:49.000Z,,0.9822,22,JAIR BOLSONARO,PL,6026200,,,,,
2022,2,presidente,MG,,2022-10-30T23:20:49.000Z,,0.9822,13,LULA,PT,6069118,,,,,
2022,2,presidente,MG,,2022-10-30T23:22:14.000Z,,0.9834,22,JAIR BOLSONARO,PL,6032841,,,,,
2022,2,presidente,MG,,2022-10-30T23:22:14.000Z,,0.9834,13,LULA,PT,6075352,,,,,
2022,2,presidente,MG,,2022-10-30T23:23:47.000Z,,0.9839,22,JAIR BOLSONARO,PL,6035635,,,,,
2022,2,presidente,MG,,2022-10-30T23:23:47.000Z,,0.9839,13,LULA,PT,6077660,,,,,
2022,2,presidente,MG,,2022-10-30T23:25:09.000Z,,0.9846,22,JAIR BOLSONARO,PL,6040733,,,,,
2022,2,presidente,MG,,2022-10-30T23:25:09.000Z,,0.9846,13,LULA,PT,6081363,,,,,
2022,2,presidente,MG,,2022-10-30T23:26:54.000Z,,0.9852,22,JAIR BOLSONARO,PL,6045064,,,,,
2022,2,presidente,MG,,2022-10-30T23:26:54.000Z,,0.9852,13,LULA,PT,6085495,,,,,
2022,2,presidente,MG,,2022-10-30T23:28:22.000Z,,0.9877,22,JAIR BOLSONARO,PL,6066695,,,,,
2022,2,presidente,MG,,2022-10-30T23:28:22.000Z,,0.9877,13,LULA,PT,6104350,,,,,
2022,2,presidente,MG,,2022-10-30T23:30:18.000Z,,0.9881,22,JAIR BOLSONARO,PL,6068683,,,,,
2022,2,presidente,MG,,2022-10-30T23:30:18.000Z,,0.9881,13,LULA,PT,6106653,,,,,
2022,2,presidente,MG,,2022-10-30T23:32:06.000Z,,0.9887,22,JAIR BOLSONARO,PL,6071429,,,,,
2022,2,presidente,MG,,2022-10-30T23:32:06.000Z,,0.9887,13,LULA,PT,6111129,,,,,
2022,2,presidente,MG,,2022-10-30T23:33:55.000Z,,0.9892,22,JAIR BOLSONARO,PL,6072647,,,,,
2022,2,presidente,MG,,2022-10-30T23:33:55.000Z,,0.9892,13,LULA,PT,6114793,,,,,
2022,2,presidente,MG,,2022-10-30T23:35:27.000Z,,0.9899,22,JAIR BOLSONARO,PL,6075673,,,,,
2022,2,presidente,MG,,2022-10-30T23:35:27.000Z,,0.9899,13,LULA,PT,6117462,,,,,
2022,2,presidente,MG,,2022-10-30T23:36:59.000Z,,0.9899,22,JAIR BOLSONARO,PL,6075744,,,,,
2022,2,presidente,MG,,2022-10-30T23:36:59.000Z,,0.9899,13,LULA,PT,6117668,,,,,
2022,2,presidente,MG,,2022-10-30T23:39:12.000Z,,0.9913,22,JAIR BOLSONARO,PL,6087576,,,,,
2022,2,presidente,MG,,2022-10-30T23:39:12.000Z,,0.9913,13,LULA,PT,6128557,,,,,
2022,2,presidente,MG,,2022-10-30T23:41:21.000Z,,0.9914,22,JAIR BOLSONARO,PL,6088226,,,,,
2022,2,presidente,MG,,2022-10-30T23:41:21.000Z,,0.9914,13,LULA,PT,6129127,,,,,
2022,2,presidente,MG,,2022-10-30T23:43:07.000Z,,0.9917,22,JAIR BOLSONARO,PL,6090646,,,,,
2022,2,presidente,MG,,2022-10-30T23:43:07.000Z,,0.9917,13,LULA,PT,6130688,,,,,
2022,2,presidente,MG,,2022-10-30T23:45:20.000Z,,0.9918,22,JAIR BOLSONARO,PL,6091738,,,,,
2022,2,presidente,MG,,2022-10-30T23:45:20.000Z,,0.9918,13,LULA,PT,6131633,,,,,
2022,2,presidente,MG,,2022-10-30T23:47:07.000Z,,0.9938,22,JAIR BOLSONARO,PL,6101524,,,,,
2022,2,presidente,MG,,2022-10-30T23:47:07.000Z,,0.9938,13,LULA,PT,6146361,,,,,
2022,2,presidente,MG,,2022-10-30T23:48:46.000Z,,0.9939,22,JAIR BOLSONARO,PL,6102255,,,,,
2022,2,presidente,MG,,2022-10-30T23:48:46.000Z,,0.9939,13,LULA,PT,6147077,,,,,
2022,2,presidente,MG,,2022-10-30T23:50:49.000Z,,0.9952,22,JAIR BOLSONARO,PL,6108230,,,,,
2022,2,presidente,MG,,2022-10-30T23:50:49.000Z,,0.9952,13,LULA,PT,6156372,,,,,
2022,2,presidente,MG,,2022-10-30T23:52:15.000Z,,0.9956,22,JAIR BOLSONARO,PL,6109856,,,,,
2022,2,presidente,MG,,2022-10-30T23:52:15.000Z,,0.9956,13,LULA,PT,6159676,,,,,
2022,2,presidente,MG,,2022-10-30T23:54:29.000Z,,0.9961,22,JAIR BOLSONARO,PL,6112437,,,,,
2022,2,presidente,MG,,2022-10-30T23:54:29.000Z,,0.9961,13,LULA,PT,6163561,,,,,
2022,2,presidente,MG,,2022-10-30T23:56:22.000Z,,0.9965,22,JAIR BOLSONARO,PL,6115225,,,,,
2022,2,presidente,MG,,2022-10-30T23:56:22.000Z,,0.9965,13,LULA,PT,6166335,,,,,
2022,2,presidente,MG,,2022-10-30T23:58:49.000Z,,0.9968,22,JAIR BOLSONARO,PL,6117742,,,,,
2022,2,presidente,MG,,2022-10-30T23:58:49.000Z,,0.9968,13,LULA,PT,6168576,,,,,
2022,2,presidente,MG,,2022-10-31T00:00:16.000Z,,0.9972,22,JAIR BOLSONARO,PL,6120578,,,,,
2022,2,presidente,MG,,2022-10-31T00:00:16.000Z,,0.9972,13,LULA,PT,6171187,,,,,
2022,2,presidente,MG,,2022-10-31T00:01:41.000Z,,0.9973,22,JAIR BOLSONARO,PL,6121754,,,,,
2022,2,presidente,MG,,2022-10-31T00:01:41.000Z,,0.9973,13,LULA,PT,6172090,,,,,
2022,2,presidente,MG,,2022-10-31T00:03:57.000Z,,0.9976,22,JAIR BOLSONARO,PL,6124498,,,,,
2022,2,presidente,MG,,2022-10-31T00:03:57.000Z,,0.9976,13,LULA,PT,6174077,,,,,
2022,2,presidente,MG,,2022-10-31T00:06:43.000Z,,0.9979,22,JAIR BOLSONARO,PL,6127131,,,,,
2022,2,presidente,MG,,2022-10-31T00:06:43.000Z,,0.9979,13,LULA,PT,6176187,,,,,
2022,2,presidente,MG,,2022-10-31T00:08:28.000Z,,0.9982,22,JAIR BOLSONARO,PL,6129783,,,,,
2022,2,presidente,MG,,2022-10-31T00:08:28.000Z,,0.9982,13,LULA,PT,6178222,,,,,
2022,2,presidente,MG,,2022-10-31T00:10:59.000Z,,0.9985,22,JAIR BOLSONARO,PL,6132705,,,,,
2022,2,presidente,MG,,2022-10-31T00:10:59.000Z,,0.9985,13,LULA,PT,6180468,,,,,
2022,2,presidente,MG,,2022-10-31T00:13:09.000Z,,0.999,22,JAIR BOLSONARO,PL,6137170,,,,,
2022,2,presidente,MG,,2022-10-31T00:13:09.000Z,,0.999,13,LULA,PT,6183923,,,,,
2022,2,presidente,MG,,2022-10-31T00:15:04.000Z,,0.9992,22,JAIR BOLSONARO,PL,6138850,,,,,
2022,2,presidente,MG,,2022-10-31T00:15:04.000Z,,0.9992,13,LULA,PT,6185023,,,,,
2022,2,presidente,MG,,2022-10-31T00:16:53.000Z,,0.9992,22,JAIR BOLSONARO,PL,6139207,,,,,
2022,2,presidente,MG,,2022-10-31T00:16:53.000Z,,0.9992,13,LULA,PT,6185325,,,,,
2022,2,presidente,MG,,2022-10-31T00:19:18.000Z,,0.9992,22,JAIR BOLSONARO,PL,6139220,,,,,
2022,2,presidente,MG,,2022-10-31T00:19:18.000Z,,0.9992,13,LULA,PT,6185398,,,,,
2022,2,presidente,MG,,2022-10-31T00:21:20.000Z,,0.9993,22,JAIR BOLSONARO,PL,6139402,,,,,
2022,2,presidente,MG,,2022-10-31T00:21:20.000Z,,0.9993,13,LULA,PT,6185995,,,,,
2022,2,presidente,MG,,2022-10-31T00:23:51.000Z,,0.9993,22,JAIR BOLSONARO,PL,6139402,,,,,
2022,2,presidente,MG,,2022-10-31T00:23:51.000Z,,0.9993,13,LULA,PT,6185995,,,,,
2022,2,presidente,MG,,2022-10-31T00:26:03.000Z,,0.9995,22,JAIR BOLSONARO,PL,6139935,,,,,
2022,2,presidente,MG,,2022-10-31T00:26:03.000Z,,0.9995,13,LULA,PT,6187556,,,,,
2022,2,presidente,MG,,2022-10-31T00:27:50.000Z,,0.9996,22,JAIR BOLSONARO,PL,6140214,,,,,
2022,2,presidente,MG,,2022-10-31T00:27:50.000Z,,0.9996,13,LULA,PT,6188381,,,,,
2022,2,presidente,MG,,2022-10-31T00:29:52.000Z,,0.9997,22,JAIR BOLSONARO,PL,6140293,,,,,
2022,2,presidente,MG,,2022-10-31T00:29:52.000Z,,0.9997,13,LULA,PT,6188879,,,,,
2022,2,presidente,MG,,2022-10-31T00:32:06.000Z,,0.9997,22,JAIR BOLSONARO,PL,6140293,,,,,
2022,2,presidente,MG,,2022-10-31T00:32:06.000Z,,0.9997,13,LULA,PT,6188879,,,,,
2022,2,presidente,MG,,2022-10-31T00:34:17.000Z,,0.9997,22,JAIR BOLSONARO,PL,6140293,,,,,
2022,2,presidente,MG,,2022-10-31T00:34:17.000Z,,0.9997,13,LULA,PT,6188879,,,,,
2022,2,presidente,MG,,2022-10-31T00:36:17.000Z,,0.9997,22,JAIR BOLSONARO,PL,6140373,,,,,
2022,2,presidente,MG,,2022-10-31T00:36:17.000Z,,0.9997,13,LULA,PT,6189011,,,,,
2022,2,presidente,MG,,2022-10-31T00:38:31.000Z,,0.9997,22,JAIR BOLSONARO,PL,6140373,,,,,
2022,2,presidente,MG,,2022-10-31T00:38:31.000Z,,0.9997,13,LULA,PT,6189011,,,,,
2022,2,presidente,MG,,2022-10-31T00:40:45.000Z,,0.9997,22,JAIR BOLSONARO,PL,6140373,,,,,
2022,2,presidente,MG,,2022-10-31T00:40:45.000Z,,0.9997,13,LULA,PT,6189011,,,,,
2022,2,presidente,MG,,2022-10-31T00:42:33.000Z,,0.9997,22,JAIR BOLSONARO,PL,6140373,,,,,
2022,2,presidente,MG,,2022-10-31T00:42:33.000Z,,0.9997,13,LULA,PT,6189011,,,,,
2022,2,presidente,MG,,2022-10-31T00:44:14.000Z,,1,22,JAIR BOLSONARO,PL,6141161,,,,,
2022,2,presidente,MG,,2022-10-31T00:44:14.000Z,,1,13,LULA,PT,6190815,,,,,
2022,2,presidente,MG,,2022-10-31T00:46:16.000Z,,1,22,JAIR BOLSONARO,PL,6141310,,,,,
2022,2,presidente,MG,,2022-10-31T00:46:16.000Z,,1,13,LULA,PT,6190960,,,,,
2022,2,presidente,MS,,2022-10-30T20:08:38.000Z,,0.0007,22,JAIR BOLSONARO,PL,403,,,,,
2022,2,presidente,MS,,2022-10-30T20:08:38.000Z,,0.0007,13,LULA,PT,577,,,,,
2022,2,presidente,MS,,2022-10-30T20:09:48.000Z,,0.0007,22,JAIR BOLSONARO,PL,403,,,,,
2022,2,presidente,MS,,2022-10-30T20:09:48.000Z,,0.0007,13,LULA,PT,577,,,,,
2022,2,presidente,MS,,2022-10-30T20:11:00.000Z,,0.0012,22,JAIR BOLSONARO,PL,654,,,,,
2022,2,presidente,MS,,2022-10-30T20:11:00.000Z,,0.0012,13,LULA,PT,808,,,,,
2022,2,presidente,MS,,2022-10-30T20:12:06.000Z,,0.0016,22,JAIR BOLSONARO,PL,1006,,,,,
2022,2,presidente,MS,,2022-10-30T20:12:06.000Z,,0.0016,13,LULA,PT,1144,,,,,
2022,2,presidente,MS,,2022-10-30T20:13:13.000Z,,0.0022,22,JAIR BOLSONARO,PL,1519,,,,,
2022,2,presidente,MS,,2022-10-30T20:13:13.000Z,,0.0022,13,LULA,PT,1478,,,,,
2022,2,presidente,MS,,2022-10-30T20:14:24.000Z,,0.0049,22,JAIR BOLSONARO,PL,3818,,,,,
2022,2,presidente,MS,,2022-10-30T20:14:24.000Z,,0.0049,13,LULA,PT,3165,,,,,
2022,2,presidente,MS,,2022-10-30T20:15:35.000Z,,0.0074,22,JAIR BOLSONARO,PL,5834,,,,,
2022,2,presidente,MS,,2022-10-30T20:15:35.000Z,,0.0074,13,LULA,PT,4712,,,,,
2022,2,presidente,MS,,2022-10-30T20:16:40.000Z,,0.01,22,JAIR BOLSONARO,PL,7956,,,,,
2022,2,presidente,MS,,2022-10-30T20:16:40.000Z,,0.01,13,LULA,PT,6070,,,,,
2022,2,presidente,MS,,2022-10-30T20:17:47.000Z,,0.0143,22,JAIR BOLSONARO,PL,11706,,,,,
2022,2,presidente,MS,,2022-10-30T20:17:47.000Z,,0.0143,13,LULA,PT,8562,,,,,
2022,2,presidente,MS,,2022-10-30T20:19:04.000Z,,0.0169,22,JAIR BOLSONARO,PL,14261,,,,,
2022,2,presidente,MS,,2022-10-30T20:19:04.000Z,,0.0169,13,LULA,PT,10347,,,,,
2022,2,presidente,MS,,2022-10-30T20:20:09.000Z,,0.0188,22,JAIR BOLSONARO,PL,16116,,,,,
2022,2,presidente,MS,,2022-10-30T20:20:09.000Z,,0.0188,13,LULA,PT,11398,,,,,
2022,2,presidente,MS,,2022-10-30T20:21:30.000Z,,0.0417,22,JAIR BOLSONARO,PL,36213,,,,,
2022,2,presidente,MS,,2022-10-30T20:21:30.000Z,,0.0417,13,LULA,PT,25062,,,,,
2022,2,presidente,MS,,2022-10-30T20:22:36.000Z,,0.0583,22,JAIR BOLSONARO,PL,50944,,,,,
2022,2,presidente,MS,,2022-10-30T20:22:36.000Z,,0.0583,13,LULA,PT,34601,,,,,
2022,2,presidente,MS,,2022-10-30T20:23:52.000Z,,0.0705,22,JAIR BOLSONARO,PL,61994,,,,,
2022,2,presidente,MS,,2022-10-30T20:23:52.000Z,,0.0705,13,LULA,PT,41884,,,,,
2022,2,presidente,MS,,2022-10-30T20:25:09.000Z,,0.0835,22,JAIR BOLSONARO,PL,73994,,,,,
2022,2,presidente,MS,,2022-10-30T20:25:09.000Z,,0.0835,13,LULA,PT,49643,,,,,
2022,2,presidente,MS,,2022-10-30T20:26:15.000Z,,0.099,22,JAIR BOLSONARO,PL,87713,,,,,
2022,2,presidente,MS,,2022-10-30T20:26:15.000Z,,0.099,13,LULA,PT,58832,,,,,
2022,2,presidente,MS,,2022-10-30T20:27:21.000Z,,0.1341,22,JAIR BOLSONARO,PL,117114,,,,,
2022,2,presidente,MS,,2022-10-30T20:27:21.000Z,,0.1341,13,LULA,PT,79354,,,,,
2022,2,presidente,MS,,2022-10-30T20:28:27.000Z,,0.1599,22,JAIR BOLSONARO,PL,138382,,,,,
2022,2,presidente,MS,,2022-10-30T20:28:27.000Z,,0.1599,13,LULA,PT,93936,,,,,
2022,2,presidente,MS,,2022-10-30T20:29:38.000Z,,0.1833,22,JAIR BOLSONARO,PL,159303,,,,,
2022,2,presidente,MS,,2022-10-30T20:29:38.000Z,,0.1833,13,LULA,PT,106532,,,,,
2022,2,presidente,MS,,2022-10-30T20:30:50.000Z,,0.2445,22,JAIR BOLSONARO,PL,213413,,,,,
2022,2,presidente,MS,,2022-10-30T20:30:50.000Z,,0.2445,13,LULA,PT,141654,,,,,
2022,2,presidente,MS,,2022-10-30T20:32:07.000Z,,0.2445,22,JAIR BOLSONARO,PL,213413,,,,,
2022,2,presidente,MS,,2022-10-30T20:32:07.000Z,,0.2445,13,LULA,PT,141654,,,,,
2022,2,presidente,MS,,2022-10-30T20:33:20.000Z,,0.3152,22,JAIR BOLSONARO,PL,276242,,,,,
2022,2,presidente,MS,,2022-10-30T20:33:20.000Z,,0.3152,13,LULA,PT,182210,,,,,
2022,2,presidente,MS,,2022-10-30T20:34:26.000Z,,0.3416,22,JAIR BOLSONARO,PL,299700,,,,,
2022,2,presidente,MS,,2022-10-30T20:34:26.000Z,,0.3416,13,LULA,PT,197715,,,,,
2022,2,presidente,MS,,2022-10-30T20:35:44.000Z,,0.3627,22,JAIR BOLSONARO,PL,320749,,,,,
2022,2,presidente,MS,,2022-10-30T20:35:44.000Z,,0.3627,13,LULA,PT,209496,,,,,
2022,2,presidente,MS,,2022-10-30T20:36:52.000Z,,0.3877,22,JAIR BOLSONARO,PL,343768,,,,,
2022,2,presidente,MS,,2022-10-30T20:36:52.000Z,,0.3877,13,LULA,PT,224011,,,,,
2022,2,presidente,MS,,2022-10-30T20:37:59.000Z,,0.4013,22,JAIR BOLSONARO,PL,355938,,,,,
2022,2,presidente,MS,,2022-10-30T20:37:59.000Z,,0.4013,13,LULA,PT,231738,,,,,
2022,2,presidente,MS,,2022-10-30T20:39:10.000Z,,0.4157,22,JAIR BOLSONARO,PL,368077,,,,,
2022,2,presidente,MS,,2022-10-30T20:39:10.000Z,,0.4157,13,LULA,PT,240302,,,,,
2022,2,presidente,MS,,2022-10-30T20:40:15.000Z,,0.4287,22,JAIR BOLSONARO,PL,380166,,,,,
2022,2,presidente,MS,,2022-10-30T20:40:15.000Z,,0.4287,13,LULA,PT,247691,,,,,
2022,2,presidente,MS,,2022-10-30T20:41:27.000Z,,0.4583,22,JAIR BOLSONARO,PL,408974,,,,,
2022,2,presidente,MS,,2022-10-30T20:41:27.000Z,,0.4583,13,LULA,PT,264281,,,,,
2022,2,presidente,MS,,2022-10-30T20:42:33.000Z,,0.4727,22,JAIR BOLSONARO,PL,420834,,,,,
2022,2,presidente,MS,,2022-10-30T20:42:33.000Z,,0.4727,13,LULA,PT,272920,,,,,
2022,2,presidente,MS,,2022-10-30T20:43:41.000Z,,0.4964,22,JAIR BOLSONARO,PL,442919,,,,,
2022,2,presidente,MS,,2022-10-30T20:43:41.000Z,,0.4964,13,LULA,PT,287354,,,,,
2022,2,presidente,MS,,2022-10-30T20:44:56.000Z,,0.5464,22,JAIR BOLSONARO,PL,490915,,,,,
2022,2,presidente,MS,,2022-10-30T20:44:56.000Z,,0.5464,13,LULA,PT,316489,,,,,
2022,2,presidente,MS,,2022-10-30T20:46:05.000Z,,0.5674,22,JAIR BOLSONARO,PL,511984,,,,,
2022,2,presidente,MS,,2022-10-30T20:46:05.000Z,,0.5674,13,LULA,PT,328326,,,,,
2022,2,presidente,MS,,2022-10-30T20:47:22.000Z,,0.5913,22,JAIR BOLSONARO,PL,535242,,,,,
2022,2,presidente,MS,,2022-10-30T20:47:22.000Z,,0.5913,13,LULA,PT,342073,,,,,
2022,2,presidente,MS,,2022-10-30T20:48:52.000Z,,0.6066,22,JAIR BOLSONARO,PL,548625,,,,,
2022,2,presidente,MS,,2022-10-30T20:48:52.000Z,,0.6066,13,LULA,PT,351825,,,,,
2022,2,presidente,MS,,2022-10-30T20:50:06.000Z,,0.6466,22,JAIR BOLSONARO,PL,585086,,,,,
2022,2,presidente,MS,,2022-10-30T20:50:06.000Z,,0.6466,13,LULA,PT,376473,,,,,
2022,2,presidente,MS,,2022-10-30T20:51:18.000Z,,0.6625,22,JAIR BOLSONARO,PL,600376,,,,,
2022,2,presidente,MS,,2022-10-30T20:51:18.000Z,,0.6625,13,LULA,PT,386136,,,,,
2022,2,presidente,MS,,2022-10-30T20:52:35.000Z,,0.6759,22,JAIR BOLSONARO,PL,612473,,,,,
2022,2,presidente,MS,,2022-10-30T20:52:35.000Z,,0.6759,13,LULA,PT,393972,,,,,
2022,2,presidente,MS,,2022-10-30T20:53:51.000Z,,0.6953,22,JAIR BOLSONARO,PL,628600,,,,,
2022,2,presidente,MS,,2022-10-30T20:53:51.000Z,,0.6953,13,LULA,PT,405707,,,,,
2022,2,presidente,MS,,2022-10-30T20:55:10.000Z,,0.7083,22,JAIR BOLSONARO,PL,639359,,,,,
2022,2,presidente,MS,,2022-10-30T20:55:10.000Z,,0.7083,13,LULA,PT,414027,,,,,
2022,2,presidente,MS,,2022-10-30T20:56:32.000Z,,0.7442,22,JAIR BOLSONARO,PL,669781,,,,,
2022,2,presidente,MS,,2022-10-30T20:56:32.000Z,,0.7442,13,LULA,PT,434974,,,,,
2022,2,presidente,MS,,2022-10-30T20:57:55.000Z,,0.7442,22,JAIR BOLSONARO,PL,669781,,,,,
2022,2,presidente,MS,,2022-10-30T20:57:55.000Z,,0.7442,13,LULA,PT,434974,,,,,
2022,2,presidente,MS,,2022-10-30T20:59:13.000Z,,0.7574,22,JAIR BOLSONARO,PL,680644,,,,,
2022,2,presidente,MS,,2022-10-30T20:59:13.000Z,,0.7574,13,LULA,PT,442235,,,,,
2022,2,presidente,MS,,2022-10-30T21:00:31.000Z,,0.7792,22,JAIR BOLSONARO,PL,700154,,,,,
2022,2,presidente,MS,,2022-10-30T21:00:31.000Z,,0.7792,13,LULA,PT,454897,,,,,
2022,2,presidente,MS,,2022-10-30T21:01:59.000Z,,0.7894,22,JAIR BOLSONARO,PL,708512,,,,,
2022,2,presidente,MS,,2022-10-30T21:01:59.000Z,,0.7894,13,LULA,PT,460936,,,,,
2022,2,presidente,MS,,2022-10-30T21:03:22.000Z,,0.804,22,JAIR BOLSONARO,PL,722537,,,,,
2022,2,presidente,MS,,2022-10-30T21:03:22.000Z,,0.804,13,LULA,PT,469085,,,,,
2022,2,presidente,MS,,2022-10-30T21:04:33.000Z,,0.8206,22,JAIR BOLSONARO,PL,737457,,,,,
2022,2,presidente,MS,,2022-10-30T21:04:33.000Z,,0.8206,13,LULA,PT,479426,,,,,
2022,2,presidente,MS,,2022-10-30T21:05:43.000Z,,0.8339,22,JAIR BOLSONARO,PL,747357,,,,,
2022,2,presidente,MS,,2022-10-30T21:05:43.000Z,,0.8339,13,LULA,PT,489390,,,,,
2022,2,presidente,MS,,2022-10-30T21:07:03.000Z,,0.8504,22,JAIR BOLSONARO,PL,761126,,,,,
2022,2,presidente,MS,,2022-10-30T21:07:03.000Z,,0.8504,13,LULA,PT,500166,,,,,
2022,2,presidente,MS,,2022-10-30T21:08:19.000Z,,0.8504,22,JAIR BOLSONARO,PL,761126,,,,,
2022,2,presidente,MS,,2022-10-30T21:08:19.000Z,,0.8504,13,LULA,PT,500166,,,,,
2022,2,presidente,MS,,2022-10-30T21:09:38.000Z,,0.8679,22,JAIR BOLSONARO,PL,776895,,,,,
2022,2,presidente,MS,,2022-10-30T21:09:38.000Z,,0.8679,13,LULA,PT,511295,,,,,
2022,2,presidente,MS,,2022-10-30T21:10:57.000Z,,0.8754,22,JAIR BOLSONARO,PL,783623,,,,,
2022,2,presidente,MS,,2022-10-30T21:10:57.000Z,,0.8754,13,LULA,PT,516027,,,,,
2022,2,presidente,MS,,2022-10-30T21:12:21.000Z,,0.8822,22,JAIR BOLSONARO,PL,790014,,,,,
2022,2,presidente,MS,,2022-10-30T21:12:21.000Z,,0.8822,13,LULA,PT,520362,,,,,
2022,2,presidente,MS,,2022-10-30T21:13:34.000Z,,0.8882,22,JAIR BOLSONARO,PL,794896,,,,,
2022,2,presidente,MS,,2022-10-30T21:13:34.000Z,,0.8882,13,LULA,PT,524679,,,,,
2022,2,presidente,MS,,2022-10-30T21:14:52.000Z,,0.9026,22,JAIR BOLSONARO,PL,806532,,,,,
2022,2,presidente,MS,,2022-10-30T21:14:52.000Z,,0.9026,13,LULA,PT,534352,,,,,
2022,2,presidente,MS,,2022-10-30T21:16:14.000Z,,0.9116,22,JAIR BOLSONARO,PL,813239,,,,,
2022,2,presidente,MS,,2022-10-30T21:16:14.000Z,,0.9116,13,LULA,PT,540461,,,,,
2022,2,presidente,MS,,2022-10-30T21:17:30.000Z,,0.9223,22,JAIR BOLSONARO,PL,823150,,,,,
2022,2,presidente,MS,,2022-10-30T21:17:30.000Z,,0.9223,13,LULA,PT,546268,,,,,
2022,2,presidente,MS,,2022-10-30T21:19:03.000Z,,0.9285,22,JAIR BOLSONARO,PL,828174,,,,,
2022,2,presidente,MS,,2022-10-30T21:19:03.000Z,,0.9285,13,LULA,PT,550797,,,,,
2022,2,presidente,MS,,2022-10-30T21:20:24.000Z,,0.9334,22,JAIR BOLSONARO,PL,831476,,,,,
2022,2,presidente,MS,,2022-10-30T21:20:24.000Z,,0.9334,13,LULA,PT,554558,,,,,
2022,2,presidente,MS,,2022-10-30T21:21:46.000Z,,0.941,22,JAIR BOLSONARO,PL,837215,,,,,
2022,2,presidente,MS,,2022-10-30T21:21:46.000Z,,0.941,13,LULA,PT,559534,,,,,
2022,2,presidente,MS,,2022-10-30T21:23:13.000Z,,0.9439,22,JAIR BOLSONARO,PL,839103,,,,,
2022,2,presidente,MS,,2022-10-30T21:23:13.000Z,,0.9439,13,LULA,PT,561166,,,,,
2022,2,presidente,MS,,2022-10-30T21:24:38.000Z,,0.9466,22,JAIR BOLSONARO,PL,841430,,,,,
2022,2,presidente,MS,,2022-10-30T21:24:38.000Z,,0.9466,13,LULA,PT,563157,,,,,
2022,2,presidente,MS,,2022-10-30T21:26:04.000Z,,0.9524,22,JAIR BOLSONARO,PL,845613,,,,,
2022,2,presidente,MS,,2022-10-30T21:26:04.000Z,,0.9524,13,LULA,PT,567231,,,,,
2022,2,presidente,MS,,2022-10-30T21:27:31.000Z,,0.955,22,JAIR BOLSONARO,PL,847645,,,,,
2022,2,presidente,MS,,2022-10-30T21:27:31.000Z,,0.955,13,LULA,PT,569117,,,,,
2022,2,presidente,MS,,2022-10-30T21:28:54.000Z,,0.9592,22,JAIR BOLSONARO,PL,851156,,,,,
2022,2,presidente,MS,,2022-10-30T21:28:54.000Z,,0.9592,13,LULA,PT,572105,,,,,
2022,2,presidente,MS,,2022-10-30T21:30:18.000Z,,0.9615,22,JAIR BOLSONARO,PL,853049,,,,,
2022,2,presidente,MS,,2022-10-30T21:30:18.000Z,,0.9615,13,LULA,PT,573454,,,,,
2022,2,presidente,MS,,2022-10-30T21:31:45.000Z,,0.9718,22,JAIR BOLSONARO,PL,859489,,,,,
2022,2,presidente,MS,,2022-10-30T21:31:45.000Z,,0.9718,13,LULA,PT,581513,,,,,
2022,2,presidente,MS,,2022-10-30T21:33:11.000Z,,0.9774,22,JAIR BOLSONARO,PL,863566,,,,,
2022,2,presidente,MS,,2022-10-30T21:33:11.000Z,,0.9774,13,LULA,PT,585125,,,,,
2022,2,presidente,MS,,2022-10-30T21:34:31.000Z,,0.9844,22,JAIR BOLSONARO,PL,868366,,,,,
2022,2,presidente,MS,,2022-10-30T21:34:31.000Z,,0.9844,13,LULA,PT,589343,,,,,
2022,2,presidente,MS,,2022-10-30T21:35:50.000Z,,0.9864,22,JAIR BOLSONARO,PL,870112,,,,,
2022,2,presidente,MS,,2022-10-30T21:35:50.000Z,,0.9864,13,LULA,PT,590473,,,,,
2022,2,presidente,MS,,2022-10-30T21:37:15.000Z,,0.9873,22,JAIR BOLSONARO,PL,870348,,,,,
2022,2,presidente,MS,,2022-10-30T21:37:15.000Z,,0.9873,13,LULA,PT,591340,,,,,
2022,2,presidente,MS,,2022-10-30T21:38:49.000Z,,0.988,22,JAIR BOLSONARO,PL,870860,,,,,
2022,2,presidente,MS,,2022-10-30T21:38:49.000Z,,0.988,13,LULA,PT,591748,,,,,
2022,2,presidente,MS,,2022-10-30T21:40:13.000Z,,0.9925,22,JAIR BOLSONARO,PL,873800,,,,,
2022,2,presidente,MS,,2022-10-30T21:40:13.000Z,,0.9925,13,LULA,PT,594956,,,,,
2022,2,presidente,MS,,2022-10-30T21:41:44.000Z,,0.9946,22,JAIR BOLSONARO,PL,876055,,,,,
2022,2,presidente,MS,,2022-10-30T21:41:44.000Z,,0.9946,13,LULA,PT,596443,,,,,
2022,2,presidente,MS,,2022-10-30T21:43:08.000Z,,0.9952,22,JAIR BOLSONARO,PL,876430,,,,,
2022,2,presidente,MS,,2022-10-30T21:43:08.000Z,,0.9952,13,LULA,PT,596850,,,,,
2022,2,presidente,MS,,2022-10-30T21:44:24.000Z,,0.9971,22,JAIR BOLSONARO,PL,878317,,,,,
2022,2,presidente,MS,,2022-10-30T21:44:24.000Z,,0.9971,13,LULA,PT,598011,,,,,
2022,2,presidente,MS,,2022-10-30T21:45:47.000Z,,0.9971,22,JAIR BOLSONARO,PL,878317,,,,,
2022,2,presidente,MS,,2022-10-30T21:45:47.000Z,,0.9971,13,LULA,PT,598011,,,,,
2022,2,presidente,MS,,2022-10-30T21:47:03.000Z,,0.9973,22,JAIR BOLSONARO,PL,878410,,,,,
2022,2,presidente,MS,,2022-10-30T21:47:03.000Z,,0.9973,13,LULA,PT,598097,,,,,
2022,2,presidente,MS,,2022-10-30T21:48:28.000Z,,0.9974,22,JAIR BOLSONARO,PL,878483,,,,,
2022,2,presidente,MS,,2022-10-30T21:48:28.000Z,,0.9974,13,LULA,PT,598196,,,,,
2022,2,presidente,MS,,2022-10-30T21:50:05.000Z,,0.9981,22,JAIR BOLSONARO,PL,878941,,,,,
2022,2,presidente,MS,,2022-10-30T21:50:05.000Z,,0.9981,13,LULA,PT,598621,,,,,
2022,2,presidente,MS,,2022-10-30T21:51:43.000Z,,0.9984,22,JAIR BOLSONARO,PL,879096,,,,,
2022,2,presidente,MS,,2022-10-30T21:51:43.000Z,,0.9984,13,LULA,PT,598778,,,,,
2022,2,presidente,MS,,2022-10-30T21:53:17.000Z,,0.9984,22,JAIR BOLSONARO,PL,879096,,,,,
2022,2,presidente,MS,,2022-10-30T21:53:17.000Z,,0.9984,13,LULA,PT,598778,,,,,
2022,2,presidente,MS,,2022-10-30T21:54:43.000Z,,0.9987,22,JAIR BOLSONARO,PL,879411,,,,,
2022,2,presidente,MS,,2022-10-30T21:54:43.000Z,,0.9987,13,LULA,PT,598916,,,,,
2022,2,presidente,MS,,2022-10-30T21:56:15.000Z,,0.9991,22,JAIR BOLSONARO,PL,879880,,,,,
2022,2,presidente,MS,,2022-10-30T21:56:15.000Z,,0.9991,13,LULA,PT,599218,,,,,
2022,2,presidente,MS,,2022-10-30T21:57:50.000Z,,0.9996,22,JAIR BOLSONARO,PL,880318,,,,,
2022,2,presidente,MS,,2022-10-30T21:57:50.000Z,,0.9996,13,LULA,PT,599390,,,,,
2022,2,presidente,MS,,2022-10-30T21:59:17.000Z,,0.9997,22,JAIR BOLSONARO,PL,880435,,,,,
2022,2,presidente,MS,,2022-10-30T21:59:17.000Z,,0.9997,13,LULA,PT,599454,,,,,
2022,2,presidente,MS,,2022-10-30T22:00:54.000Z,,0.9999,22,JAIR BOLSONARO,PL,880580,,,,,
2022,2,presidente,MS,,2022-10-30T22:00:54.000Z,,0.9999,13,LULA,PT,599520,,,,,
2022,2,presidente,MS,,2022-10-30T22:02:19.000Z,,0.9999,22,JAIR BOLSONARO,PL,880580,,,,,
2022,2,presidente,MS,,2022-10-30T22:02:19.000Z,,0.9999,13,LULA,PT,599520,,,,,
2022,2,presidente,MS,,2022-10-30T22:03:43.000Z,,0.9999,22,JAIR BOLSONARO,PL,880580,,,,,
2022,2,presidente,MS,,2022-10-30T22:03:43.000Z,,0.9999,13,LULA,PT,599520,,,,,
2022,2,presidente,MS,,2022-10-30T22:05:07.000Z,,0.9999,22,JAIR BOLSONARO,PL,880580,,,,,
2022,2,presidente,MS,,2022-10-30T22:05:07.000Z,,0.9999,13,LULA,PT,599520,,,,,
2022,2,presidente,MS,,2022-10-30T22:06:29.000Z,,0.9999,22,JAIR BOLSONARO,PL,880580,,,,,
2022,2,presidente,MS,,2022-10-30T22:06:29.000Z,,0.9999,13,LULA,PT,599520,,,,,
2022,2,presidente,MS,,2022-10-30T22:07:58.000Z,,0.9999,22,JAIR BOLSONARO,PL,880580,,,,,
2022,2,presidente,MS,,2022-10-30T22:07:58.000Z,,0.9999,13,LULA,PT,599520,,,,,
2022,2,presidente,MS,,2022-10-30T22:09:22.000Z,,0.9999,22,JAIR BOLSONARO,PL,880580,,,,,
2022,2,presidente,MS,,2022-10-30T22:09:22.000Z,,0.9999,13,LULA,PT,599520,,,,,
2022,2,presidente,MS,,2022-10-30T22:10:58.000Z,,0.9999,22,JAIR BOLSONARO,PL,880580,,,,,
2022,2,presidente,MS,,2022-10-30T22:10:58.000Z,,0.9999,13,LULA,PT,599520,,,,,
2022,2,presidente,MS,,2022-10-30T22:12:40.000Z,,0.9999,22,JAIR BOLSONARO,PL,880580,,,,,
2022,2,presidente,MS,,2022-10-30T22:12:40.000Z,,0.9999,13,LULA,PT,599520,,,,,
2022,2,presidente,MS,,2022-10-30T22:14:24.000Z,,1,22,JAIR BOLSONARO,PL,880606,,,,,
2022,2,presidente,MS,,2022-10-30T22:14:24.000Z,,1,13,LULA,PT,599547,,,,,
2022,2,presidente,MT,,2022-10-30T20:07:26.000Z,,0.0003,22,JAIR BOLSONARO,PL,135,,,,,
2022,2,presidente,MT,,2022-10-30T20:07:26.000Z,,0.0003,13,LULA,PT,177,,,,,
2022,2,presidente,MT,,2022-10-30T20:08:39.000Z,,0.0013,22,JAIR BOLSONARO,PL,1488,,,,,
2022,2,presidente,MT,,2022-10-30T20:08:39.000Z,,0.0013,13,LULA,PT,1054,,,,,
2022,2,presidente,MT,,2022-10-30T20:09:50.000Z,,0.0058,22,JAIR BOLSONARO,PL,6499,,,,,
2022,2,presidente,MT,,2022-10-30T20:09:50.000Z,,0.0058,13,LULA,PT,4160,,,,,
2022,2,presidente,MT,,2022-10-30T20:11:00.000Z,,0.0084,22,JAIR BOLSONARO,PL,9253,,,,,
2022,2,presidente,MT,,2022-10-30T20:11:00.000Z,,0.0084,13,LULA,PT,5941,,,,,
2022,2,presidente,MT,,2022-10-30T20:12:06.000Z,,0.012,22,JAIR BOLSONARO,PL,13251,,,,,
2022,2,presidente,MT,,2022-10-30T20:12:06.000Z,,0.012,13,LULA,PT,8549,,,,,
2022,2,presidente,MT,,2022-10-30T20:13:14.000Z,,0.0144,22,JAIR BOLSONARO,PL,15983,,,,,
2022,2,presidente,MT,,2022-10-30T20:13:14.000Z,,0.0144,13,LULA,PT,10301,,,,,
2022,2,presidente,MT,,2022-10-30T20:14:24.000Z,,0.0197,22,JAIR BOLSONARO,PL,21163,,,,,
2022,2,presidente,MT,,2022-10-30T20:14:24.000Z,,0.0197,13,LULA,PT,14424,,,,,
2022,2,presidente,MT,,2022-10-30T20:15:35.000Z,,0.024,22,JAIR BOLSONARO,PL,25320,,,,,
2022,2,presidente,MT,,2022-10-30T20:15:35.000Z,,0.024,13,LULA,PT,17767,,,,,
2022,2,presidente,MT,,2022-10-30T20:16:41.000Z,,0.0276,22,JAIR BOLSONARO,PL,29181,,,,,
2022,2,presidente,MT,,2022-10-30T20:16:41.000Z,,0.0276,13,LULA,PT,20118,,,,,
2022,2,presidente,MT,,2022-10-30T20:17:48.000Z,,0.0353,22,JAIR BOLSONARO,PL,38723,,,,,
2022,2,presidente,MT,,2022-10-30T20:17:48.000Z,,0.0353,13,LULA,PT,25284,,,,,
2022,2,presidente,MT,,2022-10-30T20:19:04.000Z,,0.0434,22,JAIR BOLSONARO,PL,48314,,,,,
2022,2,presidente,MT,,2022-10-30T20:19:04.000Z,,0.0434,13,LULA,PT,30990,,,,,
2022,2,presidente,MT,,2022-10-30T20:20:10.000Z,,0.0542,22,JAIR BOLSONARO,PL,61804,,,,,
2022,2,presidente,MT,,2022-10-30T20:20:10.000Z,,0.0542,13,LULA,PT,38826,,,,,
2022,2,presidente,MT,,2022-10-30T20:21:31.000Z,,0.0827,22,JAIR BOLSONARO,PL,96738,,,,,
2022,2,presidente,MT,,2022-10-30T20:21:31.000Z,,0.0827,13,LULA,PT,60121,,,,,
2022,2,presidente,MT,,2022-10-30T20:22:36.000Z,,0.1026,22,JAIR BOLSONARO,PL,121721,,,,,
2022,2,presidente,MT,,2022-10-30T20:22:36.000Z,,0.1026,13,LULA,PT,74816,,,,,
2022,2,presidente,MT,,2022-10-30T20:23:53.000Z,,0.114,22,JAIR BOLSONARO,PL,134955,,,,,
2022,2,presidente,MT,,2022-10-30T20:23:53.000Z,,0.114,13,LULA,PT,82727,,,,,
2022,2,presidente,MT,,2022-10-30T20:25:10.000Z,,0.1265,22,JAIR BOLSONARO,PL,150373,,,,,
2022,2,presidente,MT,,2022-10-30T20:25:10.000Z,,0.1265,13,LULA,PT,91926,,,,,
2022,2,presidente,MT,,2022-10-30T20:26:15.000Z,,0.1414,22,JAIR BOLSONARO,PL,169110,,,,,
2022,2,presidente,MT,,2022-10-30T20:26:15.000Z,,0.1414,13,LULA,PT,101882,,,,,
2022,2,presidente,MT,,2022-10-30T20:27:22.000Z,,0.1905,22,JAIR BOLSONARO,PL,227281,,,,,
2022,2,presidente,MT,,2022-10-30T20:27:22.000Z,,0.1905,13,LULA,PT,135707,,,,,
2022,2,presidente,MT,,2022-10-30T20:28:28.000Z,,0.1905,22,JAIR BOLSONARO,PL,227281,,,,,
2022,2,presidente,MT,,2022-10-30T20:28:28.000Z,,0.1905,13,LULA,PT,135707,,,,,
2022,2,presidente,MT,,2022-10-30T20:29:39.000Z,,0.206,22,JAIR BOLSONARO,PL,244961,,,,,
2022,2,presidente,MT,,2022-10-30T20:29:39.000Z,,0.206,13,LULA,PT,145173,,,,,
2022,2,presidente,MT,,2022-10-30T20:30:51.000Z,,0.2352,22,JAIR BOLSONARO,PL,279816,,,,,
2022,2,presidente,MT,,2022-10-30T20:30:51.000Z,,0.2352,13,LULA,PT,165182,,,,,
2022,2,presidente,MT,,2022-10-30T20:32:08.000Z,,0.2551,22,JAIR BOLSONARO,PL,303815,,,,,
2022,2,presidente,MT,,2022-10-30T20:32:08.000Z,,0.2551,13,LULA,PT,178026,,,,,
2022,2,presidente,MT,,2022-10-30T20:33:21.000Z,,0.2654,22,JAIR BOLSONARO,PL,315092,,,,,
2022,2,presidente,MT,,2022-10-30T20:33:21.000Z,,0.2654,13,LULA,PT,185337,,,,,
2022,2,presidente,MT,,2022-10-30T20:34:32.000Z,,0.285,22,JAIR BOLSONARO,PL,338812,,,,,
2022,2,presidente,MT,,2022-10-30T20:34:32.000Z,,0.285,13,LULA,PT,197805,,,,,
2022,2,presidente,MT,,2022-10-30T20:35:44.000Z,,0.2976,22,JAIR BOLSONARO,PL,354709,,,,,
2022,2,presidente,MT,,2022-10-30T20:35:44.000Z,,0.2976,13,LULA,PT,205850,,,,,
2022,2,presidente,MT,,2022-10-30T20:36:53.000Z,,0.3117,22,JAIR BOLSONARO,PL,371615,,,,,
2022,2,presidente,MT,,2022-10-30T20:36:53.000Z,,0.3117,13,LULA,PT,215092,,,,,
2022,2,presidente,MT,,2022-10-30T20:38:00.000Z,,0.3232,22,JAIR BOLSONARO,PL,386580,,,,,
2022,2,presidente,MT,,2022-10-30T20:38:00.000Z,,0.3232,13,LULA,PT,222918,,,,,
2022,2,presidente,MT,,2022-10-30T20:39:11.000Z,,0.3326,22,JAIR BOLSONARO,PL,399683,,,,,
2022,2,presidente,MT,,2022-10-30T20:39:11.000Z,,0.3326,13,LULA,PT,228549,,,,,
2022,2,presidente,MT,,2022-10-30T20:40:15.000Z,,0.341,22,JAIR BOLSONARO,PL,409317,,,,,
2022,2,presidente,MT,,2022-10-30T20:40:15.000Z,,0.341,13,LULA,PT,234223,,,,,
2022,2,presidente,MT,,2022-10-30T20:41:27.000Z,,0.3594,22,JAIR BOLSONARO,PL,431980,,,,,
2022,2,presidente,MT,,2022-10-30T20:41:27.000Z,,0.3594,13,LULA,PT,246424,,,,,
2022,2,presidente,MT,,2022-10-30T20:42:34.000Z,,0.3694,22,JAIR BOLSONARO,PL,445792,,,,,
2022,2,presidente,MT,,2022-10-30T20:42:34.000Z,,0.3694,13,LULA,PT,252457,,,,,
2022,2,presidente,MT,,2022-10-30T20:43:46.000Z,,0.3823,22,JAIR BOLSONARO,PL,461838,,,,,
2022,2,presidente,MT,,2022-10-30T20:43:46.000Z,,0.3823,13,LULA,PT,260342,,,,,
2022,2,presidente,MT,,2022-10-30T20:44:57.000Z,,0.3996,22,JAIR BOLSONARO,PL,485747,,,,,
2022,2,presidente,MT,,2022-10-30T20:44:57.000Z,,0.3996,13,LULA,PT,270702,,,,,
2022,2,presidente,MT,,2022-10-30T20:46:06.000Z,,0.4124,22,JAIR BOLSONARO,PL,502648,,,,,
2022,2,presidente,MT,,2022-10-30T20:46:06.000Z,,0.4124,13,LULA,PT,278777,,,,,
2022,2,presidente,MT,,2022-10-30T20:47:25.000Z,,0.4297,22,JAIR BOLSONARO,PL,524478,,,,,
2022,2,presidente,MT,,2022-10-30T20:47:25.000Z,,0.4297,13,LULA,PT,290007,,,,,
2022,2,presidente,MT,,2022-10-30T20:48:53.000Z,,0.4297,22,JAIR BOLSONARO,PL,524478,,,,,
2022,2,presidente,MT,,2022-10-30T20:48:53.000Z,,0.4297,13,LULA,PT,290007,,,,,
2022,2,presidente,MT,,2022-10-30T20:50:07.000Z,,0.4541,22,JAIR BOLSONARO,PL,554399,,,,,
2022,2,presidente,MT,,2022-10-30T20:50:07.000Z,,0.4541,13,LULA,PT,306566,,,,,
2022,2,presidente,MT,,2022-10-30T20:51:20.000Z,,0.4709,22,JAIR BOLSONARO,PL,577198,,,,,
2022,2,presidente,MT,,2022-10-30T20:51:20.000Z,,0.4709,13,LULA,PT,316083,,,,,
2022,2,presidente,MT,,2022-10-30T20:52:36.000Z,,0.4804,22,JAIR BOLSONARO,PL,588892,,,,,
2022,2,presidente,MT,,2022-10-30T20:52:36.000Z,,0.4804,13,LULA,PT,321451,,,,,
2022,2,presidente,MT,,2022-10-30T20:53:53.000Z,,0.4903,22,JAIR BOLSONARO,PL,600962,,,,,
2022,2,presidente,MT,,2022-10-30T20:53:53.000Z,,0.4903,13,LULA,PT,328517,,,,,
2022,2,presidente,MT,,2022-10-30T20:55:17.000Z,,0.508,22,JAIR BOLSONARO,PL,622805,,,,,
2022,2,presidente,MT,,2022-10-30T20:55:17.000Z,,0.508,13,LULA,PT,339471,,,,,
2022,2,presidente,MT,,2022-10-30T20:56:34.000Z,,0.517,22,JAIR BOLSONARO,PL,633304,,,,,
2022,2,presidente,MT,,2022-10-30T20:56:34.000Z,,0.517,13,LULA,PT,345565,,,,,
2022,2,presidente,MT,,2022-10-30T20:58:02.000Z,,0.5239,22,JAIR BOLSONARO,PL,642579,,,,,
2022,2,presidente,MT,,2022-10-30T20:58:02.000Z,,0.5239,13,LULA,PT,349816,,,,,
2022,2,presidente,MT,,2022-10-30T20:59:14.000Z,,0.5363,22,JAIR BOLSONARO,PL,657225,,,,,
2022,2,presidente,MT,,2022-10-30T20:59:14.000Z,,0.5363,13,LULA,PT,357666,,,,,
2022,2,presidente,MT,,2022-10-30T21:00:34.000Z,,0.5588,22,JAIR BOLSONARO,PL,685398,,,,,
2022,2,presidente,MT,,2022-10-30T21:00:34.000Z,,0.5588,13,LULA,PT,372830,,,,,
2022,2,presidente,MT,,2022-10-30T21:02:01.000Z,,0.5653,22,JAIR BOLSONARO,PL,694029,,,,,
2022,2,presidente,MT,,2022-10-30T21:02:01.000Z,,0.5653,13,LULA,PT,377873,,,,,
2022,2,presidente,MT,,2022-10-30T21:03:24.000Z,,0.5772,22,JAIR BOLSONARO,PL,709068,,,,,
2022,2,presidente,MT,,2022-10-30T21:03:24.000Z,,0.5772,13,LULA,PT,385362,,,,,
2022,2,presidente,MT,,2022-10-30T21:04:34.000Z,,0.5864,22,JAIR BOLSONARO,PL,720316,,,,,
2022,2,presidente,MT,,2022-10-30T21:04:34.000Z,,0.5864,13,LULA,PT,390899,,,,,
2022,2,presidente,MT,,2022-10-30T21:05:44.000Z,,0.5955,22,JAIR BOLSONARO,PL,730736,,,,,
2022,2,presidente,MT,,2022-10-30T21:05:44.000Z,,0.5955,13,LULA,PT,397459,,,,,
2022,2,presidente,MT,,2022-10-30T21:07:04.000Z,,0.6091,22,JAIR BOLSONARO,PL,748424,,,,,
2022,2,presidente,MT,,2022-10-30T21:07:04.000Z,,0.6091,13,LULA,PT,406668,,,,,
2022,2,presidente,MT,,2022-10-30T21:08:21.000Z,,0.6163,22,JAIR BOLSONARO,PL,756453,,,,,
2022,2,presidente,MT,,2022-10-30T21:08:21.000Z,,0.6163,13,LULA,PT,411158,,,,,
2022,2,presidente,MT,,2022-10-30T21:09:40.000Z,,0.6244,22,JAIR BOLSONARO,PL,767368,,,,,
2022,2,presidente,MT,,2022-10-30T21:09:40.000Z,,0.6244,13,LULA,PT,416382,,,,,
2022,2,presidente,MT,,2022-10-30T21:10:59.000Z,,0.6304,22,JAIR BOLSONARO,PL,775103,,,,,
2022,2,presidente,MT,,2022-10-30T21:10:59.000Z,,0.6304,13,LULA,PT,420376,,,,,
2022,2,presidente,MT,,2022-10-30T21:12:23.000Z,,0.6355,22,JAIR BOLSONARO,PL,781686,,,,,
2022,2,presidente,MT,,2022-10-30T21:12:23.000Z,,0.6355,13,LULA,PT,423559,,,,,
2022,2,presidente,MT,,2022-10-30T21:13:34.000Z,,0.6524,22,JAIR BOLSONARO,PL,801695,,,,,
2022,2,presidente,MT,,2022-10-30T21:13:34.000Z,,0.6524,13,LULA,PT,433719,,,,,
2022,2,presidente,MT,,2022-10-30T21:14:54.000Z,,0.6585,22,JAIR BOLSONARO,PL,808304,,,,,
2022,2,presidente,MT,,2022-10-30T21:14:54.000Z,,0.6585,13,LULA,PT,437452,,,,,
2022,2,presidente,MT,,2022-10-30T21:16:15.000Z,,0.6688,22,JAIR BOLSONARO,PL,821775,,,,,
2022,2,presidente,MT,,2022-10-30T21:16:15.000Z,,0.6688,13,LULA,PT,443080,,,,,
2022,2,presidente,MT,,2022-10-30T21:17:32.000Z,,0.6764,22,JAIR BOLSONARO,PL,831881,,,,,
2022,2,presidente,MT,,2022-10-30T21:17:32.000Z,,0.6764,13,LULA,PT,447117,,,,,
2022,2,presidente,MT,,2022-10-30T21:19:06.000Z,,0.6933,22,JAIR BOLSONARO,PL,851953,,,,,
2022,2,presidente,MT,,2022-10-30T21:19:06.000Z,,0.6933,13,LULA,PT,457226,,,,,
2022,2,presidente,MT,,2022-10-30T21:20:28.000Z,,0.7053,22,JAIR BOLSONARO,PL,867341,,,,,
2022,2,presidente,MT,,2022-10-30T21:20:28.000Z,,0.7053,13,LULA,PT,465714,,,,,
2022,2,presidente,MT,,2022-10-30T21:21:47.000Z,,0.7131,22,JAIR BOLSONARO,PL,877010,,,,,
2022,2,presidente,MT,,2022-10-30T21:21:47.000Z,,0.7131,13,LULA,PT,470142,,,,,
2022,2,presidente,MT,,2022-10-30T21:23:16.000Z,,0.7199,22,JAIR BOLSONARO,PL,886127,,,,,
2022,2,presidente,MT,,2022-10-30T21:23:16.000Z,,0.7199,13,LULA,PT,474282,,,,,
2022,2,presidente,MT,,2022-10-30T21:24:40.000Z,,0.7279,22,JAIR BOLSONARO,PL,895680,,,,,
2022,2,presidente,MT,,2022-10-30T21:24:40.000Z,,0.7279,13,LULA,PT,479496,,,,,
2022,2,presidente,MT,,2022-10-30T21:26:07.000Z,,0.7354,22,JAIR BOLSONARO,PL,905409,,,,,
2022,2,presidente,MT,,2022-10-30T21:26:07.000Z,,0.7354,13,LULA,PT,483704,,,,,
2022,2,presidente,MT,,2022-10-30T21:27:34.000Z,,0.755,22,JAIR BOLSONARO,PL,927540,,,,,
2022,2,presidente,MT,,2022-10-30T21:27:34.000Z,,0.755,13,LULA,PT,497252,,,,,
2022,2,presidente,MT,,2022-10-30T21:28:57.000Z,,0.7605,22,JAIR BOLSONARO,PL,933875,,,,,
2022,2,presidente,MT,,2022-10-30T21:28:57.000Z,,0.7605,13,LULA,PT,500562,,,,,
2022,2,presidente,MT,,2022-10-30T21:30:19.000Z,,0.7682,22,JAIR BOLSONARO,PL,942863,,,,,
2022,2,presidente,MT,,2022-10-30T21:30:19.000Z,,0.7682,13,LULA,PT,505544,,,,,
2022,2,presidente,MT,,2022-10-30T21:31:48.000Z,,0.7795,22,JAIR BOLSONARO,PL,956629,,,,,
2022,2,presidente,MT,,2022-10-30T21:31:48.000Z,,0.7795,13,LULA,PT,513199,,,,,
2022,2,presidente,MT,,2022-10-30T21:33:12.000Z,,0.7951,22,JAIR BOLSONARO,PL,975296,,,,,
2022,2,presidente,MT,,2022-10-30T21:33:12.000Z,,0.7951,13,LULA,PT,522937,,,,,
2022,2,presidente,MT,,2022-10-30T21:34:33.000Z,,0.801,22,JAIR BOLSONARO,PL,982750,,,,,
2022,2,presidente,MT,,2022-10-30T21:34:33.000Z,,0.801,13,LULA,PT,526276,,,,,
2022,2,presidente,MT,,2022-10-30T21:35:52.000Z,,0.8093,22,JAIR BOLSONARO,PL,994310,,,,,
2022,2,presidente,MT,,2022-10-30T21:35:52.000Z,,0.8093,13,LULA,PT,530807,,,,,
2022,2,presidente,MT,,2022-10-30T21:37:22.000Z,,0.8168,22,JAIR BOLSONARO,PL,1002413,,,,,
2022,2,presidente,MT,,2022-10-30T21:37:22.000Z,,0.8168,13,LULA,PT,535671,,,,,
2022,2,presidente,MT,,2022-10-30T21:38:51.000Z,,0.8233,22,JAIR BOLSONARO,PL,1009169,,,,,
2022,2,presidente,MT,,2022-10-30T21:38:51.000Z,,0.8233,13,LULA,PT,539963,,,,,
2022,2,presidente,MT,,2022-10-30T21:40:16.000Z,,0.8374,22,JAIR BOLSONARO,PL,1024817,,,,,
2022,2,presidente,MT,,2022-10-30T21:40:16.000Z,,0.8374,13,LULA,PT,550235,,,,,
2022,2,presidente,MT,,2022-10-30T21:41:47.000Z,,0.8407,22,JAIR BOLSONARO,PL,1029031,,,,,
2022,2,presidente,MT,,2022-10-30T21:41:47.000Z,,0.8407,13,LULA,PT,552245,,,,,
2022,2,presidente,MT,,2022-10-30T21:43:09.000Z,,0.8492,22,JAIR BOLSONARO,PL,1038139,,,,,
2022,2,presidente,MT,,2022-10-30T21:43:09.000Z,,0.8492,13,LULA,PT,557464,,,,,
2022,2,presidente,MT,,2022-10-30T21:44:27.000Z,,0.8526,22,JAIR BOLSONARO,PL,1041977,,,,,
2022,2,presidente,MT,,2022-10-30T21:44:27.000Z,,0.8526,13,LULA,PT,559963,,,,,
2022,2,presidente,MT,,2022-10-30T21:45:50.000Z,,0.8557,22,JAIR BOLSONARO,PL,1045775,,,,,
2022,2,presidente,MT,,2022-10-30T21:45:50.000Z,,0.8557,13,LULA,PT,562256,,,,,
2022,2,presidente,MT,,2022-10-30T21:47:05.000Z,,0.8613,22,JAIR BOLSONARO,PL,1052771,,,,,
2022,2,presidente,MT,,2022-10-30T21:47:05.000Z,,0.8613,13,LULA,PT,565817,,,,,
2022,2,presidente,MT,,2022-10-30T21:48:31.000Z,,0.8736,22,JAIR BOLSONARO,PL,1066935,,,,,
2022,2,presidente,MT,,2022-10-30T21:48:31.000Z,,0.8736,13,LULA,PT,574180,,,,,
2022,2,presidente,MT,,2022-10-30T21:51:45.000Z,,0.8846,22,JAIR BOLSONARO,PL,1080088,,,,,
2022,2,presidente,MT,,2022-10-30T21:51:45.000Z,,0.8846,13,LULA,PT,580711,,,,,
2022,2,presidente,MT,,2022-10-30T21:53:20.000Z,,0.8969,22,JAIR BOLSONARO,PL,1095213,,,,,
2022,2,presidente,MT,,2022-10-30T21:53:20.000Z,,0.8969,13,LULA,PT,588132,,,,,
2022,2,presidente,MT,,2022-10-30T21:54:45.000Z,,0.9017,22,JAIR BOLSONARO,PL,1101145,,,,,
2022,2,presidente,MT,,2022-10-30T21:54:45.000Z,,0.9017,13,LULA,PT,590758,,,,,
2022,2,presidente,MT,,2022-10-30T21:56:18.000Z,,0.9072,22,JAIR BOLSONARO,PL,1108256,,,,,
2022,2,presidente,MT,,2022-10-30T21:56:18.000Z,,0.9072,13,LULA,PT,593879,,,,,
2022,2,presidente,MT,,2022-10-30T21:57:53.000Z,,0.9156,22,JAIR BOLSONARO,PL,1117274,,,,,
2022,2,presidente,MT,,2022-10-30T21:57:53.000Z,,0.9156,13,LULA,PT,598929,,,,,
2022,2,presidente,MT,,2022-10-30T21:59:19.000Z,,0.9217,22,JAIR BOLSONARO,PL,1125054,,,,,
2022,2,presidente,MT,,2022-10-30T21:59:19.000Z,,0.9217,13,LULA,PT,602919,,,,,
2022,2,presidente,MT,,2022-10-30T22:00:57.000Z,,0.9311,22,JAIR BOLSONARO,PL,1136562,,,,,
2022,2,presidente,MT,,2022-10-30T22:00:57.000Z,,0.9311,13,LULA,PT,609100,,,,,
2022,2,presidente,MT,,2022-10-30T22:02:21.000Z,,0.9336,22,JAIR BOLSONARO,PL,1139069,,,,,
2022,2,presidente,MT,,2022-10-30T22:02:21.000Z,,0.9336,13,LULA,PT,610627,,,,,
2022,2,presidente,MT,,2022-10-30T22:03:45.000Z,,0.9384,22,JAIR BOLSONARO,PL,1145112,,,,,
2022,2,presidente,MT,,2022-10-30T22:03:45.000Z,,0.9384,13,LULA,PT,614005,,,,,
2022,2,presidente,MT,,2022-10-30T22:05:08.000Z,,0.9424,22,JAIR BOLSONARO,PL,1150208,,,,,
2022,2,presidente,MT,,2022-10-30T22:05:08.000Z,,0.9424,13,LULA,PT,616618,,,,,
2022,2,presidente,MT,,2022-10-30T22:06:32.000Z,,0.9494,22,JAIR BOLSONARO,PL,1159048,,,,,
2022,2,presidente,MT,,2022-10-30T22:06:32.000Z,,0.9494,13,LULA,PT,621436,,,,,
2022,2,presidente,MT,,2022-10-30T22:08:00.000Z,,0.9539,22,JAIR BOLSONARO,PL,1164637,,,,,
2022,2,presidente,MT,,2022-10-30T22:08:00.000Z,,0.9539,13,LULA,PT,624522,,,,,
2022,2,presidente,MT,,2022-10-30T22:09:24.000Z,,0.955,22,JAIR BOLSONARO,PL,1166024,,,,,
2022,2,presidente,MT,,2022-10-30T22:09:24.000Z,,0.955,13,LULA,PT,625345,,,,,
2022,2,presidente,MT,,2022-10-30T22:11:01.000Z,,0.9618,22,JAIR BOLSONARO,PL,1173902,,,,,
2022,2,presidente,MT,,2022-10-30T22:11:01.000Z,,0.9618,13,LULA,PT,629782,,,,,
2022,2,presidente,MT,,2022-10-30T22:12:48.000Z,,0.9628,22,JAIR BOLSONARO,PL,1174626,,,,,
2022,2,presidente,MT,,2022-10-30T22:12:48.000Z,,0.9628,13,LULA,PT,630320,,,,,
2022,2,presidente,MT,,2022-10-30T22:14:28.000Z,,0.9668,22,JAIR BOLSONARO,PL,1179087,,,,,
2022,2,presidente,MT,,2022-10-30T22:14:28.000Z,,0.9668,13,LULA,PT,632569,,,,,
2022,2,presidente,MT,,2022-10-30T22:16:07.000Z,,0.9711,22,JAIR BOLSONARO,PL,1183927,,,,,
2022,2,presidente,MT,,2022-10-30T22:16:07.000Z,,0.9711,13,LULA,PT,635448,,,,,
2022,2,presidente,MT,,2022-10-30T22:17:48.000Z,,0.972,22,JAIR BOLSONARO,PL,1185061,,,,,
2022,2,presidente,MT,,2022-10-30T22:17:48.000Z,,0.972,13,LULA,PT,635981,,,,,
2022,2,presidente,MT,,2022-10-30T22:19:31.000Z,,0.9736,22,JAIR BOLSONARO,PL,1186717,,,,,
2022,2,presidente,MT,,2022-10-30T22:19:31.000Z,,0.9736,13,LULA,PT,637158,,,,,
2022,2,presidente,MT,,2022-10-30T22:21:05.000Z,,0.9757,22,JAIR BOLSONARO,PL,1189210,,,,,
2022,2,presidente,MT,,2022-10-30T22:21:05.000Z,,0.9757,13,LULA,PT,638429,,,,,
2022,2,presidente,MT,,2022-10-30T22:22:36.000Z,,0.9769,22,JAIR BOLSONARO,PL,1190671,,,,,
2022,2,presidente,MT,,2022-10-30T22:22:36.000Z,,0.9769,13,LULA,PT,639057,,,,,
2022,2,presidente,MT,,2022-10-30T22:24:15.000Z,,0.9794,22,JAIR BOLSONARO,PL,1193178,,,,,
2022,2,presidente,MT,,2022-10-30T22:24:15.000Z,,0.9794,13,LULA,PT,640895,,,,,
2022,2,presidente,MT,,2022-10-30T22:26:00.000Z,,0.9827,22,JAIR BOLSONARO,PL,1196614,,,,,
2022,2,presidente,MT,,2022-10-30T22:26:00.000Z,,0.9827,13,LULA,PT,642957,,,,,
2022,2,presidente,MT,,2022-10-30T22:27:48.000Z,,0.9842,22,JAIR BOLSONARO,PL,1198224,,,,,
2022,2,presidente,MT,,2022-10-30T22:27:48.000Z,,0.9842,13,LULA,PT,643741,,,,,
2022,2,presidente,MT,,2022-10-30T22:29:35.000Z,,0.9847,22,JAIR BOLSONARO,PL,1198719,,,,,
2022,2,presidente,MT,,2022-10-30T22:29:35.000Z,,0.9847,13,LULA,PT,644074,,,,,
2022,2,presidente,MT,,2022-10-30T22:31:16.000Z,,0.9851,22,JAIR BOLSONARO,PL,1199072,,,,,
2022,2,presidente,MT,,2022-10-30T22:31:16.000Z,,0.9851,13,LULA,PT,644507,,,,,
2022,2,presidente,MT,,2022-10-30T22:32:50.000Z,,0.9858,22,JAIR BOLSONARO,PL,1199656,,,,,
2022,2,presidente,MT,,2022-10-30T22:32:50.000Z,,0.9858,13,LULA,PT,644993,,,,,
2022,2,presidente,MT,,2022-10-30T22:34:42.000Z,,0.9858,22,JAIR BOLSONARO,PL,1199656,,,,,
2022,2,presidente,MT,,2022-10-30T22:34:42.000Z,,0.9858,13,LULA,PT,644993,,,,,
2022,2,presidente,MT,,2022-10-30T22:36:32.000Z,,0.9858,22,JAIR BOLSONARO,PL,1199656,,,,,
2022,2,presidente,MT,,2022-10-30T22:36:32.000Z,,0.9858,13,LULA,PT,644993,,,,,
2022,2,presidente,MT,,2022-10-30T22:38:30.000Z,,0.986,22,JAIR BOLSONARO,PL,1199929,,,,,
2022,2,presidente,MT,,2022-10-30T22:38:30.000Z,,0.986,13,LULA,PT,645153,,,,,
2022,2,presidente,MT,,2022-10-30T22:40:01.000Z,,0.9861,22,JAIR BOLSONARO,PL,1200023,,,,,
2022,2,presidente,MT,,2022-10-30T22:40:01.000Z,,0.9861,13,LULA,PT,645197,,,,,
2022,2,presidente,MT,,2022-10-30T22:41:52.000Z,,0.9867,22,JAIR BOLSONARO,PL,1200776,,,,,
2022,2,presidente,MT,,2022-10-30T22:41:52.000Z,,0.9867,13,LULA,PT,645485,,,,,
2022,2,presidente,MT,,2022-10-30T22:43:23.000Z,,0.9867,22,JAIR BOLSONARO,PL,1200776,,,,,
2022,2,presidente,MT,,2022-10-30T22:43:23.000Z,,0.9867,13,LULA,PT,645485,,,,,
2022,2,presidente,MT,,2022-10-30T22:45:03.000Z,,0.9872,22,JAIR BOLSONARO,PL,1201366,,,,,
2022,2,presidente,MT,,2022-10-30T22:45:03.000Z,,0.9872,13,LULA,PT,645833,,,,,
2022,2,presidente,MT,,2022-10-30T22:46:56.000Z,,0.9881,22,JAIR BOLSONARO,PL,1202463,,,,,
2022,2,presidente,MT,,2022-10-30T22:46:56.000Z,,0.9881,13,LULA,PT,646437,,,,,
2022,2,presidente,MT,,2022-10-30T22:48:41.000Z,,0.9892,22,JAIR BOLSONARO,PL,1203694,,,,,
2022,2,presidente,MT,,2022-10-30T22:48:41.000Z,,0.9892,13,LULA,PT,647124,,,,,
2022,2,presidente,MT,,2022-10-30T22:50:25.000Z,,0.9907,22,JAIR BOLSONARO,PL,1205442,,,,,
2022,2,presidente,MT,,2022-10-30T22:50:25.000Z,,0.9907,13,LULA,PT,648049,,,,,
2022,2,presidente,MT,,2022-10-30T22:52:13.000Z,,0.9914,22,JAIR BOLSONARO,PL,1206032,,,,,
2022,2,presidente,MT,,2022-10-30T22:52:13.000Z,,0.9914,13,LULA,PT,648451,,,,,
2022,2,presidente,MT,,2022-10-30T22:53:44.000Z,,0.9919,22,JAIR BOLSONARO,PL,1206586,,,,,
2022,2,presidente,MT,,2022-10-30T22:53:44.000Z,,0.9919,13,LULA,PT,648762,,,,,
2022,2,presidente,MT,,2022-10-30T22:55:09.000Z,,0.9922,22,JAIR BOLSONARO,PL,1206939,,,,,
2022,2,presidente,MT,,2022-10-30T22:55:09.000Z,,0.9922,13,LULA,PT,648840,,,,,
2022,2,presidente,MT,,2022-10-30T22:57:02.000Z,,0.9929,22,JAIR BOLSONARO,PL,1207875,,,,,
2022,2,presidente,MT,,2022-10-30T22:57:02.000Z,,0.9929,13,LULA,PT,649107,,,,,
2022,2,presidente,MT,,2022-10-30T22:58:46.000Z,,0.9937,22,JAIR BOLSONARO,PL,1208870,,,,,
2022,2,presidente,MT,,2022-10-30T22:58:46.000Z,,0.9937,13,LULA,PT,649423,,,,,
2022,2,presidente,MT,,2022-10-30T23:00:58.000Z,,0.9949,22,JAIR BOLSONARO,PL,1210367,,,,,
2022,2,presidente,MT,,2022-10-30T23:00:58.000Z,,0.9949,13,LULA,PT,650065,,,,,
2022,2,presidente,MT,,2022-10-30T23:03:04.000Z,,0.9962,22,JAIR BOLSONARO,PL,1211857,,,,,
2022,2,presidente,MT,,2022-10-30T23:03:04.000Z,,0.9962,13,LULA,PT,650679,,,,,
2022,2,presidente,MT,,2022-10-30T23:04:58.000Z,,0.9971,22,JAIR BOLSONARO,PL,1212984,,,,,
2022,2,presidente,MT,,2022-10-30T23:04:58.000Z,,0.9971,13,LULA,PT,651100,,,,,
2022,2,presidente,MT,,2022-10-30T23:07:03.000Z,,0.998,22,JAIR BOLSONARO,PL,1214194,,,,,
2022,2,presidente,MT,,2022-10-30T23:07:03.000Z,,0.998,13,LULA,PT,651604,,,,,
2022,2,presidente,MT,,2022-10-30T23:08:47.000Z,,0.9982,22,JAIR BOLSONARO,PL,1214341,,,,,
2022,2,presidente,MT,,2022-10-30T23:08:47.000Z,,0.9982,13,LULA,PT,651644,,,,,
2022,2,presidente,MT,,2022-10-30T23:10:20.000Z,,0.9982,22,JAIR BOLSONARO,PL,1214341,,,,,
2022,2,presidente,MT,,2022-10-30T23:10:20.000Z,,0.9982,13,LULA,PT,651644,,,,,
2022,2,presidente,MT,,2022-10-30T23:12:12.000Z,,0.999,22,JAIR BOLSONARO,PL,1215371,,,,,
2022,2,presidente,MT,,2022-10-30T23:12:12.000Z,,0.999,13,LULA,PT,652173,,,,,
2022,2,presidente,MT,,2022-10-30T23:14:22.000Z,,0.9996,22,JAIR BOLSONARO,PL,1216226,,,,,
2022,2,presidente,MT,,2022-10-30T23:14:22.000Z,,0.9996,13,LULA,PT,652640,,,,,
2022,2,presidente,MT,,2022-10-30T23:16:24.000Z,,0.9997,22,JAIR BOLSONARO,PL,1216397,,,,,
2022,2,presidente,MT,,2022-10-30T23:16:24.000Z,,0.9997,13,LULA,PT,652741,,,,,
2022,2,presidente,MT,,2022-10-30T23:19:07.000Z,,0.9997,22,JAIR BOLSONARO,PL,1216397,,,,,
2022,2,presidente,MT,,2022-10-30T23:19:07.000Z,,0.9997,13,LULA,PT,652741,,,,,
2022,2,presidente,MT,,2022-10-30T23:20:50.000Z,,0.9997,22,JAIR BOLSONARO,PL,1216397,,,,,
2022,2,presidente,MT,,2022-10-30T23:20:50.000Z,,0.9997,13,LULA,PT,652741,,,,,
2022,2,presidente,MT,,2022-10-30T23:22:15.000Z,,0.9997,22,JAIR BOLSONARO,PL,1216397,,,,,
2022,2,presidente,MT,,2022-10-30T23:22:15.000Z,,0.9997,13,LULA,PT,652741,,,,,
2022,2,presidente,MT,,2022-10-30T23:23:48.000Z,,0.9997,22,JAIR BOLSONARO,PL,1216397,,,,,
2022,2,presidente,MT,,2022-10-30T23:23:48.000Z,,0.9997,13,LULA,PT,652741,,,,,
2022,2,presidente,MT,,2022-10-30T23:25:10.000Z,,0.9997,22,JAIR BOLSONARO,PL,1216397,,,,,
2022,2,presidente,MT,,2022-10-30T23:25:10.000Z,,0.9997,13,LULA,PT,652741,,,,,
2022,2,presidente,MT,,2022-10-30T23:26:55.000Z,,0.9997,22,JAIR BOLSONARO,PL,1216397,,,,,
2022,2,presidente,MT,,2022-10-30T23:26:55.000Z,,0.9997,13,LULA,PT,652741,,,,,
2022,2,presidente,MT,,2022-10-30T23:28:25.000Z,,0.9997,22,JAIR BOLSONARO,PL,1216397,,,,,
2022,2,presidente,MT,,2022-10-30T23:28:25.000Z,,0.9997,13,LULA,PT,652741,,,,,
2022,2,presidente,MT,,2022-10-30T23:30:26.000Z,,0.9997,22,JAIR BOLSONARO,PL,1216397,,,,,
2022,2,presidente,MT,,2022-10-30T23:30:26.000Z,,0.9997,13,LULA,PT,652741,,,,,
2022,2,presidente,MT,,2022-10-30T23:32:08.000Z,,0.9997,22,JAIR BOLSONARO,PL,1216397,,,,,
2022,2,presidente,MT,,2022-10-30T23:32:08.000Z,,0.9997,13,LULA,PT,652741,,,,,
2022,2,presidente,MT,,2022-10-30T23:34:07.000Z,,0.9997,22,JAIR BOLSONARO,PL,1216397,,,,,
2022,2,presidente,MT,,2022-10-30T23:34:07.000Z,,0.9997,13,LULA,PT,652741,,,,,
2022,2,presidente,MT,,2022-10-30T23:35:39.000Z,,0.9997,22,JAIR BOLSONARO,PL,1216397,,,,,
2022,2,presidente,MT,,2022-10-30T23:35:39.000Z,,0.9997,13,LULA,PT,652741,,,,,
2022,2,presidente,MT,,2022-10-30T23:37:12.000Z,,0.9997,22,JAIR BOLSONARO,PL,1216397,,,,,
2022,2,presidente,MT,,2022-10-30T23:37:12.000Z,,0.9997,13,LULA,PT,652741,,,,,
2022,2,presidente,MT,,2022-10-30T23:39:26.000Z,,0.9997,22,JAIR BOLSONARO,PL,1216397,,,,,
2022,2,presidente,MT,,2022-10-30T23:39:26.000Z,,0.9997,13,LULA,PT,652741,,,,,
2022,2,presidente,MT,,2022-10-30T23:41:38.000Z,,0.9997,22,JAIR BOLSONARO,PL,1216397,,,,,
2022,2,presidente,MT,,2022-10-30T23:41:38.000Z,,0.9997,13,LULA,PT,652741,,,,,
2022,2,presidente,MT,,2022-10-30T23:43:09.000Z,,1,22,JAIR BOLSONARO,PL,1216730,,,,,
2022,2,presidente,MT,,2022-10-30T23:43:09.000Z,,1,13,LULA,PT,652786,,,,,
2022,2,presidente,PA,,2022-10-30T20:06:13.000Z,,0.0002,22,JAIR BOLSONARO,PL,448,,,,,
2022,2,presidente,PA,,2022-10-30T20:06:13.000Z,,0.0002,13,LULA,PT,458,,,,,
2022,2,presidente,PA,,2022-10-30T20:07:23.000Z,,0.0007,22,JAIR BOLSONARO,PL,1903,,,,,
2022,2,presidente,PA,,2022-10-30T20:07:23.000Z,,0.0007,13,LULA,PT,2000,,,,,
2022,2,presidente,PA,,2022-10-30T20:08:28.000Z,,0.0018,22,JAIR BOLSONARO,PL,4552,,,,,
2022,2,presidente,PA,,2022-10-30T20:08:28.000Z,,0.0018,13,LULA,PT,4774,,,,,
2022,2,presidente,PA,,2022-10-30T20:09:41.000Z,,0.0044,22,JAIR BOLSONARO,PL,10839,,,,,
2022,2,presidente,PA,,2022-10-30T20:09:41.000Z,,0.0044,13,LULA,PT,11522,,,,,
2022,2,presidente,PA,,2022-10-30T20:10:52.000Z,,0.0126,22,JAIR BOLSONARO,PL,32431,,,,,
2022,2,presidente,PA,,2022-10-30T20:10:52.000Z,,0.0126,13,LULA,PT,33672,,,,,
2022,2,presidente,PA,,2022-10-30T20:12:03.000Z,,0.0167,22,JAIR BOLSONARO,PL,43108,,,,,
2022,2,presidente,PA,,2022-10-30T20:12:03.000Z,,0.0167,13,LULA,PT,44830,,,,,
2022,2,presidente,PA,,2022-10-30T20:13:09.000Z,,0.0206,22,JAIR BOLSONARO,PL,53138,,,,,
2022,2,presidente,PA,,2022-10-30T20:13:09.000Z,,0.0206,13,LULA,PT,55185,,,,,
2022,2,presidente,PA,,2022-10-30T20:14:16.000Z,,0.0262,22,JAIR BOLSONARO,PL,66939,,,,,
2022,2,presidente,PA,,2022-10-30T20:14:16.000Z,,0.0262,13,LULA,PT,70199,,,,,
2022,2,presidente,PA,,2022-10-30T20:15:32.000Z,,0.0325,22,JAIR BOLSONARO,PL,82894,,,,,
2022,2,presidente,PA,,2022-10-30T20:15:32.000Z,,0.0325,13,LULA,PT,86789,,,,,
2022,2,presidente,PA,,2022-10-30T20:16:38.000Z,,0.0383,22,JAIR BOLSONARO,PL,98582,,,,,
2022,2,presidente,PA,,2022-10-30T20:16:38.000Z,,0.0383,13,LULA,PT,103168,,,,,
2022,2,presidente,PA,,2022-10-30T20:17:44.000Z,,0.0479,22,JAIR BOLSONARO,PL,123510,,,,,
2022,2,presidente,PA,,2022-10-30T20:17:44.000Z,,0.0479,13,LULA,PT,129692,,,,,
2022,2,presidente,PA,,2022-10-30T20:18:56.000Z,,0.0545,22,JAIR BOLSONARO,PL,140896,,,,,
2022,2,presidente,PA,,2022-10-30T20:18:56.000Z,,0.0545,13,LULA,PT,147336,,,,,
2022,2,presidente,PA,,2022-10-30T20:20:07.000Z,,0.063,22,JAIR BOLSONARO,PL,162709,,,,,
2022,2,presidente,PA,,2022-10-30T20:20:07.000Z,,0.063,13,LULA,PT,170479,,,,,
2022,2,presidente,PA,,2022-10-30T20:21:12.000Z,,0.0978,22,JAIR BOLSONARO,PL,250189,,,,,
2022,2,presidente,PA,,2022-10-30T20:21:12.000Z,,0.0978,13,LULA,PT,268045,,,,,
2022,2,presidente,PA,,2022-10-30T20:22:33.000Z,,0.0978,22,JAIR BOLSONARO,PL,250189,,,,,
2022,2,presidente,PA,,2022-10-30T20:22:33.000Z,,0.0978,13,LULA,PT,268045,,,,,
2022,2,presidente,PA,,2022-10-30T20:23:44.000Z,,0.1267,22,JAIR BOLSONARO,PL,318068,,,,,
2022,2,presidente,PA,,2022-10-30T20:23:44.000Z,,0.1267,13,LULA,PT,344906,,,,,
2022,2,presidente,PA,,2022-10-30T20:25:06.000Z,,0.1359,22,JAIR BOLSONARO,PL,339362,,,,,
2022,2,presidente,PA,,2022-10-30T20:25:06.000Z,,0.1359,13,LULA,PT,368621,,,,,
2022,2,presidente,PA,,2022-10-30T20:26:12.000Z,,0.1459,22,JAIR BOLSONARO,PL,361437,,,,,
2022,2,presidente,PA,,2022-10-30T20:26:12.000Z,,0.1459,13,LULA,PT,397066,,,,,
2022,2,presidente,PA,,2022-10-30T20:27:19.000Z,,0.1648,22,JAIR BOLSONARO,PL,403598,,,,,
2022,2,presidente,PA,,2022-10-30T20:27:19.000Z,,0.1648,13,LULA,PT,445785,,,,,
2022,2,presidente,PA,,2022-10-30T20:28:25.000Z,,0.1791,22,JAIR BOLSONARO,PL,435647,,,,,
2022,2,presidente,PA,,2022-10-30T20:28:25.000Z,,0.1791,13,LULA,PT,482730,,,,,
2022,2,presidente,PA,,2022-10-30T20:29:35.000Z,,0.1939,22,JAIR BOLSONARO,PL,466892,,,,,
2022,2,presidente,PA,,2022-10-30T20:29:35.000Z,,0.1939,13,LULA,PT,522100,,,,,
2022,2,presidente,PA,,2022-10-30T20:30:41.000Z,,0.2055,22,JAIR BOLSONARO,PL,494538,,,,,
2022,2,presidente,PA,,2022-10-30T20:30:41.000Z,,0.2055,13,LULA,PT,554323,,,,,
2022,2,presidente,PA,,2022-10-30T20:31:59.000Z,,0.2299,22,JAIR BOLSONARO,PL,552264,,,,,
2022,2,presidente,PA,,2022-10-30T20:31:59.000Z,,0.2299,13,LULA,PT,619380,,,,,
2022,2,presidente,PA,,2022-10-30T20:33:11.000Z,,0.2412,22,JAIR BOLSONARO,PL,578302,,,,,
2022,2,presidente,PA,,2022-10-30T20:33:11.000Z,,0.2412,13,LULA,PT,648325,,,,,
2022,2,presidente,PA,,2022-10-30T20:34:24.000Z,,0.2515,22,JAIR BOLSONARO,PL,602511,,,,,
2022,2,presidente,PA,,2022-10-30T20:34:24.000Z,,0.2515,13,LULA,PT,673491,,,,,
2022,2,presidente,PA,,2022-10-30T20:35:41.000Z,,0.2614,22,JAIR BOLSONARO,PL,625006,,,,,
2022,2,presidente,PA,,2022-10-30T20:35:41.000Z,,0.2614,13,LULA,PT,699064,,,,,
2022,2,presidente,PA,,2022-10-30T20:36:49.000Z,,0.2712,22,JAIR BOLSONARO,PL,647422,,,,,
2022,2,presidente,PA,,2022-10-30T20:36:49.000Z,,0.2712,13,LULA,PT,725329,,,,,
2022,2,presidente,PA,,2022-10-30T20:37:57.000Z,,0.2781,22,JAIR BOLSONARO,PL,663016,,,,,
2022,2,presidente,PA,,2022-10-30T20:37:57.000Z,,0.2781,13,LULA,PT,742459,,,,,
2022,2,presidente,PA,,2022-10-30T20:39:07.000Z,,0.2862,22,JAIR BOLSONARO,PL,683983,,,,,
2022,2,presidente,PA,,2022-10-30T20:39:07.000Z,,0.2862,13,LULA,PT,762973,,,,,
2022,2,presidente,PA,,2022-10-30T20:40:13.000Z,,0.2942,22,JAIR BOLSONARO,PL,701570,,,,,
2022,2,presidente,PA,,2022-10-30T20:40:13.000Z,,0.2942,13,LULA,PT,784469,,,,,
2022,2,presidente,PA,,2022-10-30T20:41:24.000Z,,0.3132,22,JAIR BOLSONARO,PL,742296,,,,,
2022,2,presidente,PA,,2022-10-30T20:41:24.000Z,,0.3132,13,LULA,PT,833762,,,,,
2022,2,presidente,PA,,2022-10-30T20:42:31.000Z,,0.3132,22,JAIR BOLSONARO,PL,742296,,,,,
2022,2,presidente,PA,,2022-10-30T20:42:31.000Z,,0.3132,13,LULA,PT,833762,,,,,
2022,2,presidente,PA,,2022-10-30T20:43:37.000Z,,0.3244,22,JAIR BOLSONARO,PL,764738,,,,,
2022,2,presidente,PA,,2022-10-30T20:43:37.000Z,,0.3244,13,LULA,PT,863955,,,,,
2022,2,presidente,PA,,2022-10-30T20:44:51.000Z,,0.3359,22,JAIR BOLSONARO,PL,792046,,,,,
2022,2,presidente,PA,,2022-10-30T20:44:51.000Z,,0.3359,13,LULA,PT,892130,,,,,
2022,2,presidente,PA,,2022-10-30T20:46:01.000Z,,0.3546,22,JAIR BOLSONARO,PL,832510,,,,,
2022,2,presidente,PA,,2022-10-30T20:46:01.000Z,,0.3546,13,LULA,PT,935708,,,,,
2022,2,presidente,PA,,2022-10-30T20:47:11.000Z,,0.3667,22,JAIR BOLSONARO,PL,858741,,,,,
2022,2,presidente,PA,,2022-10-30T20:47:11.000Z,,0.3667,13,LULA,PT,965629,,,,,
2022,2,presidente,PA,,2022-10-30T20:48:45.000Z,,0.3749,22,JAIR BOLSONARO,PL,876197,,,,,
2022,2,presidente,PA,,2022-10-30T20:48:45.000Z,,0.3749,13,LULA,PT,984155,,,,,
2022,2,presidente,PA,,2022-10-30T20:50:01.000Z,,0.3856,22,JAIR BOLSONARO,PL,902551,,,,,
2022,2,presidente,PA,,2022-10-30T20:50:01.000Z,,0.3856,13,LULA,PT,1008030,,,,,
2022,2,presidente,PA,,2022-10-30T20:51:13.000Z,,0.4092,22,JAIR BOLSONARO,PL,955090,,,,,
2022,2,presidente,PA,,2022-10-30T20:51:13.000Z,,0.4092,13,LULA,PT,1065562,,,,,
2022,2,presidente,PA,,2022-10-30T20:52:26.000Z,,0.4216,22,JAIR BOLSONARO,PL,981290,,,,,
2022,2,presidente,PA,,2022-10-30T20:52:26.000Z,,0.4216,13,LULA,PT,1093704,,,,,
2022,2,presidente,PA,,2022-10-30T20:53:45.000Z,,0.4301,22,JAIR BOLSONARO,PL,998930,,,,,
2022,2,presidente,PA,,2022-10-30T20:53:45.000Z,,0.4301,13,LULA,PT,1115592,,,,,
2022,2,presidente,PA,,2022-10-30T20:55:02.000Z,,0.4357,22,JAIR BOLSONARO,PL,1009940,,,,,
2022,2,presidente,PA,,2022-10-30T20:55:02.000Z,,0.4357,13,LULA,PT,1129791,,,,,
2022,2,presidente,PA,,2022-10-30T20:56:24.000Z,,0.4444,22,JAIR BOLSONARO,PL,1029946,,,,,
2022,2,presidente,PA,,2022-10-30T20:56:24.000Z,,0.4444,13,LULA,PT,1151054,,,,,
2022,2,presidente,PA,,2022-10-30T20:57:48.000Z,,0.4624,22,JAIR BOLSONARO,PL,1069159,,,,,
2022,2,presidente,PA,,2022-10-30T20:57:48.000Z,,0.4624,13,LULA,PT,1196582,,,,,
2022,2,presidente,PA,,2022-10-30T20:59:11.000Z,,0.472,22,JAIR BOLSONARO,PL,1090555,,,,,
2022,2,presidente,PA,,2022-10-30T20:59:11.000Z,,0.472,13,LULA,PT,1217660,,,,,
2022,2,presidente,PA,,2022-10-30T21:00:20.000Z,,0.4779,22,JAIR BOLSONARO,PL,1102851,,,,,
2022,2,presidente,PA,,2022-10-30T21:00:20.000Z,,0.4779,13,LULA,PT,1231411,,,,,
2022,2,presidente,PA,,2022-10-30T21:01:53.000Z,,0.497,22,JAIR BOLSONARO,PL,1140646,,,,,
2022,2,presidente,PA,,2022-10-30T21:01:53.000Z,,0.497,13,LULA,PT,1281260,,,,,
2022,2,presidente,PA,,2022-10-30T21:03:10.000Z,,0.5049,22,JAIR BOLSONARO,PL,1156311,,,,,
2022,2,presidente,PA,,2022-10-30T21:03:10.000Z,,0.5049,13,LULA,PT,1301212,,,,,
2022,2,presidente,PA,,2022-10-30T21:04:30.000Z,,0.5144,22,JAIR BOLSONARO,PL,1178516,,,,,
2022,2,presidente,PA,,2022-10-30T21:04:30.000Z,,0.5144,13,LULA,PT,1324478,,,,,
2022,2,presidente,PA,,2022-10-30T21:05:37.000Z,,0.5238,22,JAIR BOLSONARO,PL,1199381,,,,,
2022,2,presidente,PA,,2022-10-30T21:05:37.000Z,,0.5238,13,LULA,PT,1347260,,,,,
2022,2,presidente,PA,,2022-10-30T21:06:55.000Z,,0.5308,22,JAIR BOLSONARO,PL,1215418,,,,,
2022,2,presidente,PA,,2022-10-30T21:06:55.000Z,,0.5308,13,LULA,PT,1364667,,,,,
2022,2,presidente,PA,,2022-10-30T21:08:12.000Z,,0.5386,22,JAIR BOLSONARO,PL,1233790,,,,,
2022,2,presidente,PA,,2022-10-30T21:08:12.000Z,,0.5386,13,LULA,PT,1383931,,,,,
2022,2,presidente,PA,,2022-10-30T21:09:35.000Z,,0.5578,22,JAIR BOLSONARO,PL,1278128,,,,,
2022,2,presidente,PA,,2022-10-30T21:09:35.000Z,,0.5578,13,LULA,PT,1431475,,,,,
2022,2,presidente,PA,,2022-10-30T21:10:45.000Z,,0.5672,22,JAIR BOLSONARO,PL,1296449,,,,,
2022,2,presidente,PA,,2022-10-30T21:10:45.000Z,,0.5672,13,LULA,PT,1454321,,,,,
2022,2,presidente,PA,,2022-10-30T21:12:08.000Z,,0.5793,22,JAIR BOLSONARO,PL,1322490,,,,,
2022,2,presidente,PA,,2022-10-30T21:12:08.000Z,,0.5793,13,LULA,PT,1484283,,,,,
2022,2,presidente,PA,,2022-10-30T21:13:30.000Z,,0.5978,22,JAIR BOLSONARO,PL,1358921,,,,,
2022,2,presidente,PA,,2022-10-30T21:13:30.000Z,,0.5978,13,LULA,PT,1531884,,,,,
2022,2,presidente,PA,,2022-10-30T21:14:39.000Z,,0.5978,22,JAIR BOLSONARO,PL,1358921,,,,,
2022,2,presidente,PA,,2022-10-30T21:14:39.000Z,,0.5978,13,LULA,PT,1531884,,,,,
2022,2,presidente,PA,,2022-10-30T21:16:06.000Z,,0.615,22,JAIR BOLSONARO,PL,1393279,,,,,
2022,2,presidente,PA,,2022-10-30T21:16:06.000Z,,0.615,13,LULA,PT,1572062,,,,,
2022,2,presidente,PA,,2022-10-30T21:17:27.000Z,,0.6269,22,JAIR BOLSONARO,PL,1416038,,,,,
2022,2,presidente,PA,,2022-10-30T21:17:27.000Z,,0.6269,13,LULA,PT,1602488,,,,,
2022,2,presidente,PA,,2022-10-30T21:18:48.000Z,,0.6375,22,JAIR BOLSONARO,PL,1437119,,,,,
2022,2,presidente,PA,,2022-10-30T21:18:48.000Z,,0.6375,13,LULA,PT,1628733,,,,,
2022,2,presidente,PA,,2022-10-30T21:20:16.000Z,,0.6571,22,JAIR BOLSONARO,PL,1476095,,,,,
2022,2,presidente,PA,,2022-10-30T21:20:16.000Z,,0.6571,13,LULA,PT,1679315,,,,,
2022,2,presidente,PA,,2022-10-30T21:21:39.000Z,,0.6659,22,JAIR BOLSONARO,PL,1497828,,,,,
2022,2,presidente,PA,,2022-10-30T21:21:39.000Z,,0.6659,13,LULA,PT,1698495,,,,,
2022,2,presidente,PA,,2022-10-30T21:23:01.000Z,,0.6723,22,JAIR BOLSONARO,PL,1510011,,,,,
2022,2,presidente,PA,,2022-10-30T21:23:01.000Z,,0.6723,13,LULA,PT,1713638,,,,,
2022,2,presidente,PA,,2022-10-30T21:24:26.000Z,,0.6789,22,JAIR BOLSONARO,PL,1522549,,,,,
2022,2,presidente,PA,,2022-10-30T21:24:26.000Z,,0.6789,13,LULA,PT,1728849,,,,,
2022,2,presidente,PA,,2022-10-30T21:25:50.000Z,,0.6926,22,JAIR BOLSONARO,PL,1547821,,,,,
2022,2,presidente,PA,,2022-10-30T21:25:50.000Z,,0.6926,13,LULA,PT,1761793,,,,,
2022,2,presidente,PA,,2022-10-30T21:27:22.000Z,,0.7033,22,JAIR BOLSONARO,PL,1567949,,,,,
2022,2,presidente,PA,,2022-10-30T21:27:22.000Z,,0.7033,13,LULA,PT,1787909,,,,,
2022,2,presidente,PA,,2022-10-30T21:28:43.000Z,,0.7119,22,JAIR BOLSONARO,PL,1586532,,,,,
2022,2,presidente,PA,,2022-10-30T21:28:43.000Z,,0.7119,13,LULA,PT,1807368,,,,,
2022,2,presidente,PA,,2022-10-30T21:30:05.000Z,,0.7262,22,JAIR BOLSONARO,PL,1612998,,,,,
2022,2,presidente,PA,,2022-10-30T21:30:05.000Z,,0.7262,13,LULA,PT,1842021,,,,,
2022,2,presidente,PA,,2022-10-30T21:31:36.000Z,,0.7349,22,JAIR BOLSONARO,PL,1629392,,,,,
2022,2,presidente,PA,,2022-10-30T21:31:36.000Z,,0.7349,13,LULA,PT,1862407,,,,,
2022,2,presidente,PA,,2022-10-30T21:33:02.000Z,,0.7449,22,JAIR BOLSONARO,PL,1652122,,,,,
2022,2,presidente,PA,,2022-10-30T21:33:02.000Z,,0.7449,13,LULA,PT,1884965,,,,,
2022,2,presidente,PA,,2022-10-30T21:34:21.000Z,,0.7546,22,JAIR BOLSONARO,PL,1671305,,,,,
2022,2,presidente,PA,,2022-10-30T21:34:21.000Z,,0.7546,13,LULA,PT,1908971,,,,,
2022,2,presidente,PA,,2022-10-30T21:35:42.000Z,,0.7679,22,JAIR BOLSONARO,PL,1694533,,,,,
2022,2,presidente,PA,,2022-10-30T21:35:42.000Z,,0.7679,13,LULA,PT,1940952,,,,,
2022,2,presidente,PA,,2022-10-30T21:37:01.000Z,,0.777,22,JAIR BOLSONARO,PL,1712259,,,,,
2022,2,presidente,PA,,2022-10-30T21:37:01.000Z,,0.777,13,LULA,PT,1962094,,,,,
2022,2,presidente,PA,,2022-10-30T21:38:33.000Z,,0.7863,22,JAIR BOLSONARO,PL,1731491,,,,,
2022,2,presidente,PA,,2022-10-30T21:38:33.000Z,,0.7863,13,LULA,PT,1984030,,,,,
2022,2,presidente,PA,,2022-10-30T21:40:03.000Z,,0.799,22,JAIR BOLSONARO,PL,1754749,,,,,
2022,2,presidente,PA,,2022-10-30T21:40:03.000Z,,0.799,13,LULA,PT,2014651,,,,,
2022,2,presidente,PA,,2022-10-30T21:41:33.000Z,,0.8044,22,JAIR BOLSONARO,PL,1763473,,,,,
2022,2,presidente,PA,,2022-10-30T21:41:33.000Z,,0.8044,13,LULA,PT,2028484,,,,,
2022,2,presidente,PA,,2022-10-30T21:42:58.000Z,,0.8112,22,JAIR BOLSONARO,PL,1776198,,,,,
2022,2,presidente,PA,,2022-10-30T21:42:58.000Z,,0.8112,13,LULA,PT,2045562,,,,,
2022,2,presidente,PA,,2022-10-30T21:44:17.000Z,,0.8233,22,JAIR BOLSONARO,PL,1798111,,,,,
2022,2,presidente,PA,,2022-10-30T21:44:17.000Z,,0.8233,13,LULA,PT,2074245,,,,,
2022,2,presidente,PA,,2022-10-30T21:45:37.000Z,,0.8287,22,JAIR BOLSONARO,PL,1807643,,,,,
2022,2,presidente,PA,,2022-10-30T21:45:37.000Z,,0.8287,13,LULA,PT,2087315,,,,,
2022,2,presidente,PA,,2022-10-30T21:46:59.000Z,,0.8377,22,JAIR BOLSONARO,PL,1825377,,,,,
2022,2,presidente,PA,,2022-10-30T21:46:59.000Z,,0.8377,13,LULA,PT,2108825,,,,,
2022,2,presidente,PA,,2022-10-30T21:48:18.000Z,,0.8449,22,JAIR BOLSONARO,PL,1839199,,,,,
2022,2,presidente,PA,,2022-10-30T21:48:18.000Z,,0.8449,13,LULA,PT,2125681,,,,,
2022,2,presidente,PA,,2022-10-30T21:49:49.000Z,,0.8526,22,JAIR BOLSONARO,PL,1853796,,,,,
2022,2,presidente,PA,,2022-10-30T21:49:49.000Z,,0.8526,13,LULA,PT,2144031,,,,,
2022,2,presidente,PA,,2022-10-30T21:51:32.000Z,,0.8645,22,JAIR BOLSONARO,PL,1874095,,,,,
2022,2,presidente,PA,,2022-10-30T21:51:32.000Z,,0.8645,13,LULA,PT,2171553,,,,,
2022,2,presidente,PA,,2022-10-30T21:53:06.000Z,,0.8687,22,JAIR BOLSONARO,PL,1881035,,,,,
2022,2,presidente,PA,,2022-10-30T21:53:06.000Z,,0.8687,13,LULA,PT,2181638,,,,,
2022,2,presidente,PA,,2022-10-30T21:54:32.000Z,,0.8798,22,JAIR BOLSONARO,PL,1899430,,,,,
2022,2,presidente,PA,,2022-10-30T21:54:32.000Z,,0.8798,13,LULA,PT,2208574,,,,,
2022,2,presidente,PA,,2022-10-30T21:55:57.000Z,,0.8882,22,JAIR BOLSONARO,PL,1914603,,,,,
2022,2,presidente,PA,,2022-10-30T21:55:57.000Z,,0.8882,13,LULA,PT,2228639,,,,,
2022,2,presidente,PA,,2022-10-30T21:57:29.000Z,,0.8993,22,JAIR BOLSONARO,PL,1932675,,,,,
2022,2,presidente,PA,,2022-10-30T21:57:29.000Z,,0.8993,13,LULA,PT,2254826,,,,,
2022,2,presidente,PA,,2022-10-30T21:59:06.000Z,,0.9034,22,JAIR BOLSONARO,PL,1940380,,,,,
2022,2,presidente,PA,,2022-10-30T21:59:06.000Z,,0.9034,13,LULA,PT,2264807,,,,,
2022,2,presidente,PA,,2022-10-30T22:00:31.000Z,,0.908,22,JAIR BOLSONARO,PL,1948421,,,,,
2022,2,presidente,PA,,2022-10-30T22:00:31.000Z,,0.908,13,LULA,PT,2276015,,,,,
2022,2,presidente,PA,,2022-10-30T22:02:09.000Z,,0.9163,22,JAIR BOLSONARO,PL,1961350,,,,,
2022,2,presidente,PA,,2022-10-30T22:02:09.000Z,,0.9163,13,LULA,PT,2296667,,,,,
2022,2,presidente,PA,,2022-10-30T22:03:32.000Z,,0.9206,22,JAIR BOLSONARO,PL,1968433,,,,,
2022,2,presidente,PA,,2022-10-30T22:03:32.000Z,,0.9206,13,LULA,PT,2307749,,,,,
2022,2,presidente,PA,,2022-10-30T22:04:55.000Z,,0.9241,22,JAIR BOLSONARO,PL,1973687,,,,,
2022,2,presidente,PA,,2022-10-30T22:04:55.000Z,,0.9241,13,LULA,PT,2317217,,,,,
2022,2,presidente,PA,,2022-10-30T22:06:18.000Z,,0.9273,22,JAIR BOLSONARO,PL,1977934,,,,,
2022,2,presidente,PA,,2022-10-30T22:06:18.000Z,,0.9273,13,LULA,PT,2325830,,,,,
2022,2,presidente,PA,,2022-10-30T22:07:51.000Z,,0.9341,22,JAIR BOLSONARO,PL,1987417,,,,,
2022,2,presidente,PA,,2022-10-30T22:07:51.000Z,,0.9341,13,LULA,PT,2342589,,,,,
2022,2,presidente,PA,,2022-10-30T22:09:13.000Z,,0.9367,22,JAIR BOLSONARO,PL,1991761,,,,,
2022,2,presidente,PA,,2022-10-30T22:09:13.000Z,,0.9367,13,LULA,PT,2349233,,,,,
2022,2,presidente,PA,,2022-10-30T22:10:39.000Z,,0.9435,22,JAIR BOLSONARO,PL,2002434,,,,,
2022,2,presidente,PA,,2022-10-30T22:10:39.000Z,,0.9435,13,LULA,PT,2366005,,,,,
2022,2,presidente,PA,,2022-10-30T22:12:24.000Z,,0.9453,22,JAIR BOLSONARO,PL,2005383,,,,,
2022,2,presidente,PA,,2022-10-30T22:12:24.000Z,,0.9453,13,LULA,PT,2370282,,,,,
2022,2,presidente,PA,,2022-10-30T22:14:08.000Z,,0.9503,22,JAIR BOLSONARO,PL,2012128,,,,,
2022,2,presidente,PA,,2022-10-30T22:14:08.000Z,,0.9503,13,LULA,PT,2383826,,,,,
2022,2,presidente,PA,,2022-10-30T22:15:49.000Z,,0.9531,22,JAIR BOLSONARO,PL,2015700,,,,,
2022,2,presidente,PA,,2022-10-30T22:15:49.000Z,,0.9531,13,LULA,PT,2391659,,,,,
2022,2,presidente,PA,,2022-10-30T22:17:32.000Z,,0.9553,22,JAIR BOLSONARO,PL,2019592,,,,,
2022,2,presidente,PA,,2022-10-30T22:17:32.000Z,,0.9553,13,LULA,PT,2397770,,,,,
2022,2,presidente,PA,,2022-10-30T22:19:03.000Z,,0.9603,22,JAIR BOLSONARO,PL,2026860,,,,,
2022,2,presidente,PA,,2022-10-30T22:19:03.000Z,,0.9603,13,LULA,PT,2409576,,,,,
2022,2,presidente,PA,,2022-10-30T22:20:50.000Z,,0.964,22,JAIR BOLSONARO,PL,2032047,,,,,
2022,2,presidente,PA,,2022-10-30T22:20:50.000Z,,0.964,13,LULA,PT,2418812,,,,,
2022,2,presidente,PA,,2022-10-30T22:22:24.000Z,,0.9655,22,JAIR BOLSONARO,PL,2034060,,,,,
2022,2,presidente,PA,,2022-10-30T22:22:24.000Z,,0.9655,13,LULA,PT,2422580,,,,,
2022,2,presidente,PA,,2022-10-30T22:23:50.000Z,,0.9678,22,JAIR BOLSONARO,PL,2037489,,,,,
2022,2,presidente,PA,,2022-10-30T22:23:50.000Z,,0.9678,13,LULA,PT,2428259,,,,,
2022,2,presidente,PA,,2022-10-30T22:25:38.000Z,,0.9704,22,JAIR BOLSONARO,PL,2040484,,,,,
2022,2,presidente,PA,,2022-10-30T22:25:38.000Z,,0.9704,13,LULA,PT,2434324,,,,,
2022,2,presidente,PA,,2022-10-30T22:27:28.000Z,,0.9753,22,JAIR BOLSONARO,PL,2046048,,,,,
2022,2,presidente,PA,,2022-10-30T22:27:28.000Z,,0.9753,13,LULA,PT,2447715,,,,,
2022,2,presidente,PA,,2022-10-30T22:29:08.000Z,,0.9798,22,JAIR BOLSONARO,PL,2051554,,,,,
2022,2,presidente,PA,,2022-10-30T22:29:08.000Z,,0.9798,13,LULA,PT,2459398,,,,,
2022,2,presidente,PA,,2022-10-30T22:30:54.000Z,,0.9815,22,JAIR BOLSONARO,PL,2053486,,,,,
2022,2,presidente,PA,,2022-10-30T22:30:54.000Z,,0.9815,13,LULA,PT,2463288,,,,,
2022,2,presidente,PA,,2022-10-30T22:32:30.000Z,,0.9828,22,JAIR BOLSONARO,PL,2054927,,,,,
2022,2,presidente,PA,,2022-10-30T22:32:30.000Z,,0.9828,13,LULA,PT,2466915,,,,,
2022,2,presidente,PA,,2022-10-30T22:34:14.000Z,,0.9851,22,JAIR BOLSONARO,PL,2057171,,,,,
2022,2,presidente,PA,,2022-10-30T22:34:14.000Z,,0.9851,13,LULA,PT,2473444,,,,,
2022,2,presidente,PA,,2022-10-30T22:36:01.000Z,,0.9857,22,JAIR BOLSONARO,PL,2057879,,,,,
2022,2,presidente,PA,,2022-10-30T22:36:01.000Z,,0.9857,13,LULA,PT,2474955,,,,,
2022,2,presidente,PA,,2022-10-30T22:38:10.000Z,,0.9876,22,JAIR BOLSONARO,PL,2059884,,,,,
2022,2,presidente,PA,,2022-10-30T22:38:10.000Z,,0.9876,13,LULA,PT,2479811,,,,,
2022,2,presidente,PA,,2022-10-30T22:39:44.000Z,,0.9892,22,JAIR BOLSONARO,PL,2061588,,,,,
2022,2,presidente,PA,,2022-10-30T22:39:44.000Z,,0.9892,13,LULA,PT,2483882,,,,,
2022,2,presidente,PA,,2022-10-30T22:41:26.000Z,,0.9899,22,JAIR BOLSONARO,PL,2062477,,,,,
2022,2,presidente,PA,,2022-10-30T22:41:26.000Z,,0.9899,13,LULA,PT,2485766,,,,,
2022,2,presidente,PA,,2022-10-30T22:43:05.000Z,,0.9905,22,JAIR BOLSONARO,PL,2063036,,,,,
2022,2,presidente,PA,,2022-10-30T22:43:05.000Z,,0.9905,13,LULA,PT,2487557,,,,,
2022,2,presidente,PA,,2022-10-30T22:44:39.000Z,,0.9909,22,JAIR BOLSONARO,PL,2063730,,,,,
2022,2,presidente,PA,,2022-10-30T22:44:39.000Z,,0.9909,13,LULA,PT,2488131,,,,,
2022,2,presidente,PA,,2022-10-30T22:46:35.000Z,,0.9911,22,JAIR BOLSONARO,PL,2064011,,,,,
2022,2,presidente,PA,,2022-10-30T22:46:35.000Z,,0.9911,13,LULA,PT,2488573,,,,,
2022,2,presidente,PA,,2022-10-30T22:48:11.000Z,,0.9918,22,JAIR BOLSONARO,PL,2064634,,,,,
2022,2,presidente,PA,,2022-10-30T22:48:11.000Z,,0.9918,13,LULA,PT,2490303,,,,,
2022,2,presidente,PA,,2022-10-30T22:49:56.000Z,,0.9925,22,JAIR BOLSONARO,PL,2065346,,,,,
2022,2,presidente,PA,,2022-10-30T22:49:56.000Z,,0.9925,13,LULA,PT,2491860,,,,,
2022,2,presidente,PA,,2022-10-30T22:51:46.000Z,,0.9931,22,JAIR BOLSONARO,PL,2065797,,,,,
2022,2,presidente,PA,,2022-10-30T22:51:46.000Z,,0.9931,13,LULA,PT,2493655,,,,,
2022,2,presidente,PA,,2022-10-30T22:53:22.000Z,,0.9933,22,JAIR BOLSONARO,PL,2065979,,,,,
2022,2,presidente,PA,,2022-10-30T22:53:22.000Z,,0.9933,13,LULA,PT,2494377,,,,,
2022,2,presidente,PA,,2022-10-30T22:54:57.000Z,,0.9936,22,JAIR BOLSONARO,PL,2066229,,,,,
2022,2,presidente,PA,,2022-10-30T22:54:57.000Z,,0.9936,13,LULA,PT,2495219,,,,,
2022,2,presidente,PA,,2022-10-30T22:56:27.000Z,,0.9939,22,JAIR BOLSONARO,PL,2066655,,,,,
2022,2,presidente,PA,,2022-10-30T22:56:27.000Z,,0.9939,13,LULA,PT,2495676,,,,,
2022,2,presidente,PA,,2022-10-30T22:58:14.000Z,,0.9944,22,JAIR BOLSONARO,PL,2067176,,,,,
2022,2,presidente,PA,,2022-10-30T22:58:14.000Z,,0.9944,13,LULA,PT,2496638,,,,,
2022,2,presidente,PA,,2022-10-30T23:00:14.000Z,,0.9951,22,JAIR BOLSONARO,PL,2068229,,,,,
2022,2,presidente,PA,,2022-10-30T23:00:14.000Z,,0.9951,13,LULA,PT,2498508,,,,,
2022,2,presidente,PA,,2022-10-30T23:02:28.000Z,,0.9954,22,JAIR BOLSONARO,PL,2068546,,,,,
2022,2,presidente,PA,,2022-10-30T23:02:28.000Z,,0.9954,13,LULA,PT,2499348,,,,,
2022,2,presidente,PA,,2022-10-30T23:04:36.000Z,,0.9955,22,JAIR BOLSONARO,PL,2068654,,,,,
2022,2,presidente,PA,,2022-10-30T23:04:36.000Z,,0.9955,13,LULA,PT,2499686,,,,,
2022,2,presidente,PA,,2022-10-30T23:06:26.000Z,,0.9959,22,JAIR BOLSONARO,PL,2068986,,,,,
2022,2,presidente,PA,,2022-10-30T23:06:26.000Z,,0.9959,13,LULA,PT,2500691,,,,,
2022,2,presidente,PA,,2022-10-30T23:08:13.000Z,,0.9964,22,JAIR BOLSONARO,PL,2069745,,,,,
2022,2,presidente,PA,,2022-10-30T23:08:13.000Z,,0.9964,13,LULA,PT,2501795,,,,,
2022,2,presidente,PA,,2022-10-30T23:09:58.000Z,,0.9964,22,JAIR BOLSONARO,PL,2069745,,,,,
2022,2,presidente,PA,,2022-10-30T23:09:58.000Z,,0.9964,13,LULA,PT,2501795,,,,,
2022,2,presidente,PA,,2022-10-30T23:11:49.000Z,,0.9965,22,JAIR BOLSONARO,PL,2069750,,,,,
2022,2,presidente,PA,,2022-10-30T23:11:49.000Z,,0.9965,13,LULA,PT,2501941,,,,,
2022,2,presidente,PA,,2022-10-30T23:13:48.000Z,,0.9965,22,JAIR BOLSONARO,PL,2069797,,,,,
2022,2,presidente,PA,,2022-10-30T23:13:48.000Z,,0.9965,13,LULA,PT,2502126,,,,,
2022,2,presidente,PA,,2022-10-30T23:15:58.000Z,,0.9965,22,JAIR BOLSONARO,PL,2069797,,,,,
2022,2,presidente,PA,,2022-10-30T23:15:58.000Z,,0.9965,13,LULA,PT,2502126,,,,,
2022,2,presidente,PA,,2022-10-30T23:18:24.000Z,,0.9969,22,JAIR BOLSONARO,PL,2070170,,,,,
2022,2,presidente,PA,,2022-10-30T23:18:24.000Z,,0.9969,13,LULA,PT,2503103,,,,,
2022,2,presidente,PA,,2022-10-30T23:20:36.000Z,,0.9971,22,JAIR BOLSONARO,PL,2070593,,,,,
2022,2,presidente,PA,,2022-10-30T23:20:36.000Z,,0.9971,13,LULA,PT,2503794,,,,,
2022,2,presidente,PA,,2022-10-30T23:22:06.000Z,,0.9972,22,JAIR BOLSONARO,PL,2070686,,,,,
2022,2,presidente,PA,,2022-10-30T23:22:06.000Z,,0.9972,13,LULA,PT,2503931,,,,,
2022,2,presidente,PA,,2022-10-30T23:23:39.000Z,,0.9979,22,JAIR BOLSONARO,PL,2071329,,,,,
2022,2,presidente,PA,,2022-10-30T23:23:39.000Z,,0.9979,13,LULA,PT,2504866,,,,,
2022,2,presidente,PA,,2022-10-30T23:25:07.000Z,,0.9979,22,JAIR BOLSONARO,PL,2071366,,,,,
2022,2,presidente,PA,,2022-10-30T23:25:07.000Z,,0.9979,13,LULA,PT,2504981,,,,,
2022,2,presidente,PA,,2022-10-30T23:26:34.000Z,,0.9979,22,JAIR BOLSONARO,PL,2071366,,,,,
2022,2,presidente,PA,,2022-10-30T23:26:34.000Z,,0.9979,13,LULA,PT,2504981,,,,,
2022,2,presidente,PA,,2022-10-30T23:28:14.000Z,,0.9979,22,JAIR BOLSONARO,PL,2071366,,,,,
2022,2,presidente,PA,,2022-10-30T23:28:14.000Z,,0.9979,13,LULA,PT,2504981,,,,,
2022,2,presidente,PA,,2022-10-30T23:29:59.000Z,,0.9981,22,JAIR BOLSONARO,PL,2071751,,,,,
2022,2,presidente,PA,,2022-10-30T23:29:59.000Z,,0.9981,13,LULA,PT,2505208,,,,,
2022,2,presidente,PA,,2022-10-30T23:31:58.000Z,,0.9982,22,JAIR BOLSONARO,PL,2071903,,,,,
2022,2,presidente,PA,,2022-10-30T23:31:58.000Z,,0.9982,13,LULA,PT,2505480,,,,,
2022,2,presidente,PA,,2022-10-30T23:33:43.000Z,,0.9982,22,JAIR BOLSONARO,PL,2071903,,,,,
2022,2,presidente,PA,,2022-10-30T23:33:43.000Z,,0.9982,13,LULA,PT,2505480,,,,,
2022,2,presidente,PA,,2022-10-30T23:35:21.000Z,,0.9982,22,JAIR BOLSONARO,PL,2071903,,,,,
2022,2,presidente,PA,,2022-10-30T23:35:21.000Z,,0.9982,13,LULA,PT,2505480,,,,,
2022,2,presidente,PA,,2022-10-30T23:36:56.000Z,,0.9982,22,JAIR BOLSONARO,PL,2071992,,,,,
2022,2,presidente,PA,,2022-10-30T23:36:56.000Z,,0.9982,13,LULA,PT,2505579,,,,,
2022,2,presidente,PA,,2022-10-30T23:38:59.000Z,,0.9982,22,JAIR BOLSONARO,PL,2071992,,,,,
2022,2,presidente,PA,,2022-10-30T23:38:59.000Z,,0.9982,13,LULA,PT,2505579,,,,,
2022,2,presidente,PA,,2022-10-30T23:41:01.000Z,,0.9986,22,JAIR BOLSONARO,PL,2072449,,,,,
2022,2,presidente,PA,,2022-10-30T23:41:01.000Z,,0.9986,13,LULA,PT,2506109,,,,,
2022,2,presidente,PA,,2022-10-30T23:42:54.000Z,,0.999,22,JAIR BOLSONARO,PL,2072903,,,,,
2022,2,presidente,PA,,2022-10-30T23:42:54.000Z,,0.999,13,LULA,PT,2506784,,,,,
2022,2,presidente,PA,,2022-10-30T23:44:51.000Z,,0.999,22,JAIR BOLSONARO,PL,2072903,,,,,
2022,2,presidente,PA,,2022-10-30T23:44:51.000Z,,0.999,13,LULA,PT,2506784,,,,,
2022,2,presidente,PA,,2022-10-30T23:46:54.000Z,,0.999,22,JAIR BOLSONARO,PL,2072903,,,,,
2022,2,presidente,PA,,2022-10-30T23:46:54.000Z,,0.999,13,LULA,PT,2506784,,,,,
2022,2,presidente,PA,,2022-10-30T23:48:43.000Z,,0.999,22,JAIR BOLSONARO,PL,2072903,,,,,
2022,2,presidente,PA,,2022-10-30T23:48:43.000Z,,0.999,13,LULA,PT,2506784,,,,,
2022,2,presidente,PA,,2022-10-30T23:50:18.000Z,,0.999,22,JAIR BOLSONARO,PL,2072903,,,,,
2022,2,presidente,PA,,2022-10-30T23:50:18.000Z,,0.999,13,LULA,PT,2506784,,,,,
2022,2,presidente,PA,,2022-10-30T23:52:00.000Z,,0.9991,22,JAIR BOLSONARO,PL,2073088,,,,,
2022,2,presidente,PA,,2022-10-30T23:52:00.000Z,,0.9991,13,LULA,PT,2506954,,,,,
2022,2,presidente,PA,,2022-10-30T23:54:14.000Z,,0.9991,22,JAIR BOLSONARO,PL,2073088,,,,,
2022,2,presidente,PA,,2022-10-30T23:54:14.000Z,,0.9991,13,LULA,PT,2506954,,,,,
2022,2,presidente,PA,,2022-10-30T23:56:01.000Z,,0.9991,22,JAIR BOLSONARO,PL,2073088,,,,,
2022,2,presidente,PA,,2022-10-30T23:56:01.000Z,,0.9991,13,LULA,PT,2506954,,,,,
2022,2,presidente,PA,,2022-10-30T23:58:15.000Z,,0.9991,22,JAIR BOLSONARO,PL,2073088,,,,,
2022,2,presidente,PA,,2022-10-30T23:58:15.000Z,,0.9991,13,LULA,PT,2506954,,,,,
2022,2,presidente,PA,,2022-10-31T00:00:08.000Z,,0.9991,22,JAIR BOLSONARO,PL,2073088,,,,,
2022,2,presidente,PA,,2022-10-31T00:00:08.000Z,,0.9991,13,LULA,PT,2506954,,,,,
2022,2,presidente,PA,,2022-10-31T00:01:36.000Z,,0.9991,22,JAIR BOLSONARO,PL,2073088,,,,,
2022,2,presidente,PA,,2022-10-31T00:01:36.000Z,,0.9991,13,LULA,PT,2506954,,,,,
2022,2,presidente,PA,,2022-10-31T00:03:23.000Z,,0.9991,22,JAIR BOLSONARO,PL,2073088,,,,,
2022,2,presidente,PA,,2022-10-31T00:03:23.000Z,,0.9991,13,LULA,PT,2506954,,,,,
2022,2,presidente,PA,,2022-10-31T00:06:14.000Z,,0.9991,22,JAIR BOLSONARO,PL,2073118,,,,,
2022,2,presidente,PA,,2022-10-31T00:06:14.000Z,,0.9991,13,LULA,PT,2507118,,,,,
2022,2,presidente,PA,,2022-10-31T00:08:09.000Z,,0.9993,22,JAIR BOLSONARO,PL,2073190,,,,,
2022,2,presidente,PA,,2022-10-31T00:08:09.000Z,,0.9993,13,LULA,PT,2507577,,,,,
2022,2,presidente,PA,,2022-10-31T00:10:20.000Z,,0.9993,22,JAIR BOLSONARO,PL,2073190,,,,,
2022,2,presidente,PA,,2022-10-31T00:10:20.000Z,,0.9993,13,LULA,PT,2507577,,,,,
2022,2,presidente,PA,,2022-10-31T00:12:46.000Z,,0.9994,22,JAIR BOLSONARO,PL,2073239,,,,,
2022,2,presidente,PA,,2022-10-31T00:12:46.000Z,,0.9994,13,LULA,PT,2507710,,,,,
2022,2,presidente,PA,,2022-10-31T00:14:50.000Z,,0.9994,22,JAIR BOLSONARO,PL,2073239,,,,,
2022,2,presidente,PA,,2022-10-31T00:14:50.000Z,,0.9994,13,LULA,PT,2507710,,,,,
2022,2,presidente,PA,,2022-10-31T00:16:51.000Z,,0.9997,22,JAIR BOLSONARO,PL,2073460,,,,,
2022,2,presidente,PA,,2022-10-31T00:16:51.000Z,,0.9997,13,LULA,PT,2508546,,,,,
2022,2,presidente,PA,,2022-10-31T00:18:47.000Z,,0.9997,22,JAIR BOLSONARO,PL,2073460,,,,,
2022,2,presidente,PA,,2022-10-31T00:18:47.000Z,,0.9997,13,LULA,PT,2508546,,,,,
2022,2,presidente,PA,,2022-10-31T00:21:08.000Z,,0.9997,22,JAIR BOLSONARO,PL,2073460,,,,,
2022,2,presidente,PA,,2022-10-31T00:21:08.000Z,,0.9997,13,LULA,PT,2508546,,,,,
2022,2,presidente,PA,,2022-10-31T00:23:23.000Z,,0.9997,22,JAIR BOLSONARO,PL,2073460,,,,,
2022,2,presidente,PA,,2022-10-31T00:23:23.000Z,,0.9997,13,LULA,PT,2508546,,,,,
2022,2,presidente,PA,,2022-10-31T00:25:39.000Z,,0.9997,22,JAIR BOLSONARO,PL,2073460,,,,,
2022,2,presidente,PA,,2022-10-31T00:25:39.000Z,,0.9997,13,LULA,PT,2508546,,,,,
2022,2,presidente,PA,,2022-10-31T00:27:30.000Z,,0.9997,22,JAIR BOLSONARO,PL,2073460,,,,,
2022,2,presidente,PA,,2022-10-31T00:27:30.000Z,,0.9997,13,LULA,PT,2508546,,,,,
2022,2,presidente,PA,,2022-10-31T00:29:34.000Z,,0.9997,22,JAIR BOLSONARO,PL,2073460,,,,,
2022,2,presidente,PA,,2022-10-31T00:29:34.000Z,,0.9997,13,LULA,PT,2508546,,,,,
2022,2,presidente,PA,,2022-10-31T00:31:51.000Z,,0.9997,22,JAIR BOLSONARO,PL,2073460,,,,,
2022,2,presidente,PA,,2022-10-31T00:31:51.000Z,,0.9997,13,LULA,PT,2508546,,,,,
2022,2,presidente,PA,,2022-10-31T00:34:09.000Z,,0.9997,22,JAIR BOLSONARO,PL,2073460,,,,,
2022,2,presidente,PA,,2022-10-31T00:34:09.000Z,,0.9997,13,LULA,PT,2508546,,,,,
2022,2,presidente,PA,,2022-10-31T00:35:56.000Z,,0.9997,22,JAIR BOLSONARO,PL,2073460,,,,,
2022,2,presidente,PA,,2022-10-31T00:35:56.000Z,,0.9997,13,LULA,PT,2508546,,,,,
2022,2,presidente,PA,,2022-10-31T00:38:07.000Z,,0.9997,22,JAIR BOLSONARO,PL,2073460,,,,,
2022,2,presidente,PA,,2022-10-31T00:38:07.000Z,,0.9997,13,LULA,PT,2508546,,,,,
2022,2,presidente,PA,,2022-10-31T00:39:59.000Z,,0.9997,22,JAIR BOLSONARO,PL,2073460,,,,,
2022,2,presidente,PA,,2022-10-31T00:39:59.000Z,,0.9997,13,LULA,PT,2508546,,,,,
2022,2,presidente,PA,,2022-10-31T00:42:29.000Z,,0.9997,22,JAIR BOLSONARO,PL,2073460,,,,,
2022,2,presidente,PA,,2022-10-31T00:42:29.000Z,,0.9997,13,LULA,PT,2508546,,,,,
2022,2,presidente,PA,,2022-10-31T00:44:07.000Z,,0.9997,22,JAIR BOLSONARO,PL,2073460,,,,,
2022,2,presidente,PA,,2022-10-31T00:44:07.000Z,,0.9997,13,LULA,PT,2508546,,,,,
2022,2,presidente,PA,,2022-10-31T00:45:56.000Z,,0.9997,22,JAIR BOLSONARO,PL,2073460,,,,,
2022,2,presidente,PA,,2022-10-31T00:45:56.000Z,,0.9997,13,LULA,PT,2508546,,,,,
2022,2,presidente,PA,,2022-10-31T00:47:45.000Z,,0.9997,22,JAIR BOLSONARO,PL,2073460,,,,,
2022,2,presidente,PA,,2022-10-31T00:47:45.000Z,,0.9997,13,LULA,PT,2508546,,,,,
2022,2,presidente,PA,,2022-10-31T00:49:48.000Z,,0.9997,22,JAIR BOLSONARO,PL,2073460,,,,,
2022,2,presidente,PA,,2022-10-31T00:49:48.000Z,,0.9997,13,LULA,PT,2508546,,,,,
2022,2,presidente,PA,,2022-10-31T00:52:04.000Z,,0.9998,22,JAIR BOLSONARO,PL,2073525,,,,,
2022,2,presidente,PA,,2022-10-31T00:52:04.000Z,,0.9998,13,LULA,PT,2508777,,,,,
2022,2,presidente,PA,,2022-10-31T00:54:18.000Z,,0.9998,22,JAIR BOLSONARO,PL,2073525,,,,,
2022,2,presidente,PA,,2022-10-31T00:54:18.000Z,,0.9998,13,LULA,PT,2508777,,,,,
2022,2,presidente,PA,,2022-10-31T00:56:10.000Z,,0.9998,22,JAIR BOLSONARO,PL,2073525,,,,,
2022,2,presidente,PA,,2022-10-31T00:56:10.000Z,,0.9998,13,LULA,PT,2508777,,,,,
2022,2,presidente,PA,,2022-10-31T00:58:10.000Z,,0.9998,22,JAIR BOLSONARO,PL,2073525,,,,,
2022,2,presidente,PA,,2022-10-31T00:58:10.000Z,,0.9998,13,LULA,PT,2508777,,,,,
2022,2,presidente,PA,,2022-10-31T01:00:11.000Z,,0.9998,22,JAIR BOLSONARO,PL,2073525,,,,,
2022,2,presidente,PA,,2022-10-31T01:00:11.000Z,,0.9998,13,LULA,PT,2508777,,,,,
2022,2,presidente,PA,,2022-10-31T01:02:11.000Z,,0.9998,22,JAIR BOLSONARO,PL,2073525,,,,,
2022,2,presidente,PA,,2022-10-31T01:02:11.000Z,,0.9998,13,LULA,PT,2508777,,,,,
2022,2,presidente,PA,,2022-10-31T01:04:01.000Z,,0.9998,22,JAIR BOLSONARO,PL,2073525,,,,,
2022,2,presidente,PA,,2022-10-31T01:04:01.000Z,,0.9998,13,LULA,PT,2508777,,,,,
2022,2,presidente,PA,,2022-10-31T01:05:35.000Z,,0.9998,22,JAIR BOLSONARO,PL,2073525,,,,,
2022,2,presidente,PA,,2022-10-31T01:05:35.000Z,,0.9998,13,LULA,PT,2508777,,,,,
2022,2,presidente,PA,,2022-10-31T01:07:40.000Z,,0.9998,22,JAIR BOLSONARO,PL,2073525,,,,,
2022,2,presidente,PA,,2022-10-31T01:07:40.000Z,,0.9998,13,LULA,PT,2508777,,,,,
2022,2,presidente,PA,,2022-10-31T01:09:28.000Z,,0.9998,22,JAIR BOLSONARO,PL,2073525,,,,,
2022,2,presidente,PA,,2022-10-31T01:09:28.000Z,,0.9998,13,LULA,PT,2508777,,,,,
2022,2,presidente,PA,,2022-10-31T01:11:31.000Z,,0.9998,22,JAIR BOLSONARO,PL,2073525,,,,,
2022,2,presidente,PA,,2022-10-31T01:11:31.000Z,,0.9998,13,LULA,PT,2508777,,,,,
2022,2,presidente,PA,,2022-10-31T01:13:19.000Z,,0.9998,22,JAIR BOLSONARO,PL,2073525,,,,,
2022,2,presidente,PA,,2022-10-31T01:13:19.000Z,,0.9998,13,LULA,PT,2508777,,,,,
2022,2,presidente,PA,,2022-10-31T01:15:16.000Z,,0.9998,22,JAIR BOLSONARO,PL,2073525,,,,,
2022,2,presidente,PA,,2022-10-31T01:15:16.000Z,,0.9998,13,LULA,PT,2508777,,,,,
2022,2,presidente,PA,,2022-10-31T01:17:06.000Z,,0.9998,22,JAIR BOLSONARO,PL,2073525,,,,,
2022,2,presidente,PA,,2022-10-31T01:17:06.000Z,,0.9998,13,LULA,PT,2508777,,,,,
2022,2,presidente,PA,,2022-10-31T01:19:02.000Z,,0.9998,22,JAIR BOLSONARO,PL,2073525,,,,,
2022,2,presidente,PA,,2022-10-31T01:19:02.000Z,,0.9998,13,LULA,PT,2508777,,,,,
2022,2,presidente,PA,,2022-10-31T01:20:51.000Z,,0.9998,22,JAIR BOLSONARO,PL,2073525,,,,,
2022,2,presidente,PA,,2022-10-31T01:20:51.000Z,,0.9998,13,LULA,PT,2508777,,,,,
2022,2,presidente,PA,,2022-10-31T01:34:33.000Z,,0.9998,22,JAIR BOLSONARO,PL,2073525,,,,,
2022,2,presidente,PA,,2022-10-31T01:34:33.000Z,,0.9998,13,LULA,PT,2508777,,,,,
2022,2,presidente,PA,,2022-10-31T01:37:17.000Z,,0.9998,22,JAIR BOLSONARO,PL,2073525,,,,,
2022,2,presidente,PA,,2022-10-31T01:37:17.000Z,,0.9998,13,LULA,PT,2508777,,,,,
2022,2,presidente,PA,,2022-10-31T01:39:23.000Z,,0.9998,22,JAIR BOLSONARO,PL,2073525,,,,,
2022,2,presidente,PA,,2022-10-31T01:39:23.000Z,,0.9998,13,LULA,PT,2508777,,,,,
2022,2,presidente,PA,,2022-10-31T01:42:19.000Z,,0.9998,22,JAIR BOLSONARO,PL,2073525,,,,,
2022,2,presidente,PA,,2022-10-31T01:42:19.000Z,,0.9998,13,LULA,PT,2508777,,,,,
2022,2,presidente,PA,,2022-10-31T01:44:41.000Z,,0.9998,22,JAIR BOLSONARO,PL,2073621,,,,,
2022,2,presidente,PA,,2022-10-31T01:44:41.000Z,,0.9998,13,LULA,PT,2508853,,,,,
2022,2,presidente,PA,,2022-10-31T01:47:16.000Z,,0.9999,22,JAIR BOLSONARO,PL,2073724,,,,,
2022,2,presidente,PA,,2022-10-31T01:47:16.000Z,,0.9999,13,LULA,PT,2508928,,,,,
2022,2,presidente,PA,,2022-10-31T01:49:44.000Z,,0.9999,22,JAIR BOLSONARO,PL,2073724,,,,,
2022,2,presidente,PA,,2022-10-31T01:49:44.000Z,,0.9999,13,LULA,PT,2508928,,,,,
2022,2,presidente,PA,,2022-10-31T01:51:10.000Z,,0.9999,22,JAIR BOLSONARO,PL,2073724,,,,,
2022,2,presidente,PA,,2022-10-31T01:51:10.000Z,,0.9999,13,LULA,PT,2508928,,,,,
2022,2,presidente,PA,,2022-10-31T01:53:15.000Z,,0.9999,22,JAIR BOLSONARO,PL,2073724,,,,,
2022,2,presidente,PA,,2022-10-31T01:53:15.000Z,,0.9999,13,LULA,PT,2508928,,,,,
2022,2,presidente,PA,,2022-10-31T01:55:28.000Z,,0.9999,22,JAIR BOLSONARO,PL,2073824,,,,,
2022,2,presidente,PA,,2022-10-31T01:55:28.000Z,,0.9999,13,LULA,PT,2508996,,,,,
2022,2,presidente,PA,,2022-10-31T01:57:37.000Z,,1,22,JAIR BOLSONARO,PL,2073895,,,,,
2022,2,presidente,PA,,2022-10-31T01:57:37.000Z,,1,13,LULA,PT,2509084,,,,,
2022,2,presidente,PB,,2022-10-30T20:09:41.000Z,,0.0005,22,JAIR BOLSONARO,PL,557,,,,,
2022,2,presidente,PB,,2022-10-30T20:09:41.000Z,,0.0005,13,LULA,PT,688,,,,,
2022,2,presidente,PB,,2022-10-30T20:10:52.000Z,,0.0014,22,JAIR BOLSONARO,PL,1505,,,,,
2022,2,presidente,PB,,2022-10-30T20:10:52.000Z,,0.0014,13,LULA,PT,2027,,,,,
2022,2,presidente,PB,,2022-10-30T20:12:03.000Z,,0.0022,22,JAIR BOLSONARO,PL,2404,,,,,
2022,2,presidente,PB,,2022-10-30T20:12:03.000Z,,0.0022,13,LULA,PT,3376,,,,,
2022,2,presidente,PB,,2022-10-30T20:13:10.000Z,,0.0032,22,JAIR BOLSONARO,PL,3596,,,,,
2022,2,presidente,PB,,2022-10-30T20:13:10.000Z,,0.0032,13,LULA,PT,5053,,,,,
2022,2,presidente,PB,,2022-10-30T20:14:17.000Z,,0.005,22,JAIR BOLSONARO,PL,5768,,,,,
2022,2,presidente,PB,,2022-10-30T20:14:17.000Z,,0.005,13,LULA,PT,7745,,,,,
2022,2,presidente,PB,,2022-10-30T20:15:32.000Z,,0.0064,22,JAIR BOLSONARO,PL,7186,,,,,
2022,2,presidente,PB,,2022-10-30T20:15:32.000Z,,0.0064,13,LULA,PT,9781,,,,,
2022,2,presidente,PB,,2022-10-30T20:16:38.000Z,,0.0099,22,JAIR BOLSONARO,PL,10166,,,,,
2022,2,presidente,PB,,2022-10-30T20:16:38.000Z,,0.0099,13,LULA,PT,15762,,,,,
2022,2,presidente,PB,,2022-10-30T20:17:44.000Z,,0.0135,22,JAIR BOLSONARO,PL,14126,,,,,
2022,2,presidente,PB,,2022-10-30T20:17:44.000Z,,0.0135,13,LULA,PT,21320,,,,,
2022,2,presidente,PB,,2022-10-30T20:18:56.000Z,,0.0162,22,JAIR BOLSONARO,PL,16690,,,,,
2022,2,presidente,PB,,2022-10-30T20:18:56.000Z,,0.0162,13,LULA,PT,25759,,,,,
2022,2,presidente,PB,,2022-10-30T20:20:07.000Z,,0.0207,22,JAIR BOLSONARO,PL,20750,,,,,
2022,2,presidente,PB,,2022-10-30T20:20:07.000Z,,0.0207,13,LULA,PT,33264,,,,,
2022,2,presidente,PB,,2022-10-30T20:21:17.000Z,,0.0394,22,JAIR BOLSONARO,PL,39005,,,,,
2022,2,presidente,PB,,2022-10-30T20:21:17.000Z,,0.0394,13,LULA,PT,63982,,,,,
2022,2,presidente,PB,,2022-10-30T20:22:34.000Z,,0.0394,22,JAIR BOLSONARO,PL,39005,,,,,
2022,2,presidente,PB,,2022-10-30T20:22:34.000Z,,0.0394,13,LULA,PT,63982,,,,,
2022,2,presidente,PB,,2022-10-30T20:23:44.000Z,,0.0607,22,JAIR BOLSONARO,PL,56718,,,,,
2022,2,presidente,PB,,2022-10-30T20:23:44.000Z,,0.0607,13,LULA,PT,99282,,,,,
2022,2,presidente,PB,,2022-10-30T20:25:06.000Z,,0.0699,22,JAIR BOLSONARO,PL,64459,,,,,
2022,2,presidente,PB,,2022-10-30T20:25:06.000Z,,0.0699,13,LULA,PT,114228,,,,,
2022,2,presidente,PB,,2022-10-30T20:26:12.000Z,,0.0809,22,JAIR BOLSONARO,PL,73219,,,,,
2022,2,presidente,PB,,2022-10-30T20:26:12.000Z,,0.0809,13,LULA,PT,132533,,,,,
2022,2,presidente,PB,,2022-10-30T20:27:19.000Z,,0.0976,22,JAIR BOLSONARO,PL,87354,,,,,
2022,2,presidente,PB,,2022-10-30T20:27:19.000Z,,0.0976,13,LULA,PT,159841,,,,,
2022,2,presidente,PB,,2022-10-30T20:28:25.000Z,,0.1147,22,JAIR BOLSONARO,PL,100465,,,,,
2022,2,presidente,PB,,2022-10-30T20:28:25.000Z,,0.1147,13,LULA,PT,188443,,,,,
2022,2,presidente,PB,,2022-10-30T20:29:36.000Z,,0.1254,22,JAIR BOLSONARO,PL,108303,,,,,
2022,2,presidente,PB,,2022-10-30T20:29:36.000Z,,0.1254,13,LULA,PT,205383,,,,,
2022,2,presidente,PB,,2022-10-30T20:30:43.000Z,,0.1385,22,JAIR BOLSONARO,PL,119322,,,,,
2022,2,presidente,PB,,2022-10-30T20:30:43.000Z,,0.1385,13,LULA,PT,226552,,,,,
2022,2,presidente,PB,,2022-10-30T20:31:59.000Z,,0.1573,22,JAIR BOLSONARO,PL,134439,,,,,
2022,2,presidente,PB,,2022-10-30T20:31:59.000Z,,0.1573,13,LULA,PT,257801,,,,,
2022,2,presidente,PB,,2022-10-30T20:33:11.000Z,,0.1833,22,JAIR BOLSONARO,PL,152678,,,,,
2022,2,presidente,PB,,2022-10-30T20:33:11.000Z,,0.1833,13,LULA,PT,301323,,,,,
2022,2,presidente,PB,,2022-10-30T20:34:24.000Z,,0.1989,22,JAIR BOLSONARO,PL,163576,,,,,
2022,2,presidente,PB,,2022-10-30T20:34:24.000Z,,0.1989,13,LULA,PT,326660,,,,,
2022,2,presidente,PB,,2022-10-30T20:35:41.000Z,,0.2114,22,JAIR BOLSONARO,PL,173030,,,,,
2022,2,presidente,PB,,2022-10-30T20:35:41.000Z,,0.2114,13,LULA,PT,346301,,,,,
2022,2,presidente,PB,,2022-10-30T20:36:49.000Z,,0.2218,22,JAIR BOLSONARO,PL,180513,,,,,
2022,2,presidente,PB,,2022-10-30T20:36:49.000Z,,0.2218,13,LULA,PT,364681,,,,,
2022,2,presidente,PB,,2022-10-30T20:37:57.000Z,,0.2409,22,JAIR BOLSONARO,PL,193575,,,,,
2022,2,presidente,PB,,2022-10-30T20:37:57.000Z,,0.2409,13,LULA,PT,395716,,,,,
2022,2,presidente,PB,,2022-10-30T20:39:08.000Z,,0.2543,22,JAIR BOLSONARO,PL,201749,,,,,
2022,2,presidente,PB,,2022-10-30T20:39:08.000Z,,0.2543,13,LULA,PT,418215,,,,,
2022,2,presidente,PB,,2022-10-30T20:40:13.000Z,,0.2809,22,JAIR BOLSONARO,PL,220844,,,,,
2022,2,presidente,PB,,2022-10-30T20:40:13.000Z,,0.2809,13,LULA,PT,462190,,,,,
2022,2,presidente,PB,,2022-10-30T20:41:24.000Z,,0.2955,22,JAIR BOLSONARO,PL,232966,,,,,
2022,2,presidente,PB,,2022-10-30T20:41:24.000Z,,0.2955,13,LULA,PT,485481,,,,,
2022,2,presidente,PB,,2022-10-30T20:42:31.000Z,,0.2955,22,JAIR BOLSONARO,PL,232966,,,,,
2022,2,presidente,PB,,2022-10-30T20:42:31.000Z,,0.2955,13,LULA,PT,485481,,,,,
2022,2,presidente,PB,,2022-10-30T20:43:37.000Z,,0.3061,22,JAIR BOLSONARO,PL,240101,,,,,
2022,2,presidente,PB,,2022-10-30T20:43:37.000Z,,0.3061,13,LULA,PT,502701,,,,,
2022,2,presidente,PB,,2022-10-30T20:44:52.000Z,,0.3166,22,JAIR BOLSONARO,PL,247330,,,,,
2022,2,presidente,PB,,2022-10-30T20:44:52.000Z,,0.3166,13,LULA,PT,520042,,,,,
2022,2,presidente,PB,,2022-10-30T20:46:01.000Z,,0.3456,22,JAIR BOLSONARO,PL,269837,,,,,
2022,2,presidente,PB,,2022-10-30T20:46:01.000Z,,0.3456,13,LULA,PT,568045,,,,,
2022,2,presidente,PB,,2022-10-30T20:47:12.000Z,,0.3579,22,JAIR BOLSONARO,PL,279220,,,,,
2022,2,presidente,PB,,2022-10-30T20:47:12.000Z,,0.3579,13,LULA,PT,588187,,,,,
2022,2,presidente,PB,,2022-10-30T20:48:46.000Z,,0.3732,22,JAIR BOLSONARO,PL,290991,,,,,
2022,2,presidente,PB,,2022-10-30T20:48:46.000Z,,0.3732,13,LULA,PT,611664,,,,,
2022,2,presidente,PB,,2022-10-30T20:50:01.000Z,,0.4041,22,JAIR BOLSONARO,PL,315339,,,,,
2022,2,presidente,PB,,2022-10-30T20:50:01.000Z,,0.4041,13,LULA,PT,662189,,,,,
2022,2,presidente,PB,,2022-10-30T20:51:14.000Z,,0.4146,22,JAIR BOLSONARO,PL,323053,,,,,
2022,2,presidente,PB,,2022-10-30T20:51:14.000Z,,0.4146,13,LULA,PT,679287,,,,,
2022,2,presidente,PB,,2022-10-30T20:52:27.000Z,,0.4276,22,JAIR BOLSONARO,PL,331400,,,,,
2022,2,presidente,PB,,2022-10-30T20:52:27.000Z,,0.4276,13,LULA,PT,700148,,,,,
2022,2,presidente,PB,,2022-10-30T20:53:45.000Z,,0.4428,22,JAIR BOLSONARO,PL,343369,,,,,
2022,2,presidente,PB,,2022-10-30T20:53:45.000Z,,0.4428,13,LULA,PT,724720,,,,,
2022,2,presidente,PB,,2022-10-30T20:55:02.000Z,,0.4635,22,JAIR BOLSONARO,PL,357525,,,,,
2022,2,presidente,PB,,2022-10-30T20:55:02.000Z,,0.4635,13,LULA,PT,757304,,,,,
2022,2,presidente,PB,,2022-10-30T20:56:25.000Z,,0.4743,22,JAIR BOLSONARO,PL,364454,,,,,
2022,2,presidente,PB,,2022-10-30T20:56:25.000Z,,0.4743,13,LULA,PT,773909,,,,,
2022,2,presidente,PB,,2022-10-30T20:57:48.000Z,,0.4817,22,JAIR BOLSONARO,PL,371266,,,,,
2022,2,presidente,PB,,2022-10-30T20:57:48.000Z,,0.4817,13,LULA,PT,785502,,,,,
2022,2,presidente,PB,,2022-10-30T20:59:11.000Z,,0.5149,22,JAIR BOLSONARO,PL,397087,,,,,
2022,2,presidente,PB,,2022-10-30T20:59:11.000Z,,0.5149,13,LULA,PT,838777,,,,,
2022,2,presidente,PB,,2022-10-30T21:00:22.000Z,,0.5309,22,JAIR BOLSONARO,PL,409130,,,,,
2022,2,presidente,PB,,2022-10-30T21:00:22.000Z,,0.5309,13,LULA,PT,864258,,,,,
2022,2,presidente,PB,,2022-10-30T21:01:53.000Z,,0.5486,22,JAIR BOLSONARO,PL,422857,,,,,
2022,2,presidente,PB,,2022-10-30T21:01:53.000Z,,0.5486,13,LULA,PT,894036,,,,,
2022,2,presidente,PB,,2022-10-30T21:03:11.000Z,,0.5723,22,JAIR BOLSONARO,PL,443342,,,,,
2022,2,presidente,PB,,2022-10-30T21:03:11.000Z,,0.5723,13,LULA,PT,929314,,,,,
2022,2,presidente,PB,,2022-10-30T21:04:31.000Z,,0.5794,22,JAIR BOLSONARO,PL,450022,,,,,
2022,2,presidente,PB,,2022-10-30T21:04:31.000Z,,0.5794,13,LULA,PT,941122,,,,,
2022,2,presidente,PB,,2022-10-30T21:05:37.000Z,,0.5916,22,JAIR BOLSONARO,PL,459744,,,,,
2022,2,presidente,PB,,2022-10-30T21:05:37.000Z,,0.5916,13,LULA,PT,960711,,,,,
2022,2,presidente,PB,,2022-10-30T21:06:56.000Z,,0.61,22,JAIR BOLSONARO,PL,475028,,,,,
2022,2,presidente,PB,,2022-10-30T21:06:56.000Z,,0.61,13,LULA,PT,989260,,,,,
2022,2,presidente,PB,,2022-10-30T21:08:13.000Z,,0.6264,22,JAIR BOLSONARO,PL,491650,,,,,
2022,2,presidente,PB,,2022-10-30T21:08:13.000Z,,0.6264,13,LULA,PT,1014276,,,,,
2022,2,presidente,PB,,2022-10-30T21:09:35.000Z,,0.6439,22,JAIR BOLSONARO,PL,504772,,,,,
2022,2,presidente,PB,,2022-10-30T21:09:35.000Z,,0.6439,13,LULA,PT,1042352,,,,,
2022,2,presidente,PB,,2022-10-30T21:10:45.000Z,,0.6489,22,JAIR BOLSONARO,PL,509639,,,,,
2022,2,presidente,PB,,2022-10-30T21:10:45.000Z,,0.6489,13,LULA,PT,1049824,,,,,
2022,2,presidente,PB,,2022-10-30T21:12:14.000Z,,0.666,22,JAIR BOLSONARO,PL,523418,,,,,
2022,2,presidente,PB,,2022-10-30T21:12:14.000Z,,0.666,13,LULA,PT,1077020,,,,,
2022,2,presidente,PB,,2022-10-30T21:13:30.000Z,,0.6823,22,JAIR BOLSONARO,PL,537575,,,,,
2022,2,presidente,PB,,2022-10-30T21:13:30.000Z,,0.6823,13,LULA,PT,1101743,,,,,
2022,2,presidente,PB,,2022-10-30T21:14:40.000Z,,0.6906,22,JAIR BOLSONARO,PL,544203,,,,,
2022,2,presidente,PB,,2022-10-30T21:14:40.000Z,,0.6906,13,LULA,PT,1115111,,,,,
2022,2,presidente,PB,,2022-10-30T21:16:07.000Z,,0.7114,22,JAIR BOLSONARO,PL,561558,,,,,
2022,2,presidente,PB,,2022-10-30T21:16:07.000Z,,0.7114,13,LULA,PT,1144993,,,,,
2022,2,presidente,PB,,2022-10-30T21:17:27.000Z,,0.7199,22,JAIR BOLSONARO,PL,569363,,,,,
2022,2,presidente,PB,,2022-10-30T21:17:27.000Z,,0.7199,13,LULA,PT,1158558,,,,,
2022,2,presidente,PB,,2022-10-30T21:18:49.000Z,,0.7298,22,JAIR BOLSONARO,PL,579292,,,,,
2022,2,presidente,PB,,2022-10-30T21:18:49.000Z,,0.7298,13,LULA,PT,1172958,,,,,
2022,2,presidente,PB,,2022-10-30T21:20:18.000Z,,0.7527,22,JAIR BOLSONARO,PL,600985,,,,,
2022,2,presidente,PB,,2022-10-30T21:20:18.000Z,,0.7527,13,LULA,PT,1206867,,,,,
2022,2,presidente,PB,,2022-10-30T21:21:39.000Z,,0.762,22,JAIR BOLSONARO,PL,609058,,,,,
2022,2,presidente,PB,,2022-10-30T21:21:39.000Z,,0.762,13,LULA,PT,1222241,,,,,
2022,2,presidente,PB,,2022-10-30T21:23:02.000Z,,0.7679,22,JAIR BOLSONARO,PL,614996,,,,,
2022,2,presidente,PB,,2022-10-30T21:23:02.000Z,,0.7679,13,LULA,PT,1231550,,,,,
2022,2,presidente,PB,,2022-10-30T21:24:27.000Z,,0.7895,22,JAIR BOLSONARO,PL,636080,,,,,
2022,2,presidente,PB,,2022-10-30T21:24:27.000Z,,0.7895,13,LULA,PT,1265390,,,,,
2022,2,presidente,PB,,2022-10-30T21:25:51.000Z,,0.7895,22,JAIR BOLSONARO,PL,636080,,,,,
2022,2,presidente,PB,,2022-10-30T21:25:51.000Z,,0.7895,13,LULA,PT,1265390,,,,,
2022,2,presidente,PB,,2022-10-30T21:27:22.000Z,,0.8142,22,JAIR BOLSONARO,PL,660472,,,,,
2022,2,presidente,PB,,2022-10-30T21:27:22.000Z,,0.8142,13,LULA,PT,1302489,,,,,
2022,2,presidente,PB,,2022-10-30T21:28:43.000Z,,0.8263,22,JAIR BOLSONARO,PL,673379,,,,,
2022,2,presidente,PB,,2022-10-30T21:28:43.000Z,,0.8263,13,LULA,PT,1319570,,,,,
2022,2,presidente,PB,,2022-10-30T21:30:06.000Z,,0.8474,22,JAIR BOLSONARO,PL,694414,,,,,
2022,2,presidente,PB,,2022-10-30T21:30:06.000Z,,0.8474,13,LULA,PT,1351842,,,,,
2022,2,presidente,PB,,2022-10-30T21:31:37.000Z,,0.8571,22,JAIR BOLSONARO,PL,702916,,,,,
2022,2,presidente,PB,,2022-10-30T21:31:37.000Z,,0.8571,13,LULA,PT,1367803,,,,,
2022,2,presidente,PB,,2022-10-30T21:33:03.000Z,,0.8626,22,JAIR BOLSONARO,PL,707655,,,,,
2022,2,presidente,PB,,2022-10-30T21:33:03.000Z,,0.8626,13,LULA,PT,1376627,,,,,
2022,2,presidente,PB,,2022-10-30T21:34:22.000Z,,0.8693,22,JAIR BOLSONARO,PL,711863,,,,,
2022,2,presidente,PB,,2022-10-30T21:34:22.000Z,,0.8693,13,LULA,PT,1388359,,,,,
2022,2,presidente,PB,,2022-10-30T21:35:43.000Z,,0.884,22,JAIR BOLSONARO,PL,723901,,,,,
2022,2,presidente,PB,,2022-10-30T21:35:43.000Z,,0.884,13,LULA,PT,1413013,,,,,
2022,2,presidente,PB,,2022-10-30T21:37:02.000Z,,0.8915,22,JAIR BOLSONARO,PL,729666,,,,,
2022,2,presidente,PB,,2022-10-30T21:37:02.000Z,,0.8915,13,LULA,PT,1425129,,,,,
2022,2,presidente,PB,,2022-10-30T21:38:33.000Z,,0.8989,22,JAIR BOLSONARO,PL,735026,,,,,
2022,2,presidente,PB,,2022-10-30T21:38:33.000Z,,0.8989,13,LULA,PT,1436962,,,,,
2022,2,presidente,PB,,2022-10-30T21:40:04.000Z,,0.9089,22,JAIR BOLSONARO,PL,742179,,,,,
2022,2,presidente,PB,,2022-10-30T21:40:04.000Z,,0.9089,13,LULA,PT,1452010,,,,,
2022,2,presidente,PB,,2022-10-30T21:41:34.000Z,,0.9125,22,JAIR BOLSONARO,PL,745380,,,,,
2022,2,presidente,PB,,2022-10-30T21:41:34.000Z,,0.9125,13,LULA,PT,1458300,,,,,
2022,2,presidente,PB,,2022-10-30T21:42:59.000Z,,0.9185,22,JAIR BOLSONARO,PL,748912,,,,,
2022,2,presidente,PB,,2022-10-30T21:42:59.000Z,,0.9185,13,LULA,PT,1469364,,,,,
2022,2,presidente,PB,,2022-10-30T21:44:18.000Z,,0.9343,22,JAIR BOLSONARO,PL,759581,,,,,
2022,2,presidente,PB,,2022-10-30T21:44:18.000Z,,0.9343,13,LULA,PT,1495440,,,,,
2022,2,presidente,PB,,2022-10-30T21:45:38.000Z,,0.9406,22,JAIR BOLSONARO,PL,763639,,,,,
2022,2,presidente,PB,,2022-10-30T21:45:38.000Z,,0.9406,13,LULA,PT,1505930,,,,,
2022,2,presidente,PB,,2022-10-30T21:46:59.000Z,,0.9505,22,JAIR BOLSONARO,PL,769683,,,,,
2022,2,presidente,PB,,2022-10-30T21:46:59.000Z,,0.9505,13,LULA,PT,1521565,,,,,
2022,2,presidente,PB,,2022-10-30T21:48:18.000Z,,0.9592,22,JAIR BOLSONARO,PL,775915,,,,,
2022,2,presidente,PB,,2022-10-30T21:48:18.000Z,,0.9592,13,LULA,PT,1534957,,,,,
2022,2,presidente,PB,,2022-10-30T21:49:50.000Z,,0.9648,22,JAIR BOLSONARO,PL,779288,,,,,
2022,2,presidente,PB,,2022-10-30T21:49:50.000Z,,0.9648,13,LULA,PT,1544362,,,,,
2022,2,presidente,PB,,2022-10-30T21:51:33.000Z,,0.9733,22,JAIR BOLSONARO,PL,785054,,,,,
2022,2,presidente,PB,,2022-10-30T21:51:33.000Z,,0.9733,13,LULA,PT,1558001,,,,,
2022,2,presidente,PB,,2022-10-30T21:53:07.000Z,,0.9758,22,JAIR BOLSONARO,PL,787380,,,,,
2022,2,presidente,PB,,2022-10-30T21:53:07.000Z,,0.9758,13,LULA,PT,1562117,,,,,
2022,2,presidente,PB,,2022-10-30T21:54:33.000Z,,0.9807,22,JAIR BOLSONARO,PL,791458,,,,,
2022,2,presidente,PB,,2022-10-30T21:54:33.000Z,,0.9807,13,LULA,PT,1569995,,,,,
2022,2,presidente,PB,,2022-10-30T21:55:58.000Z,,0.983,22,JAIR BOLSONARO,PL,792892,,,,,
2022,2,presidente,PB,,2022-10-30T21:55:58.000Z,,0.983,13,LULA,PT,1573800,,,,,
2022,2,presidente,PB,,2022-10-30T21:57:30.000Z,,0.9842,22,JAIR BOLSONARO,PL,793614,,,,,
2022,2,presidente,PB,,2022-10-30T21:57:30.000Z,,0.9842,13,LULA,PT,1575322,,,,,
2022,2,presidente,PB,,2022-10-30T21:59:06.000Z,,0.9882,22,JAIR BOLSONARO,PL,796458,,,,,
2022,2,presidente,PB,,2022-10-30T21:59:06.000Z,,0.9882,13,LULA,PT,1581890,,,,,
2022,2,presidente,PB,,2022-10-30T22:00:32.000Z,,0.9897,22,JAIR BOLSONARO,PL,797363,,,,,
2022,2,presidente,PB,,2022-10-30T22:00:32.000Z,,0.9897,13,LULA,PT,1584108,,,,,
2022,2,presidente,PB,,2022-10-30T22:02:09.000Z,,0.9915,22,JAIR BOLSONARO,PL,798544,,,,,
2022,2,presidente,PB,,2022-10-30T22:02:09.000Z,,0.9915,13,LULA,PT,1587011,,,,,
2022,2,presidente,PB,,2022-10-30T22:03:33.000Z,,0.9926,22,JAIR BOLSONARO,PL,799092,,,,,
2022,2,presidente,PB,,2022-10-30T22:03:33.000Z,,0.9926,13,LULA,PT,1588907,,,,,
2022,2,presidente,PB,,2022-10-30T22:05:01.000Z,,0.993,22,JAIR BOLSONARO,PL,799232,,,,,
2022,2,presidente,PB,,2022-10-30T22:05:01.000Z,,0.993,13,LULA,PT,1589517,,,,,
2022,2,presidente,PB,,2022-10-30T22:06:19.000Z,,0.9938,22,JAIR BOLSONARO,PL,799570,,,,,
2022,2,presidente,PB,,2022-10-30T22:06:19.000Z,,0.9938,13,LULA,PT,1590855,,,,,
2022,2,presidente,PB,,2022-10-30T22:07:52.000Z,,0.9944,22,JAIR BOLSONARO,PL,799894,,,,,
2022,2,presidente,PB,,2022-10-30T22:07:52.000Z,,0.9944,13,LULA,PT,1591952,,,,,
2022,2,presidente,PB,,2022-10-30T22:09:14.000Z,,0.9946,22,JAIR BOLSONARO,PL,799959,,,,,
2022,2,presidente,PB,,2022-10-30T22:09:14.000Z,,0.9946,13,LULA,PT,1592378,,,,,
2022,2,presidente,PB,,2022-10-30T22:10:40.000Z,,0.995,22,JAIR BOLSONARO,PL,800240,,,,,
2022,2,presidente,PB,,2022-10-30T22:10:40.000Z,,0.995,13,LULA,PT,1593144,,,,,
2022,2,presidente,PB,,2022-10-30T22:12:26.000Z,,0.996,22,JAIR BOLSONARO,PL,800747,,,,,
2022,2,presidente,PB,,2022-10-30T22:12:26.000Z,,0.996,13,LULA,PT,1595030,,,,,
2022,2,presidente,PB,,2022-10-30T22:14:09.000Z,,0.997,22,JAIR BOLSONARO,PL,801138,,,,,
2022,2,presidente,PB,,2022-10-30T22:14:09.000Z,,0.997,13,LULA,PT,1596627,,,,,
2022,2,presidente,PB,,2022-10-30T22:15:50.000Z,,0.9973,22,JAIR BOLSONARO,PL,801348,,,,,
2022,2,presidente,PB,,2022-10-30T22:15:50.000Z,,0.9973,13,LULA,PT,1597197,,,,,
2022,2,presidente,PB,,2022-10-30T22:17:33.000Z,,0.9979,22,JAIR BOLSONARO,PL,801583,,,,,
2022,2,presidente,PB,,2022-10-30T22:17:33.000Z,,0.9979,13,LULA,PT,1598483,,,,,
2022,2,presidente,PB,,2022-10-30T22:19:05.000Z,,0.9984,22,JAIR BOLSONARO,PL,801692,,,,,
2022,2,presidente,PB,,2022-10-30T22:19:05.000Z,,0.9984,13,LULA,PT,1599429,,,,,
2022,2,presidente,PB,,2022-10-30T22:20:51.000Z,,0.9986,22,JAIR BOLSONARO,PL,801775,,,,,
2022,2,presidente,PB,,2022-10-30T22:20:51.000Z,,0.9986,13,LULA,PT,1599701,,,,,
2022,2,presidente,PB,,2022-10-30T22:22:25.000Z,,0.9989,22,JAIR BOLSONARO,PL,801923,,,,,
2022,2,presidente,PB,,2022-10-30T22:22:25.000Z,,0.9989,13,LULA,PT,1600091,,,,,
2022,2,presidente,PB,,2022-10-30T22:23:52.000Z,,0.9989,22,JAIR BOLSONARO,PL,801923,,,,,
2022,2,presidente,PB,,2022-10-30T22:23:52.000Z,,0.9989,13,LULA,PT,1600091,,,,,
2022,2,presidente,PB,,2022-10-30T22:25:40.000Z,,0.9995,22,JAIR BOLSONARO,PL,802267,,,,,
2022,2,presidente,PB,,2022-10-30T22:25:40.000Z,,0.9995,13,LULA,PT,1600971,,,,,
2022,2,presidente,PB,,2022-10-30T22:27:30.000Z,,0.9996,22,JAIR BOLSONARO,PL,802312,,,,,
2022,2,presidente,PB,,2022-10-30T22:27:30.000Z,,0.9996,13,LULA,PT,1601188,,,,,
2022,2,presidente,PB,,2022-10-30T22:29:09.000Z,,0.9998,22,JAIR BOLSONARO,PL,802353,,,,,
2022,2,presidente,PB,,2022-10-30T22:29:09.000Z,,0.9998,13,LULA,PT,1601560,,,,,
2022,2,presidente,PB,,2022-10-30T22:30:54.000Z,,0.9998,22,JAIR BOLSONARO,PL,802353,,,,,
2022,2,presidente,PB,,2022-10-30T22:30:54.000Z,,0.9998,13,LULA,PT,1601560,,,,,
2022,2,presidente,PB,,2022-10-30T22:32:32.000Z,,0.9998,22,JAIR BOLSONARO,PL,802353,,,,,
2022,2,presidente,PB,,2022-10-30T22:32:32.000Z,,0.9998,13,LULA,PT,1601560,,,,,
2022,2,presidente,PB,,2022-10-30T22:34:16.000Z,,0.9998,22,JAIR BOLSONARO,PL,802353,,,,,
2022,2,presidente,PB,,2022-10-30T22:34:16.000Z,,0.9998,13,LULA,PT,1601560,,,,,
2022,2,presidente,PB,,2022-10-30T22:36:02.000Z,,0.9998,22,JAIR BOLSONARO,PL,802353,,,,,
2022,2,presidente,PB,,2022-10-30T22:36:02.000Z,,0.9998,13,LULA,PT,1601560,,,,,
2022,2,presidente,PB,,2022-10-30T22:38:12.000Z,,0.9998,22,JAIR BOLSONARO,PL,802353,,,,,
2022,2,presidente,PB,,2022-10-30T22:38:12.000Z,,0.9998,13,LULA,PT,1601560,,,,,
2022,2,presidente,PB,,2022-10-30T22:39:44.000Z,,0.9999,22,JAIR BOLSONARO,PL,802405,,,,,
2022,2,presidente,PB,,2022-10-30T22:39:44.000Z,,0.9999,13,LULA,PT,1601738,,,,,
2022,2,presidente,PB,,2022-10-30T22:41:26.000Z,,0.9999,22,JAIR BOLSONARO,PL,802405,,,,,
2022,2,presidente,PB,,2022-10-30T22:41:26.000Z,,0.9999,13,LULA,PT,1601738,,,,,
2022,2,presidente,PB,,2022-10-30T22:43:06.000Z,,0.9999,22,JAIR BOLSONARO,PL,802405,,,,,
2022,2,presidente,PB,,2022-10-30T22:43:06.000Z,,0.9999,13,LULA,PT,1601738,,,,,
2022,2,presidente,PB,,2022-10-30T22:44:40.000Z,,0.9999,22,JAIR BOLSONARO,PL,802405,,,,,
2022,2,presidente,PB,,2022-10-30T22:44:40.000Z,,0.9999,13,LULA,PT,1601738,,,,,
2022,2,presidente,PB,,2022-10-30T22:46:37.000Z,,1,22,JAIR BOLSONARO,PL,802502,,,,,
2022,2,presidente,PB,,2022-10-30T22:46:37.000Z,,1,13,LULA,PT,1601953,,,,,
2022,2,presidente,PE,,2022-10-30T20:09:40.000Z,,0.0001,22,JAIR BOLSONARO,PL,141,,,,,
2022,2,presidente,PE,,2022-10-30T20:09:40.000Z,,0.0001,13,LULA,PT,131,,,,,
2022,2,presidente,PE,,2022-10-30T20:10:51.000Z,,0.0001,22,JAIR BOLSONARO,PL,141,,,,,
2022,2,presidente,PE,,2022-10-30T20:10:51.000Z,,0.0001,13,LULA,PT,131,,,,,
2022,2,presidente,PE,,2022-10-30T20:12:02.000Z,,0.0001,22,JAIR BOLSONARO,PL,141,,,,,
2022,2,presidente,PE,,2022-10-30T20:12:02.000Z,,0.0001,13,LULA,PT,131,,,,,
2022,2,presidente,PE,,2022-10-30T20:13:09.000Z,,0.0001,22,JAIR BOLSONARO,PL,141,,,,,
2022,2,presidente,PE,,2022-10-30T20:13:09.000Z,,0.0001,13,LULA,PT,131,,,,,
2022,2,presidente,PE,,2022-10-30T20:14:16.000Z,,0.0001,22,JAIR BOLSONARO,PL,167,,,,,
2022,2,presidente,PE,,2022-10-30T20:14:16.000Z,,0.0001,13,LULA,PT,298,,,,,
2022,2,presidente,PE,,2022-10-30T20:15:31.000Z,,0.0001,22,JAIR BOLSONARO,PL,167,,,,,
2022,2,presidente,PE,,2022-10-30T20:15:31.000Z,,0.0001,13,LULA,PT,298,,,,,
2022,2,presidente,PE,,2022-10-30T20:16:37.000Z,,0.0001,22,JAIR BOLSONARO,PL,215,,,,,
2022,2,presidente,PE,,2022-10-30T20:16:37.000Z,,0.0001,13,LULA,PT,554,,,,,
2022,2,presidente,PE,,2022-10-30T20:17:44.000Z,,0.0003,22,JAIR BOLSONARO,PL,376,,,,,
2022,2,presidente,PE,,2022-10-30T20:17:44.000Z,,0.0003,13,LULA,PT,1201,,,,,
2022,2,presidente,PE,,2022-10-30T20:18:50.000Z,,0.0003,22,JAIR BOLSONARO,PL,376,,,,,
2022,2,presidente,PE,,2022-10-30T20:18:50.000Z,,0.0003,13,LULA,PT,1201,,,,,
2022,2,presidente,PE,,2022-10-30T20:20:06.000Z,,0.0003,22,JAIR BOLSONARO,PL,376,,,,,
2022,2,presidente,PE,,2022-10-30T20:20:06.000Z,,0.0003,13,LULA,PT,1201,,,,,
2022,2,presidente,PE,,2022-10-30T20:21:11.000Z,,0.002,22,JAIR BOLSONARO,PL,2398,,,,,
2022,2,presidente,PE,,2022-10-30T20:21:11.000Z,,0.002,13,LULA,PT,8108,,,,,
2022,2,presidente,PE,,2022-10-30T20:22:33.000Z,,0.003,22,JAIR BOLSONARO,PL,3584,,,,,
2022,2,presidente,PE,,2022-10-30T20:22:33.000Z,,0.003,13,LULA,PT,11769,,,,,
2022,2,presidente,PE,,2022-10-30T20:23:43.000Z,,0.0033,22,JAIR BOLSONARO,PL,4109,,,,,
2022,2,presidente,PE,,2022-10-30T20:23:43.000Z,,0.0033,13,LULA,PT,12989,,,,,
2022,2,presidente,PE,,2022-10-30T20:25:00.000Z,,0.0035,22,JAIR BOLSONARO,PL,4474,,,,,
2022,2,presidente,PE,,2022-10-30T20:25:00.000Z,,0.0035,13,LULA,PT,14369,,,,,
2022,2,presidente,PE,,2022-10-30T20:26:12.000Z,,0.0045,22,JAIR BOLSONARO,PL,5465,,,,,
2022,2,presidente,PE,,2022-10-30T20:26:12.000Z,,0.0045,13,LULA,PT,17761,,,,,
2022,2,presidente,PE,,2022-10-30T20:27:19.000Z,,0.0086,22,JAIR BOLSONARO,PL,12150,,,,,
2022,2,presidente,PE,,2022-10-30T20:27:19.000Z,,0.0086,13,LULA,PT,33704,,,,,
2022,2,presidente,PE,,2022-10-30T20:28:24.000Z,,0.0105,22,JAIR BOLSONARO,PL,15149,,,,,
2022,2,presidente,PE,,2022-10-30T20:28:24.000Z,,0.0105,13,LULA,PT,40700,,,,,
2022,2,presidente,PE,,2022-10-30T20:29:30.000Z,,0.0105,22,JAIR BOLSONARO,PL,15149,,,,,
2022,2,presidente,PE,,2022-10-30T20:29:30.000Z,,0.0105,13,LULA,PT,40700,,,,,
2022,2,presidente,PE,,2022-10-30T20:30:41.000Z,,0.0127,22,JAIR BOLSONARO,PL,18117,,,,,
2022,2,presidente,PE,,2022-10-30T20:30:41.000Z,,0.0127,13,LULA,PT,49248,,,,,
2022,2,presidente,PE,,2022-10-30T20:31:59.000Z,,0.0178,22,JAIR BOLSONARO,PL,24452,,,,,
2022,2,presidente,PE,,2022-10-30T20:31:59.000Z,,0.0178,13,LULA,PT,67867,,,,,
2022,2,presidente,PE,,2022-10-30T20:33:10.000Z,,0.0214,22,JAIR BOLSONARO,PL,29169,,,,,
2022,2,presidente,PE,,2022-10-30T20:33:10.000Z,,0.0214,13,LULA,PT,81452,,,,,
2022,2,presidente,PE,,2022-10-30T20:34:23.000Z,,0.0238,22,JAIR BOLSONARO,PL,32062,,,,,
2022,2,presidente,PE,,2022-10-30T20:34:23.000Z,,0.0238,13,LULA,PT,90544,,,,,
2022,2,presidente,PE,,2022-10-30T20:35:39.000Z,,0.0266,22,JAIR BOLSONARO,PL,36164,,,,,
2022,2,presidente,PE,,2022-10-30T20:35:39.000Z,,0.0266,13,LULA,PT,100719,,,,,
2022,2,presidente,PE,,2022-10-30T20:36:48.000Z,,0.0304,22,JAIR BOLSONARO,PL,42005,,,,,
2022,2,presidente,PE,,2022-10-30T20:36:48.000Z,,0.0304,13,LULA,PT,115176,,,,,
2022,2,presidente,PE,,2022-10-30T20:37:56.000Z,,0.0335,22,JAIR BOLSONARO,PL,46220,,,,,
2022,2,presidente,PE,,2022-10-30T20:37:56.000Z,,0.0335,13,LULA,PT,127159,,,,,
2022,2,presidente,PE,,2022-10-30T20:39:02.000Z,,0.0369,22,JAIR BOLSONARO,PL,51434,,,,,
2022,2,presidente,PE,,2022-10-30T20:39:02.000Z,,0.0369,13,LULA,PT,139558,,,,,
2022,2,presidente,PE,,2022-10-30T20:40:13.000Z,,0.044,22,JAIR BOLSONARO,PL,62605,,,,,
2022,2,presidente,PE,,2022-10-30T20:40:13.000Z,,0.044,13,LULA,PT,166656,,,,,
2022,2,presidente,PE,,2022-10-30T20:41:23.000Z,,0.047,22,JAIR BOLSONARO,PL,66967,,,,,
2022,2,presidente,PE,,2022-10-30T20:41:23.000Z,,0.047,13,LULA,PT,177279,,,,,
2022,2,presidente,PE,,2022-10-30T20:42:30.000Z,,0.0507,22,JAIR BOLSONARO,PL,72332,,,,,
2022,2,presidente,PE,,2022-10-30T20:42:30.000Z,,0.0507,13,LULA,PT,191196,,,,,
2022,2,presidente,PE,,2022-10-30T20:43:36.000Z,,0.0507,22,JAIR BOLSONARO,PL,72332,,,,,
2022,2,presidente,PE,,2022-10-30T20:43:36.000Z,,0.0507,13,LULA,PT,191196,,,,,
2022,2,presidente,PE,,2022-10-30T20:44:49.000Z,,0.0541,22,JAIR BOLSONARO,PL,77365,,,,,
2022,2,presidente,PE,,2022-10-30T20:44:49.000Z,,0.0541,13,LULA,PT,203017,,,,,
2022,2,presidente,PE,,2022-10-30T20:46:00.000Z,,0.0623,22,JAIR BOLSONARO,PL,89093,,,,,
2022,2,presidente,PE,,2022-10-30T20:46:00.000Z,,0.0623,13,LULA,PT,234069,,,,,
2022,2,presidente,PE,,2022-10-30T20:47:09.000Z,,0.0667,22,JAIR BOLSONARO,PL,96519,,,,,
2022,2,presidente,PE,,2022-10-30T20:47:09.000Z,,0.0667,13,LULA,PT,250915,,,,,
2022,2,presidente,PE,,2022-10-30T20:48:37.000Z,,0.0716,22,JAIR BOLSONARO,PL,103796,,,,,
2022,2,presidente,PE,,2022-10-30T20:48:37.000Z,,0.0716,13,LULA,PT,269449,,,,,
2022,2,presidente,PE,,2022-10-30T20:49:58.000Z,,0.0821,22,JAIR BOLSONARO,PL,120562,,,,,
2022,2,presidente,PE,,2022-10-30T20:49:58.000Z,,0.0821,13,LULA,PT,308915,,,,,
2022,2,presidente,PE,,2022-10-30T20:51:12.000Z,,0.0872,22,JAIR BOLSONARO,PL,128811,,,,,
2022,2,presidente,PE,,2022-10-30T20:51:12.000Z,,0.0872,13,LULA,PT,328174,,,,,
2022,2,presidente,PE,,2022-10-30T20:52:24.000Z,,0.0912,22,JAIR BOLSONARO,PL,135022,,,,,
2022,2,presidente,PE,,2022-10-30T20:52:24.000Z,,0.0912,13,LULA,PT,343350,,,,,
2022,2,presidente,PE,,2022-10-30T20:53:43.000Z,,0.0971,22,JAIR BOLSONARO,PL,144081,,,,,
2022,2,presidente,PE,,2022-10-30T20:53:43.000Z,,0.0971,13,LULA,PT,365799,,,,,
2022,2,presidente,PE,,2022-10-30T20:55:01.000Z,,0.104,22,JAIR BOLSONARO,PL,154326,,,,,
2022,2,presidente,PE,,2022-10-30T20:55:01.000Z,,0.104,13,LULA,PT,391335,,,,,
2022,2,presidente,PE,,2022-10-30T20:56:22.000Z,,0.1165,22,JAIR BOLSONARO,PL,174929,,,,,
2022,2,presidente,PE,,2022-10-30T20:56:22.000Z,,0.1165,13,LULA,PT,436981,,,,,
2022,2,presidente,PE,,2022-10-30T20:57:46.000Z,,0.1233,22,JAIR BOLSONARO,PL,185628,,,,,
2022,2,presidente,PE,,2022-10-30T20:57:46.000Z,,0.1233,13,LULA,PT,460906,,,,,
2022,2,presidente,PE,,2022-10-30T20:59:05.000Z,,0.1304,22,JAIR BOLSONARO,PL,196107,,,,,
2022,2,presidente,PE,,2022-10-30T20:59:05.000Z,,0.1304,13,LULA,PT,488937,,,,,
2022,2,presidente,PE,,2022-10-30T21:00:18.000Z,,0.1363,22,JAIR BOLSONARO,PL,205038,,,,,
2022,2,presidente,PE,,2022-10-30T21:00:18.000Z,,0.1363,13,LULA,PT,509348,,,,,
2022,2,presidente,PE,,2022-10-30T21:01:50.000Z,,0.1486,22,JAIR BOLSONARO,PL,225776,,,,,
2022,2,presidente,PE,,2022-10-30T21:01:50.000Z,,0.1486,13,LULA,PT,553846,,,,,
2022,2,presidente,PE,,2022-10-30T21:03:08.000Z,,0.1549,22,JAIR BOLSONARO,PL,235687,,,,,
2022,2,presidente,PE,,2022-10-30T21:03:08.000Z,,0.1549,13,LULA,PT,575407,,,,,
2022,2,presidente,PE,,2022-10-30T21:04:30.000Z,,0.1609,22,JAIR BOLSONARO,PL,246900,,,,,
2022,2,presidente,PE,,2022-10-30T21:04:30.000Z,,0.1609,13,LULA,PT,597700,,,,,
2022,2,presidente,PE,,2022-10-30T21:05:36.000Z,,0.1665,22,JAIR BOLSONARO,PL,257254,,,,,
2022,2,presidente,PE,,2022-10-30T21:05:36.000Z,,0.1665,13,LULA,PT,618543,,,,,
2022,2,presidente,PE,,2022-10-30T21:06:54.000Z,,0.1743,22,JAIR BOLSONARO,PL,270052,,,,,
2022,2,presidente,PE,,2022-10-30T21:06:54.000Z,,0.1743,13,LULA,PT,647347,,,,,
2022,2,presidente,PE,,2022-10-30T21:08:10.000Z,,0.1895,22,JAIR BOLSONARO,PL,297306,,,,,
2022,2,presidente,PE,,2022-10-30T21:08:10.000Z,,0.1895,13,LULA,PT,701908,,,,,
2022,2,presidente,PE,,2022-10-30T21:09:34.000Z,,0.1957,22,JAIR BOLSONARO,PL,306414,,,,,
2022,2,presidente,PE,,2022-10-30T21:09:34.000Z,,0.1957,13,LULA,PT,724137,,,,,
2022,2,presidente,PE,,2022-10-30T21:10:43.000Z,,0.2036,22,JAIR BOLSONARO,PL,318885,,,,,
2022,2,presidente,PE,,2022-10-30T21:10:43.000Z,,0.2036,13,LULA,PT,751778,,,,,
2022,2,presidente,PE,,2022-10-30T21:12:06.000Z,,0.2121,22,JAIR BOLSONARO,PL,332088,,,,,
2022,2,presidente,PE,,2022-10-30T21:12:06.000Z,,0.2121,13,LULA,PT,783060,,,,,
2022,2,presidente,PE,,2022-10-30T21:13:28.000Z,,0.2284,22,JAIR BOLSONARO,PL,360593,,,,,
2022,2,presidente,PE,,2022-10-30T21:13:28.000Z,,0.2284,13,LULA,PT,840510,,,,,
2022,2,presidente,PE,,2022-10-30T21:14:38.000Z,,0.2284,22,JAIR BOLSONARO,PL,360593,,,,,
2022,2,presidente,PE,,2022-10-30T21:14:38.000Z,,0.2284,13,LULA,PT,840510,,,,,
2022,2,presidente,PE,,2022-10-30T21:16:00.000Z,,0.2466,22,JAIR BOLSONARO,PL,390778,,,,,
2022,2,presidente,PE,,2022-10-30T21:16:00.000Z,,0.2466,13,LULA,PT,903752,,,,,
2022,2,presidente,PE,,2022-10-30T21:17:26.000Z,,0.2553,22,JAIR BOLSONARO,PL,404518,,,,,
2022,2,presidente,PE,,2022-10-30T21:17:26.000Z,,0.2553,13,LULA,PT,935721,,,,,
2022,2,presidente,PE,,2022-10-30T21:18:41.000Z,,0.2614,22,JAIR BOLSONARO,PL,413868,,,,,
2022,2,presidente,PE,,2022-10-30T21:18:41.000Z,,0.2614,13,LULA,PT,958758,,,,,
2022,2,presidente,PE,,2022-10-30T21:20:14.000Z,,0.2816,22,JAIR BOLSONARO,PL,447882,,,,,
2022,2,presidente,PE,,2022-10-30T21:20:14.000Z,,0.2816,13,LULA,PT,1030857,,,,,
2022,2,presidente,PE,,2022-10-30T21:21:35.000Z,,0.2917,22,JAIR BOLSONARO,PL,465446,,,,,
2022,2,presidente,PE,,2022-10-30T21:21:35.000Z,,0.2917,13,LULA,PT,1068475,,,,,
2022,2,presidente,PE,,2022-10-30T21:22:59.000Z,,0.3025,22,JAIR BOLSONARO,PL,481253,,,,,
2022,2,presidente,PE,,2022-10-30T21:22:59.000Z,,0.3025,13,LULA,PT,1109738,,,,,
2022,2,presidente,PE,,2022-10-30T21:24:24.000Z,,0.3098,22,JAIR BOLSONARO,PL,492669,,,,,
2022,2,presidente,PE,,2022-10-30T21:24:24.000Z,,0.3098,13,LULA,PT,1135609,,,,,
2022,2,presidente,PE,,2022-10-30T21:25:48.000Z,,0.328,22,JAIR BOLSONARO,PL,527833,,,,,
2022,2,presidente,PE,,2022-10-30T21:25:48.000Z,,0.328,13,LULA,PT,1199896,,,,,
2022,2,presidente,PE,,2022-10-30T21:27:19.000Z,,0.3427,22,JAIR BOLSONARO,PL,556614,,,,,
2022,2,presidente,PE,,2022-10-30T21:27:19.000Z,,0.3427,13,LULA,PT,1252484,,,,,
2022,2,presidente,PE,,2022-10-30T21:28:41.000Z,,0.3545,22,JAIR BOLSONARO,PL,582786,,,,,
2022,2,presidente,PE,,2022-10-30T21:28:41.000Z,,0.3545,13,LULA,PT,1294436,,,,,
2022,2,presidente,PE,,2022-10-30T21:30:04.000Z,,0.3758,22,JAIR BOLSONARO,PL,624922,,,,,
2022,2,presidente,PE,,2022-10-30T21:30:04.000Z,,0.3758,13,LULA,PT,1371001,,,,,
2022,2,presidente,PE,,2022-10-30T21:31:29.000Z,,0.3917,22,JAIR BOLSONARO,PL,651384,,,,,
2022,2,presidente,PE,,2022-10-30T21:31:29.000Z,,0.3917,13,LULA,PT,1426253,,,,,
2022,2,presidente,PE,,2022-10-30T21:33:00.000Z,,0.4011,22,JAIR BOLSONARO,PL,667582,,,,,
2022,2,presidente,PE,,2022-10-30T21:33:00.000Z,,0.4011,13,LULA,PT,1460051,,,,,
2022,2,presidente,PE,,2022-10-30T21:34:19.000Z,,0.4187,22,JAIR BOLSONARO,PL,703499,,,,,
2022,2,presidente,PE,,2022-10-30T21:34:19.000Z,,0.4187,13,LULA,PT,1519078,,,,,
2022,2,presidente,PE,,2022-10-30T21:35:41.000Z,,0.4433,22,JAIR BOLSONARO,PL,752881,,,,,
2022,2,presidente,PE,,2022-10-30T21:35:41.000Z,,0.4433,13,LULA,PT,1604322,,,,,
2022,2,presidente,PE,,2022-10-30T21:36:59.000Z,,0.4518,22,JAIR BOLSONARO,PL,769117,,,,,
2022,2,presidente,PE,,2022-10-30T21:36:59.000Z,,0.4518,13,LULA,PT,1635634,,,,,
2022,2,presidente,PE,,2022-10-30T21:38:30.000Z,,0.4653,22,JAIR BOLSONARO,PL,794920,,,,,
2022,2,presidente,PE,,2022-10-30T21:38:30.000Z,,0.4653,13,LULA,PT,1683055,,,,,
2022,2,presidente,PE,,2022-10-30T21:40:00.000Z,,0.4864,22,JAIR BOLSONARO,PL,831819,,,,,
2022,2,presidente,PE,,2022-10-30T21:40:00.000Z,,0.4864,13,LULA,PT,1759875,,,,,
2022,2,presidente,PE,,2022-10-30T21:41:31.000Z,,0.5009,22,JAIR BOLSONARO,PL,857926,,,,,
2022,2,presidente,PE,,2022-10-30T21:41:31.000Z,,0.5009,13,LULA,PT,1813069,,,,,
2022,2,presidente,PE,,2022-10-30T21:42:57.000Z,,0.5125,22,JAIR BOLSONARO,PL,879625,,,,,
2022,2,presidente,PE,,2022-10-30T21:42:57.000Z,,0.5125,13,LULA,PT,1855051,,,,,
2022,2,presidente,PE,,2022-10-30T21:44:16.000Z,,0.5295,22,JAIR BOLSONARO,PL,913440,,,,,
2022,2,presidente,PE,,2022-10-30T21:44:16.000Z,,0.5295,13,LULA,PT,1916467,,,,,
2022,2,presidente,PE,,2022-10-30T21:45:34.000Z,,0.5508,22,JAIR BOLSONARO,PL,957610,,,,,
2022,2,presidente,PE,,2022-10-30T21:45:34.000Z,,0.5508,13,LULA,PT,1993718,,,,,
2022,2,presidente,PE,,2022-10-30T21:46:57.000Z,,0.5717,22,JAIR BOLSONARO,PL,999697,,,,,
2022,2,presidente,PE,,2022-10-30T21:46:57.000Z,,0.5717,13,LULA,PT,2069345,,,,,
2022,2,presidente,PE,,2022-10-30T21:48:14.000Z,,0.5887,22,JAIR BOLSONARO,PL,1031800,,,,,
2022,2,presidente,PE,,2022-10-30T21:48:14.000Z,,0.5887,13,LULA,PT,2130492,,,,,
2022,2,presidente,PE,,2022-10-30T21:51:29.000Z,,0.6366,22,JAIR BOLSONARO,PL,1121805,,,,,
2022,2,presidente,PE,,2022-10-30T21:51:29.000Z,,0.6366,13,LULA,PT,2302860,,,,,
2022,2,presidente,PE,,2022-10-30T21:53:03.000Z,,0.6554,22,JAIR BOLSONARO,PL,1157765,,,,,
2022,2,presidente,PE,,2022-10-30T21:53:03.000Z,,0.6554,13,LULA,PT,2372999,,,,,
2022,2,presidente,PE,,2022-10-30T21:54:29.000Z,,0.6781,22,JAIR BOLSONARO,PL,1200127,,,,,
2022,2,presidente,PE,,2022-10-30T21:54:29.000Z,,0.6781,13,LULA,PT,2454688,,,,,
2022,2,presidente,PE,,2022-10-30T21:55:55.000Z,,0.7106,22,JAIR BOLSONARO,PL,1262844,,,,,
2022,2,presidente,PE,,2022-10-30T21:55:55.000Z,,0.7106,13,LULA,PT,2573181,,,,,
2022,2,presidente,PE,,2022-10-30T21:57:27.000Z,,0.7264,22,JAIR BOLSONARO,PL,1293292,,,,,
2022,2,presidente,PE,,2022-10-30T21:57:27.000Z,,0.7264,13,LULA,PT,2631700,,,,,
2022,2,presidente,PE,,2022-10-30T21:59:03.000Z,,0.7673,22,JAIR BOLSONARO,PL,1371281,,,,,
2022,2,presidente,PE,,2022-10-30T21:59:03.000Z,,0.7673,13,LULA,PT,2780616,,,,,
2022,2,presidente,PE,,2022-10-30T22:00:28.000Z,,0.7861,22,JAIR BOLSONARO,PL,1408690,,,,,
2022,2,presidente,PE,,2022-10-30T22:00:28.000Z,,0.7861,13,LULA,PT,2850147,,,,,
2022,2,presidente,PE,,2022-10-30T22:02:06.000Z,,0.8083,22,JAIR BOLSONARO,PL,1453872,,,,,
2022,2,presidente,PE,,2022-10-30T22:02:06.000Z,,0.8083,13,LULA,PT,2931329,,,,,
2022,2,presidente,PE,,2022-10-30T22:03:29.000Z,,0.8355,22,JAIR BOLSONARO,PL,1508273,,,,,
2022,2,presidente,PE,,2022-10-30T22:03:29.000Z,,0.8355,13,LULA,PT,3031789,,,,,
2022,2,presidente,PE,,2022-10-30T22:04:54.000Z,,0.8463,22,JAIR BOLSONARO,PL,1528698,,,,,
2022,2,presidente,PE,,2022-10-30T22:04:54.000Z,,0.8463,13,LULA,PT,3073028,,,,,
2022,2,presidente,PE,,2022-10-30T22:06:16.000Z,,0.8596,22,JAIR BOLSONARO,PL,1553408,,,,,
2022,2,presidente,PE,,2022-10-30T22:06:16.000Z,,0.8596,13,LULA,PT,3122723,,,,,
2022,2,presidente,PE,,2022-10-30T22:07:49.000Z,,0.8737,22,JAIR BOLSONARO,PL,1580863,,,,,
2022,2,presidente,PE,,2022-10-30T22:07:49.000Z,,0.8737,13,LULA,PT,3174137,,,,,
2022,2,presidente,PE,,2022-10-30T22:09:11.000Z,,0.8871,22,JAIR BOLSONARO,PL,1605237,,,,,
2022,2,presidente,PE,,2022-10-30T22:09:11.000Z,,0.8871,13,LULA,PT,3223148,,,,,
2022,2,presidente,PE,,2022-10-30T22:10:32.000Z,,0.8952,22,JAIR BOLSONARO,PL,1620833,,,,,
2022,2,presidente,PE,,2022-10-30T22:10:32.000Z,,0.8952,13,LULA,PT,3253253,,,,,
2022,2,presidente,PE,,2022-10-30T22:12:21.000Z,,0.9075,22,JAIR BOLSONARO,PL,1643609,,,,,
2022,2,presidente,PE,,2022-10-30T22:12:21.000Z,,0.9075,13,LULA,PT,3298158,,,,,
2022,2,presidente,PE,,2022-10-30T22:14:03.000Z,,0.9136,22,JAIR BOLSONARO,PL,1655551,,,,,
2022,2,presidente,PE,,2022-10-30T22:14:03.000Z,,0.9136,13,LULA,PT,3320426,,,,,
2022,2,presidente,PE,,2022-10-30T22:15:46.000Z,,0.9256,22,JAIR BOLSONARO,PL,1677126,,,,,
2022,2,presidente,PE,,2022-10-30T22:15:46.000Z,,0.9256,13,LULA,PT,3364076,,,,,
2022,2,presidente,PE,,2022-10-30T22:17:28.000Z,,0.9308,22,JAIR BOLSONARO,PL,1685148,,,,,
2022,2,presidente,PE,,2022-10-30T22:17:28.000Z,,0.9308,13,LULA,PT,3383677,,,,,
2022,2,presidente,PE,,2022-10-30T22:19:01.000Z,,0.9339,22,JAIR BOLSONARO,PL,1690063,,,,,
2022,2,presidente,PE,,2022-10-30T22:19:01.000Z,,0.9339,13,LULA,PT,3394581,,,,,
2022,2,presidente,PE,,2022-10-30T22:20:43.000Z,,0.9381,22,JAIR BOLSONARO,PL,1697247,,,,,
2022,2,presidente,PE,,2022-10-30T22:20:43.000Z,,0.9381,13,LULA,PT,3411503,,,,,
2022,2,presidente,PE,,2022-10-30T22:22:21.000Z,,0.9448,22,JAIR BOLSONARO,PL,1707657,,,,,
2022,2,presidente,PE,,2022-10-30T22:22:21.000Z,,0.9448,13,LULA,PT,3436976,,,,,
2022,2,presidente,PE,,2022-10-30T22:23:46.000Z,,0.949,22,JAIR BOLSONARO,PL,1714658,,,,,
2022,2,presidente,PE,,2022-10-30T22:23:46.000Z,,0.949,13,LULA,PT,3452215,,,,,
2022,2,presidente,PE,,2022-10-30T22:25:32.000Z,,0.9522,22,JAIR BOLSONARO,PL,1720571,,,,,
2022,2,presidente,PE,,2022-10-30T22:25:32.000Z,,0.9522,13,LULA,PT,3464427,,,,,
2022,2,presidente,PE,,2022-10-30T22:27:25.000Z,,0.9604,22,JAIR BOLSONARO,PL,1733132,,,,,
2022,2,presidente,PE,,2022-10-30T22:27:25.000Z,,0.9604,13,LULA,PT,3494298,,,,,
2022,2,presidente,PE,,2022-10-30T22:28:59.000Z,,0.9648,22,JAIR BOLSONARO,PL,1739075,,,,,
2022,2,presidente,PE,,2022-10-30T22:28:59.000Z,,0.9648,13,LULA,PT,3510342,,,,,
2022,2,presidente,PE,,2022-10-30T22:30:46.000Z,,0.9666,22,JAIR BOLSONARO,PL,1742556,,,,,
2022,2,presidente,PE,,2022-10-30T22:30:46.000Z,,0.9666,13,LULA,PT,3516908,,,,,
2022,2,presidente,PE,,2022-10-30T22:32:26.000Z,,0.9676,22,JAIR BOLSONARO,PL,1743848,,,,,
2022,2,presidente,PE,,2022-10-30T22:32:26.000Z,,0.9676,13,LULA,PT,3520875,,,,,
2022,2,presidente,PE,,2022-10-30T22:34:04.000Z,,0.9696,22,JAIR BOLSONARO,PL,1746678,,,,,
2022,2,presidente,PE,,2022-10-30T22:34:04.000Z,,0.9696,13,LULA,PT,3528355,,,,,
2022,2,presidente,PE,,2022-10-30T22:35:56.000Z,,0.971,22,JAIR BOLSONARO,PL,1748405,,,,,
2022,2,presidente,PE,,2022-10-30T22:35:56.000Z,,0.971,13,LULA,PT,3533113,,,,,
2022,2,presidente,PE,,2022-10-30T22:38:00.000Z,,0.9762,22,JAIR BOLSONARO,PL,1756715,,,,,
2022,2,presidente,PE,,2022-10-30T22:38:00.000Z,,0.9762,13,LULA,PT,3553520,,,,,
2022,2,presidente,PE,,2022-10-30T22:39:35.000Z,,0.9803,22,JAIR BOLSONARO,PL,1764307,,,,,
2022,2,presidente,PE,,2022-10-30T22:39:35.000Z,,0.9803,13,LULA,PT,3569392,,,,,
2022,2,presidente,PE,,2022-10-30T22:41:24.000Z,,0.9808,22,JAIR BOLSONARO,PL,1764961,,,,,
2022,2,presidente,PE,,2022-10-30T22:41:24.000Z,,0.9808,13,LULA,PT,3571418,,,,,
2022,2,presidente,PE,,2022-10-30T22:43:03.000Z,,0.9824,22,JAIR BOLSONARO,PL,1767095,,,,,
2022,2,presidente,PE,,2022-10-30T22:43:03.000Z,,0.9824,13,LULA,PT,3576777,,,,,
2022,2,presidente,PE,,2022-10-30T22:44:35.000Z,,0.9844,22,JAIR BOLSONARO,PL,1770443,,,,,
2022,2,presidente,PE,,2022-10-30T22:44:35.000Z,,0.9844,13,LULA,PT,3584140,,,,,
2022,2,presidente,PE,,2022-10-30T22:46:26.000Z,,0.9854,22,JAIR BOLSONARO,PL,1772121,,,,,
2022,2,presidente,PE,,2022-10-30T22:46:26.000Z,,0.9854,13,LULA,PT,3587603,,,,,
2022,2,presidente,PE,,2022-10-30T22:48:08.000Z,,0.9875,22,JAIR BOLSONARO,PL,1776788,,,,,
2022,2,presidente,PE,,2022-10-30T22:48:08.000Z,,0.9875,13,LULA,PT,3595076,,,,,
2022,2,presidente,PE,,2022-10-30T22:49:55.000Z,,0.9878,22,JAIR BOLSONARO,PL,1777540,,,,,
2022,2,presidente,PE,,2022-10-30T22:49:55.000Z,,0.9878,13,LULA,PT,3596290,,,,,
2022,2,presidente,PE,,2022-10-30T22:51:37.000Z,,0.9884,22,JAIR BOLSONARO,PL,1778623,,,,,
2022,2,presidente,PE,,2022-10-30T22:51:37.000Z,,0.9884,13,LULA,PT,3598275,,,,,
2022,2,presidente,PE,,2022-10-30T22:53:19.000Z,,0.9888,22,JAIR BOLSONARO,PL,1779393,,,,,
2022,2,presidente,PE,,2022-10-30T22:53:19.000Z,,0.9888,13,LULA,PT,3599704,,,,,
2022,2,presidente,PE,,2022-10-30T22:54:54.000Z,,0.9912,22,JAIR BOLSONARO,PL,1782888,,,,,
2022,2,presidente,PE,,2022-10-30T22:54:54.000Z,,0.9912,13,LULA,PT,3608579,,,,,
2022,2,presidente,PE,,2022-10-30T22:56:19.000Z,,0.9921,22,JAIR BOLSONARO,PL,1784139,,,,,
2022,2,presidente,PE,,2022-10-30T22:56:19.000Z,,0.9921,13,LULA,PT,3611871,,,,,
2022,2,presidente,PE,,2022-10-30T22:58:10.000Z,,0.9925,22,JAIR BOLSONARO,PL,1784661,,,,,
2022,2,presidente,PE,,2022-10-30T22:58:10.000Z,,0.9925,13,LULA,PT,3613200,,,,,
2022,2,presidente,PE,,2022-10-30T23:00:10.000Z,,0.9928,22,JAIR BOLSONARO,PL,1785173,,,,,
2022,2,presidente,PE,,2022-10-30T23:00:10.000Z,,0.9928,13,LULA,PT,3614380,,,,,
2022,2,presidente,PE,,2022-10-30T23:02:23.000Z,,0.993,22,JAIR BOLSONARO,PL,1785376,,,,,
2022,2,presidente,PE,,2022-10-30T23:02:23.000Z,,0.993,13,LULA,PT,3614969,,,,,
2022,2,presidente,PE,,2022-10-30T23:04:34.000Z,,0.9943,22,JAIR BOLSONARO,PL,1788569,,,,,
2022,2,presidente,PE,,2022-10-30T23:04:34.000Z,,0.9943,13,LULA,PT,3619693,,,,,
2022,2,presidente,PE,,2022-10-30T23:06:22.000Z,,0.9944,22,JAIR BOLSONARO,PL,1788771,,,,,
2022,2,presidente,PE,,2022-10-30T23:06:22.000Z,,0.9944,13,LULA,PT,3620174,,,,,
2022,2,presidente,PE,,2022-10-30T23:08:12.000Z,,0.9947,22,JAIR BOLSONARO,PL,1789264,,,,,
2022,2,presidente,PE,,2022-10-30T23:08:12.000Z,,0.9947,13,LULA,PT,3621220,,,,,
2022,2,presidente,PE,,2022-10-30T23:09:57.000Z,,0.995,22,JAIR BOLSONARO,PL,1789850,,,,,
2022,2,presidente,PE,,2022-10-30T23:09:57.000Z,,0.995,13,LULA,PT,3622357,,,,,
2022,2,presidente,PE,,2022-10-30T23:11:47.000Z,,0.9951,22,JAIR BOLSONARO,PL,1790088,,,,,
2022,2,presidente,PE,,2022-10-30T23:11:47.000Z,,0.9951,13,LULA,PT,3622946,,,,,
2022,2,presidente,PE,,2022-10-30T23:13:40.000Z,,0.9955,22,JAIR BOLSONARO,PL,1790589,,,,,
2022,2,presidente,PE,,2022-10-30T23:13:40.000Z,,0.9955,13,LULA,PT,3623960,,,,,
2022,2,presidente,PE,,2022-10-30T23:15:51.000Z,,0.9983,22,JAIR BOLSONARO,PL,1795810,,,,,
2022,2,presidente,PE,,2022-10-30T23:15:51.000Z,,0.9983,13,LULA,PT,3634717,,,,,
2022,2,presidente,PE,,2022-10-30T23:18:12.000Z,,0.9997,22,JAIR BOLSONARO,PL,1798473,,,,,
2022,2,presidente,PE,,2022-10-30T23:18:12.000Z,,0.9997,13,LULA,PT,3639803,,,,,
2022,2,presidente,PE,,2022-10-30T23:20:30.000Z,,0.9997,22,JAIR BOLSONARO,PL,1798473,,,,,
2022,2,presidente,PE,,2022-10-30T23:20:30.000Z,,0.9997,13,LULA,PT,3639803,,,,,
2022,2,presidente,PE,,2022-10-30T23:21:59.000Z,,0.9997,22,JAIR BOLSONARO,PL,1798473,,,,,
2022,2,presidente,PE,,2022-10-30T23:21:59.000Z,,0.9997,13,LULA,PT,3639803,,,,,
2022,2,presidente,PE,,2022-10-30T23:23:23.000Z,,0.9997,22,JAIR BOLSONARO,PL,1798473,,,,,
2022,2,presidente,PE,,2022-10-30T23:23:23.000Z,,0.9997,13,LULA,PT,3639803,,,,,
2022,2,presidente,PE,,2022-10-30T23:25:06.000Z,,0.9997,22,JAIR BOLSONARO,PL,1798473,,,,,
2022,2,presidente,PE,,2022-10-30T23:25:06.000Z,,0.9997,13,LULA,PT,3639803,,,,,
2022,2,presidente,PE,,2022-10-30T23:26:33.000Z,,0.9997,22,JAIR BOLSONARO,PL,1798473,,,,,
2022,2,presidente,PE,,2022-10-30T23:26:33.000Z,,0.9997,13,LULA,PT,3639803,,,,,
2022,2,presidente,PE,,2022-10-30T23:28:12.000Z,,0.9998,22,JAIR BOLSONARO,PL,1798561,,,,,
2022,2,presidente,PE,,2022-10-30T23:28:12.000Z,,0.9998,13,LULA,PT,3640210,,,,,
2022,2,presidente,PE,,2022-10-30T23:29:54.000Z,,0.9998,22,JAIR BOLSONARO,PL,1798561,,,,,
2022,2,presidente,PE,,2022-10-30T23:29:54.000Z,,0.9998,13,LULA,PT,3640210,,,,,
2022,2,presidente,PE,,2022-10-30T23:31:44.000Z,,0.9999,22,JAIR BOLSONARO,PL,1798625,,,,,
2022,2,presidente,PE,,2022-10-30T23:31:44.000Z,,0.9999,13,LULA,PT,3640425,,,,,
2022,2,presidente,PE,,2022-10-30T23:33:32.000Z,,0.9999,22,JAIR BOLSONARO,PL,1798625,,,,,
2022,2,presidente,PE,,2022-10-30T23:33:32.000Z,,0.9999,13,LULA,PT,3640425,,,,,
2022,2,presidente,PE,,2022-10-30T23:35:20.000Z,,0.9999,22,JAIR BOLSONARO,PL,1798625,,,,,
2022,2,presidente,PE,,2022-10-30T23:35:20.000Z,,0.9999,13,LULA,PT,3640425,,,,,
2022,2,presidente,PE,,2022-10-30T23:36:55.000Z,,0.9999,22,JAIR BOLSONARO,PL,1798660,,,,,
2022,2,presidente,PE,,2022-10-30T23:36:55.000Z,,0.9999,13,LULA,PT,3640589,,,,,
2022,2,presidente,PE,,2022-10-30T23:38:35.000Z,,0.9999,22,JAIR BOLSONARO,PL,1798660,,,,,
2022,2,presidente,PE,,2022-10-30T23:38:35.000Z,,0.9999,13,LULA,PT,3640589,,,,,
2022,2,presidente,PE,,2022-10-30T23:41:00.000Z,,1,22,JAIR BOLSONARO,PL,1798770,,,,,
2022,2,presidente,PE,,2022-10-30T23:41:00.000Z,,1,13,LULA,PT,3640791,,,,,
2022,2,presidente,PE,,2022-10-30T23:42:53.000Z,,1,22,JAIR BOLSONARO,PL,1798770,,,,,
2022,2,presidente,PE,,2022-10-30T23:42:53.000Z,,1,13,LULA,PT,3640791,,,,,
2022,2,presidente,PE,,2022-10-30T23:44:50.000Z,,1,22,JAIR BOLSONARO,PL,1798770,,,,,
2022,2,presidente,PE,,2022-10-30T23:44:50.000Z,,1,13,LULA,PT,3640791,,,,,
2022,2,presidente,PE,,2022-10-30T23:46:53.000Z,,1,22,JAIR BOLSONARO,PL,1798770,,,,,
2022,2,presidente,PE,,2022-10-30T23:46:53.000Z,,1,13,LULA,PT,3640791,,,,,
2022,2,presidente,PE,,2022-10-30T23:48:42.000Z,,1,22,JAIR BOLSONARO,PL,1798770,,,,,
2022,2,presidente,PE,,2022-10-30T23:48:42.000Z,,1,13,LULA,PT,3640791,,,,,
2022,2,presidente,PE,,2022-10-30T23:50:11.000Z,,1,22,JAIR BOLSONARO,PL,1798770,,,,,
2022,2,presidente,PE,,2022-10-30T23:50:11.000Z,,1,13,LULA,PT,3640791,,,,,
2022,2,presidente,PE,,2022-10-30T23:51:59.000Z,,1,22,JAIR BOLSONARO,PL,1798770,,,,,
2022,2,presidente,PE,,2022-10-30T23:51:59.000Z,,1,13,LULA,PT,3640791,,,,,
2022,2,presidente,PE,,2022-10-30T23:54:13.000Z,,1,22,JAIR BOLSONARO,PL,1798770,,,,,
2022,2,presidente,PE,,2022-10-30T23:54:13.000Z,,1,13,LULA,PT,3640791,,,,,
2022,2,presidente,PE,,2022-10-30T23:56:00.000Z,,1,22,JAIR BOLSONARO,PL,1798770,,,,,
2022,2,presidente,PE,,2022-10-30T23:56:00.000Z,,1,13,LULA,PT,3640791,,,,,
2022,2,presidente,PE,,2022-10-30T23:58:03.000Z,,1,22,JAIR BOLSONARO,PL,1798770,,,,,
2022,2,presidente,PE,,2022-10-30T23:58:03.000Z,,1,13,LULA,PT,3640791,,,,,
2022,2,presidente,PE,,2022-10-31T00:00:06.000Z,,1,22,JAIR BOLSONARO,PL,1798770,,,,,
2022,2,presidente,PE,,2022-10-31T00:00:06.000Z,,1,13,LULA,PT,3640791,,,,,
2022,2,presidente,PE,,2022-10-31T00:01:34.000Z,,1,22,JAIR BOLSONARO,PL,1798770,,,,,
2022,2,presidente,PE,,2022-10-31T00:01:34.000Z,,1,13,LULA,PT,3640791,,,,,
2022,2,presidente,PE,,2022-10-31T00:03:15.000Z,,1,22,JAIR BOLSONARO,PL,1798770,,,,,
2022,2,presidente,PE,,2022-10-31T00:03:15.000Z,,1,13,LULA,PT,3640791,,,,,
2022,2,presidente,PE,,2022-10-31T00:06:04.000Z,,1,22,JAIR BOLSONARO,PL,1798832,,,,,
2022,2,presidente,PE,,2022-10-31T00:06:04.000Z,,1,13,LULA,PT,3640933,,,,,
2022,2,presidente,PI,,2022-10-30T20:10:54.000Z,,0.0003,22,JAIR BOLSONARO,PL,189,,,,,
2022,2,presidente,PI,,2022-10-30T20:10:54.000Z,,0.0003,13,LULA,PT,515,,,,,
2022,2,presidente,PI,,2022-10-30T20:12:05.000Z,,0.0006,22,JAIR BOLSONARO,PL,311,,,,,
2022,2,presidente,PI,,2022-10-30T20:12:05.000Z,,0.0006,13,LULA,PT,861,,,,,
2022,2,presidente,PI,,2022-10-30T20:13:12.000Z,,0.0007,22,JAIR BOLSONARO,PL,430,,,,,
2022,2,presidente,PI,,2022-10-30T20:13:12.000Z,,0.0007,13,LULA,PT,1002,,,,,
2022,2,presidente,PI,,2022-10-30T20:14:23.000Z,,0.0018,22,JAIR BOLSONARO,PL,787,,,,,
2022,2,presidente,PI,,2022-10-30T20:14:23.000Z,,0.0018,13,LULA,PT,3054,,,,,
2022,2,presidente,PI,,2022-10-30T20:15:34.000Z,,0.0021,22,JAIR BOLSONARO,PL,1024,,,,,
2022,2,presidente,PI,,2022-10-30T20:15:34.000Z,,0.0021,13,LULA,PT,3453,,,,,
2022,2,presidente,PI,,2022-10-30T20:16:40.000Z,,0.0025,22,JAIR BOLSONARO,PL,1203,,,,,
2022,2,presidente,PI,,2022-10-30T20:16:40.000Z,,0.0025,13,LULA,PT,3930,,,,,
2022,2,presidente,PI,,2022-10-30T20:17:46.000Z,,0.0031,22,JAIR BOLSONARO,PL,1473,,,,,
2022,2,presidente,PI,,2022-10-30T20:17:46.000Z,,0.0031,13,LULA,PT,4935,,,,,
2022,2,presidente,PI,,2022-10-30T20:19:03.000Z,,0.0068,22,JAIR BOLSONARO,PL,3439,,,,,
2022,2,presidente,PI,,2022-10-30T20:19:03.000Z,,0.0068,13,LULA,PT,10900,,,,,
2022,2,presidente,PI,,2022-10-30T20:20:08.000Z,,0.0068,22,JAIR BOLSONARO,PL,3439,,,,,
2022,2,presidente,PI,,2022-10-30T20:20:08.000Z,,0.0068,13,LULA,PT,10900,,,,,
2022,2,presidente,PI,,2022-10-30T20:21:29.000Z,,0.016,22,JAIR BOLSONARO,PL,8306,,,,,
2022,2,presidente,PI,,2022-10-30T20:21:29.000Z,,0.016,13,LULA,PT,25361,,,,,
2022,2,presidente,PI,,2022-10-30T20:22:35.000Z,,0.0231,22,JAIR BOLSONARO,PL,11876,,,,,
2022,2,presidente,PI,,2022-10-30T20:22:35.000Z,,0.0231,13,LULA,PT,36416,,,,,
2022,2,presidente,PI,,2022-10-30T20:23:45.000Z,,0.0306,22,JAIR BOLSONARO,PL,15436,,,,,
2022,2,presidente,PI,,2022-10-30T20:23:45.000Z,,0.0306,13,LULA,PT,48429,,,,,
2022,2,presidente,PI,,2022-10-30T20:25:08.000Z,,0.0382,22,JAIR BOLSONARO,PL,19424,,,,,
2022,2,presidente,PI,,2022-10-30T20:25:08.000Z,,0.0382,13,LULA,PT,60552,,,,,
2022,2,presidente,PI,,2022-10-30T20:26:14.000Z,,0.0449,22,JAIR BOLSONARO,PL,23474,,,,,
2022,2,presidente,PI,,2022-10-30T20:26:14.000Z,,0.0449,13,LULA,PT,70710,,,,,
2022,2,presidente,PI,,2022-10-30T20:27:21.000Z,,0.0755,22,JAIR BOLSONARO,PL,39863,,,,,
2022,2,presidente,PI,,2022-10-30T20:27:21.000Z,,0.0755,13,LULA,PT,118656,,,,,
2022,2,presidente,PI,,2022-10-30T20:28:26.000Z,,0.0755,22,JAIR BOLSONARO,PL,39863,,,,,
2022,2,presidente,PI,,2022-10-30T20:28:26.000Z,,0.0755,13,LULA,PT,118656,,,,,
2022,2,presidente,PI,,2022-10-30T20:29:37.000Z,,0.0889,22,JAIR BOLSONARO,PL,47219,,,,,
2022,2,presidente,PI,,2022-10-30T20:29:37.000Z,,0.0889,13,LULA,PT,139726,,,,,
2022,2,presidente,PI,,2022-10-30T20:30:50.000Z,,0.1079,22,JAIR BOLSONARO,PL,56829,,,,,
2022,2,presidente,PI,,2022-10-30T20:30:50.000Z,,0.1079,13,LULA,PT,168072,,,,,
2022,2,presidente,PI,,2022-10-30T20:32:06.000Z,,0.1202,22,JAIR BOLSONARO,PL,63638,,,,,
2022,2,presidente,PI,,2022-10-30T20:32:06.000Z,,0.1202,13,LULA,PT,187768,,,,,
2022,2,presidente,PI,,2022-10-30T20:33:18.000Z,,0.133,22,JAIR BOLSONARO,PL,71289,,,,,
2022,2,presidente,PI,,2022-10-30T20:33:18.000Z,,0.133,13,LULA,PT,207995,,,,,
2022,2,presidente,PI,,2022-10-30T20:34:25.000Z,,0.1456,22,JAIR BOLSONARO,PL,78405,,,,,
2022,2,presidente,PI,,2022-10-30T20:34:25.000Z,,0.1456,13,LULA,PT,226595,,,,,
2022,2,presidente,PI,,2022-10-30T20:35:43.000Z,,0.1571,22,JAIR BOLSONARO,PL,84293,,,,,
2022,2,presidente,PI,,2022-10-30T20:35:43.000Z,,0.1571,13,LULA,PT,243841,,,,,
2022,2,presidente,PI,,2022-10-30T20:36:51.000Z,,0.1865,22,JAIR BOLSONARO,PL,99510,,,,,
2022,2,presidente,PI,,2022-10-30T20:36:51.000Z,,0.1865,13,LULA,PT,290922,,,,,
2022,2,presidente,PI,,2022-10-30T20:37:58.000Z,,0.1865,22,JAIR BOLSONARO,PL,99510,,,,,
2022,2,presidente,PI,,2022-10-30T20:37:58.000Z,,0.1865,13,LULA,PT,290922,,,,,
2022,2,presidente,PI,,2022-10-30T20:39:09.000Z,,0.1942,22,JAIR BOLSONARO,PL,103364,,,,,
2022,2,presidente,PI,,2022-10-30T20:39:09.000Z,,0.1942,13,LULA,PT,302933,,,,,
2022,2,presidente,PI,,2022-10-30T20:40:14.000Z,,0.2034,22,JAIR BOLSONARO,PL,107364,,,,,
2022,2,presidente,PI,,2022-10-30T20:40:14.000Z,,0.2034,13,LULA,PT,317169,,,,,
2022,2,presidente,PI,,2022-10-30T20:41:26.000Z,,0.2168,22,JAIR BOLSONARO,PL,114540,,,,,
2022,2,presidente,PI,,2022-10-30T20:41:26.000Z,,0.2168,13,LULA,PT,338989,,,,,
2022,2,presidente,PI,,2022-10-30T20:42:33.000Z,,0.2263,22,JAIR BOLSONARO,PL,119563,,,,,
2022,2,presidente,PI,,2022-10-30T20:42:33.000Z,,0.2263,13,LULA,PT,353846,,,,,
2022,2,presidente,PI,,2022-10-30T20:43:40.000Z,,0.2263,22,JAIR BOLSONARO,PL,119563,,,,,
2022,2,presidente,PI,,2022-10-30T20:43:40.000Z,,0.2263,13,LULA,PT,353846,,,,,
2022,2,presidente,PI,,2022-10-30T20:44:55.000Z,,0.24,22,JAIR BOLSONARO,PL,126580,,,,,
2022,2,presidente,PI,,2022-10-30T20:44:55.000Z,,0.24,13,LULA,PT,375393,,,,,
2022,2,presidente,PI,,2022-10-30T20:46:04.000Z,,0.2642,22,JAIR BOLSONARO,PL,139247,,,,,
2022,2,presidente,PI,,2022-10-30T20:46:04.000Z,,0.2642,13,LULA,PT,412516,,,,,
2022,2,presidente,PI,,2022-10-30T20:47:18.000Z,,0.2749,22,JAIR BOLSONARO,PL,144217,,,,,
2022,2,presidente,PI,,2022-10-30T20:47:18.000Z,,0.2749,13,LULA,PT,428807,,,,,
2022,2,presidente,PI,,2022-10-30T20:48:50.000Z,,0.2959,22,JAIR BOLSONARO,PL,154701,,,,,
2022,2,presidente,PI,,2022-10-30T20:48:50.000Z,,0.2959,13,LULA,PT,460804,,,,,
2022,2,presidente,PI,,2022-10-30T20:50:05.000Z,,0.3057,22,JAIR BOLSONARO,PL,159928,,,,,
2022,2,presidente,PI,,2022-10-30T20:50:05.000Z,,0.3057,13,LULA,PT,476251,,,,,
2022,2,presidente,PI,,2022-10-30T20:51:17.000Z,,0.3166,22,JAIR BOLSONARO,PL,166381,,,,,
2022,2,presidente,PI,,2022-10-30T20:51:17.000Z,,0.3166,13,LULA,PT,493489,,,,,
2022,2,presidente,PI,,2022-10-30T20:52:31.000Z,,0.324,22,JAIR BOLSONARO,PL,170170,,,,,
2022,2,presidente,PI,,2022-10-30T20:52:31.000Z,,0.324,13,LULA,PT,504298,,,,,
2022,2,presidente,PI,,2022-10-30T20:53:48.000Z,,0.331,22,JAIR BOLSONARO,PL,173892,,,,,
2022,2,presidente,PI,,2022-10-30T20:53:48.000Z,,0.331,13,LULA,PT,515065,,,,,
2022,2,presidente,PI,,2022-10-30T20:55:07.000Z,,0.3477,22,JAIR BOLSONARO,PL,183288,,,,,
2022,2,presidente,PI,,2022-10-30T20:55:07.000Z,,0.3477,13,LULA,PT,540942,,,,,
2022,2,presidente,PI,,2022-10-30T20:56:28.000Z,,0.3565,22,JAIR BOLSONARO,PL,188060,,,,,
2022,2,presidente,PI,,2022-10-30T20:56:28.000Z,,0.3565,13,LULA,PT,555163,,,,,
2022,2,presidente,PI,,2022-10-30T20:57:52.000Z,,0.3694,22,JAIR BOLSONARO,PL,194323,,,,,
2022,2,presidente,PI,,2022-10-30T20:57:52.000Z,,0.3694,13,LULA,PT,575052,,,,,
2022,2,presidente,PI,,2022-10-30T20:59:13.000Z,,0.3796,22,JAIR BOLSONARO,PL,199099,,,,,
2022,2,presidente,PI,,2022-10-30T20:59:13.000Z,,0.3796,13,LULA,PT,590506,,,,,
2022,2,presidente,PI,,2022-10-30T21:00:28.000Z,,0.3972,22,JAIR BOLSONARO,PL,207517,,,,,
2022,2,presidente,PI,,2022-10-30T21:00:28.000Z,,0.3972,13,LULA,PT,617352,,,,,
2022,2,presidente,PI,,2022-10-30T21:01:58.000Z,,0.407,22,JAIR BOLSONARO,PL,211676,,,,,
2022,2,presidente,PI,,2022-10-30T21:01:58.000Z,,0.407,13,LULA,PT,632539,,,,,
2022,2,presidente,PI,,2022-10-30T21:03:19.000Z,,0.4137,22,JAIR BOLSONARO,PL,215197,,,,,
2022,2,presidente,PI,,2022-10-30T21:03:19.000Z,,0.4137,13,LULA,PT,642832,,,,,
2022,2,presidente,PI,,2022-10-30T21:04:32.000Z,,0.4218,22,JAIR BOLSONARO,PL,218448,,,,,
2022,2,presidente,PI,,2022-10-30T21:04:32.000Z,,0.4218,13,LULA,PT,655990,,,,,
2022,2,presidente,PI,,2022-10-30T21:05:41.000Z,,0.4304,22,JAIR BOLSONARO,PL,222601,,,,,
2022,2,presidente,PI,,2022-10-30T21:05:41.000Z,,0.4304,13,LULA,PT,669936,,,,,
2022,2,presidente,PI,,2022-10-30T21:06:59.000Z,,0.4468,22,JAIR BOLSONARO,PL,230697,,,,,
2022,2,presidente,PI,,2022-10-30T21:06:59.000Z,,0.4468,13,LULA,PT,695500,,,,,
2022,2,presidente,PI,,2022-10-30T21:08:17.000Z,,0.4559,22,JAIR BOLSONARO,PL,234950,,,,,
2022,2,presidente,PI,,2022-10-30T21:08:17.000Z,,0.4559,13,LULA,PT,710276,,,,,
2022,2,presidente,PI,,2022-10-30T21:09:37.000Z,,0.467,22,JAIR BOLSONARO,PL,240387,,,,,
2022,2,presidente,PI,,2022-10-30T21:09:37.000Z,,0.467,13,LULA,PT,727656,,,,,
2022,2,presidente,PI,,2022-10-30T21:10:54.000Z,,0.4754,22,JAIR BOLSONARO,PL,244342,,,,,
2022,2,presidente,PI,,2022-10-30T21:10:54.000Z,,0.4754,13,LULA,PT,741371,,,,,
2022,2,presidente,PI,,2022-10-30T21:12:19.000Z,,0.4835,22,JAIR BOLSONARO,PL,248179,,,,,
2022,2,presidente,PI,,2022-10-30T21:12:19.000Z,,0.4835,13,LULA,PT,753914,,,,,
2022,2,presidente,PI,,2022-10-30T21:13:33.000Z,,0.5026,22,JAIR BOLSONARO,PL,256999,,,,,
2022,2,presidente,PI,,2022-10-30T21:13:33.000Z,,0.5026,13,LULA,PT,784135,,,,,
2022,2,presidente,PI,,2022-10-30T21:14:42.000Z,,0.5132,22,JAIR BOLSONARO,PL,261857,,,,,
2022,2,presidente,PI,,2022-10-30T21:14:42.000Z,,0.5132,13,LULA,PT,800715,,,,,
2022,2,presidente,PI,,2022-10-30T21:16:11.000Z,,0.5219,22,JAIR BOLSONARO,PL,265747,,,,,
2022,2,presidente,PI,,2022-10-30T21:16:11.000Z,,0.5219,13,LULA,PT,814323,,,,,
2022,2,presidente,PI,,2022-10-30T21:17:29.000Z,,0.5316,22,JAIR BOLSONARO,PL,270242,,,,,
2022,2,presidente,PI,,2022-10-30T21:17:29.000Z,,0.5316,13,LULA,PT,829333,,,,,
2022,2,presidente,PI,,2022-10-30T21:19:00.000Z,,0.5562,22,JAIR BOLSONARO,PL,281751,,,,,
2022,2,presidente,PI,,2022-10-30T21:19:00.000Z,,0.5562,13,LULA,PT,868190,,,,,
2022,2,presidente,PI,,2022-10-30T21:20:21.000Z,,0.565,22,JAIR BOLSONARO,PL,285544,,,,,
2022,2,presidente,PI,,2022-10-30T21:20:21.000Z,,0.565,13,LULA,PT,881631,,,,,
2022,2,presidente,PI,,2022-10-30T21:21:44.000Z,,0.5753,22,JAIR BOLSONARO,PL,289745,,,,,
2022,2,presidente,PI,,2022-10-30T21:21:44.000Z,,0.5753,13,LULA,PT,897700,,,,,
2022,2,presidente,PI,,2022-10-30T21:23:09.000Z,,0.5957,22,JAIR BOLSONARO,PL,299275,,,,,
2022,2,presidente,PI,,2022-10-30T21:23:09.000Z,,0.5957,13,LULA,PT,930260,,,,,
2022,2,presidente,PI,,2022-10-30T21:24:30.000Z,,0.6029,22,JAIR BOLSONARO,PL,302522,,,,,
2022,2,presidente,PI,,2022-10-30T21:24:30.000Z,,0.6029,13,LULA,PT,941646,,,,,
2022,2,presidente,PI,,2022-10-30T21:26:01.000Z,,0.6121,22,JAIR BOLSONARO,PL,306888,,,,,
2022,2,presidente,PI,,2022-10-30T21:26:01.000Z,,0.6121,13,LULA,PT,956504,,,,,
2022,2,presidente,PI,,2022-10-30T21:27:28.000Z,,0.6327,22,JAIR BOLSONARO,PL,316128,,,,,
2022,2,presidente,PI,,2022-10-30T21:27:28.000Z,,0.6327,13,LULA,PT,989279,,,,,
2022,2,presidente,PI,,2022-10-30T21:28:52.000Z,,0.6391,22,JAIR BOLSONARO,PL,319153,,,,,
2022,2,presidente,PI,,2022-10-30T21:28:52.000Z,,0.6391,13,LULA,PT,998656,,,,,
2022,2,presidente,PI,,2022-10-30T21:30:15.000Z,,0.6464,22,JAIR BOLSONARO,PL,323108,,,,,
2022,2,presidente,PI,,2022-10-30T21:30:15.000Z,,0.6464,13,LULA,PT,1010053,,,,,
2022,2,presidente,PI,,2022-10-30T21:31:42.000Z,,0.6566,22,JAIR BOLSONARO,PL,328289,,,,,
2022,2,presidente,PI,,2022-10-30T21:31:42.000Z,,0.6566,13,LULA,PT,1025266,,,,,
2022,2,presidente,PI,,2022-10-30T21:33:08.000Z,,0.6734,22,JAIR BOLSONARO,PL,336612,,,,,
2022,2,presidente,PI,,2022-10-30T21:33:08.000Z,,0.6734,13,LULA,PT,1052342,,,,,
2022,2,presidente,PI,,2022-10-30T21:34:28.000Z,,0.6824,22,JAIR BOLSONARO,PL,341198,,,,,
2022,2,presidente,PI,,2022-10-30T21:34:28.000Z,,0.6824,13,LULA,PT,1066476,,,,,
2022,2,presidente,PI,,2022-10-30T21:35:48.000Z,,0.6944,22,JAIR BOLSONARO,PL,347460,,,,,
2022,2,presidente,PI,,2022-10-30T21:35:48.000Z,,0.6944,13,LULA,PT,1085434,,,,,
2022,2,presidente,PI,,2022-10-30T21:37:13.000Z,,0.7045,22,JAIR BOLSONARO,PL,351148,,,,,
2022,2,presidente,PI,,2022-10-30T21:37:13.000Z,,0.7045,13,LULA,PT,1101284,,,,,
2022,2,presidente,PI,,2022-10-30T21:38:41.000Z,,0.725,22,JAIR BOLSONARO,PL,359005,,,,,
2022,2,presidente,PI,,2022-10-30T21:38:41.000Z,,0.725,13,LULA,PT,1131987,,,,,
2022,2,presidente,PI,,2022-10-30T21:40:10.000Z,,0.7322,22,JAIR BOLSONARO,PL,361655,,,,,
2022,2,presidente,PI,,2022-10-30T21:40:10.000Z,,0.7322,13,LULA,PT,1142611,,,,,
2022,2,presidente,PI,,2022-10-30T21:41:41.000Z,,0.739,22,JAIR BOLSONARO,PL,364236,,,,,
2022,2,presidente,PI,,2022-10-30T21:41:41.000Z,,0.739,13,LULA,PT,1153182,,,,,
2022,2,presidente,PI,,2022-10-30T21:43:03.000Z,,0.754,22,JAIR BOLSONARO,PL,369702,,,,,
2022,2,presidente,PI,,2022-10-30T21:43:03.000Z,,0.754,13,LULA,PT,1175595,,,,,
2022,2,presidente,PI,,2022-10-30T21:44:22.000Z,,0.7593,22,JAIR BOLSONARO,PL,372085,,,,,
2022,2,presidente,PI,,2022-10-30T21:44:22.000Z,,0.7593,13,LULA,PT,1184235,,,,,
2022,2,presidente,PI,,2022-10-30T21:45:43.000Z,,0.7672,22,JAIR BOLSONARO,PL,375328,,,,,
2022,2,presidente,PI,,2022-10-30T21:45:43.000Z,,0.7672,13,LULA,PT,1196427,,,,,
2022,2,presidente,PI,,2022-10-30T21:47:02.000Z,,0.7749,22,JAIR BOLSONARO,PL,378078,,,,,
2022,2,presidente,PI,,2022-10-30T21:47:02.000Z,,0.7749,13,LULA,PT,1208217,,,,,
2022,2,presidente,PI,,2022-10-30T21:48:25.000Z,,0.7925,22,JAIR BOLSONARO,PL,384609,,,,,
2022,2,presidente,PI,,2022-10-30T21:48:25.000Z,,0.7925,13,LULA,PT,1233734,,,,,
2022,2,presidente,PI,,2022-10-30T21:50:03.000Z,,0.8011,22,JAIR BOLSONARO,PL,388128,,,,,
2022,2,presidente,PI,,2022-10-30T21:50:03.000Z,,0.8011,13,LULA,PT,1247283,,,,,
2022,2,presidente,PI,,2022-10-30T21:51:40.000Z,,0.8078,22,JAIR BOLSONARO,PL,390694,,,,,
2022,2,presidente,PI,,2022-10-30T21:51:40.000Z,,0.8078,13,LULA,PT,1257900,,,,,
2022,2,presidente,PI,,2022-10-30T21:53:14.000Z,,0.821,22,JAIR BOLSONARO,PL,395988,,,,,
2022,2,presidente,PI,,2022-10-30T21:53:14.000Z,,0.821,13,LULA,PT,1278696,,,,,
2022,2,presidente,PI,,2022-10-30T21:54:39.000Z,,0.8256,22,JAIR BOLSONARO,PL,397602,,,,,
2022,2,presidente,PI,,2022-10-30T21:54:39.000Z,,0.8256,13,LULA,PT,1285985,,,,,
2022,2,presidente,PI,,2022-10-30T21:56:09.000Z,,0.8338,22,JAIR BOLSONARO,PL,400478,,,,,
2022,2,presidente,PI,,2022-10-30T21:56:09.000Z,,0.8338,13,LULA,PT,1298395,,,,,
2022,2,presidente,PI,,2022-10-30T21:57:47.000Z,,0.845,22,JAIR BOLSONARO,PL,404672,,,,,
2022,2,presidente,PI,,2022-10-30T21:57:47.000Z,,0.845,13,LULA,PT,1315372,,,,,
2022,2,presidente,PI,,2022-10-30T21:59:14.000Z,,0.8519,22,JAIR BOLSONARO,PL,407844,,,,,
2022,2,presidente,PI,,2022-10-30T21:59:14.000Z,,0.8519,13,LULA,PT,1326487,,,,,
2022,2,presidente,PI,,2022-10-30T22:00:46.000Z,,0.8673,22,JAIR BOLSONARO,PL,413975,,,,,
2022,2,presidente,PI,,2022-10-30T22:00:46.000Z,,0.8673,13,LULA,PT,1350870,,,,,
2022,2,presidente,PI,,2022-10-30T22:02:16.000Z,,0.8712,22,JAIR BOLSONARO,PL,415719,,,,,
2022,2,presidente,PI,,2022-10-30T22:02:16.000Z,,0.8712,13,LULA,PT,1357453,,,,,
2022,2,presidente,PI,,2022-10-30T22:03:39.000Z,,0.8803,22,JAIR BOLSONARO,PL,419235,,,,,
2022,2,presidente,PI,,2022-10-30T22:03:39.000Z,,0.8803,13,LULA,PT,1371470,,,,,
2022,2,presidente,PI,,2022-10-30T22:05:05.000Z,,0.8872,22,JAIR BOLSONARO,PL,422380,,,,,
2022,2,presidente,PI,,2022-10-30T22:05:05.000Z,,0.8872,13,LULA,PT,1383009,,,,,
2022,2,presidente,PI,,2022-10-30T22:06:26.000Z,,0.9003,22,JAIR BOLSONARO,PL,428210,,,,,
2022,2,presidente,PI,,2022-10-30T22:06:26.000Z,,0.9003,13,LULA,PT,1403121,,,,,
2022,2,presidente,PI,,2022-10-30T22:07:56.000Z,,0.908,22,JAIR BOLSONARO,PL,431151,,,,,
2022,2,presidente,PI,,2022-10-30T22:07:56.000Z,,0.908,13,LULA,PT,1414923,,,,,
2022,2,presidente,PI,,2022-10-30T22:09:19.000Z,,0.9114,22,JAIR BOLSONARO,PL,432495,,,,,
2022,2,presidente,PI,,2022-10-30T22:09:19.000Z,,0.9114,13,LULA,PT,1420117,,,,,
2022,2,presidente,PI,,2022-10-30T22:10:49.000Z,,0.92,22,JAIR BOLSONARO,PL,435952,,,,,
2022,2,presidente,PI,,2022-10-30T22:10:49.000Z,,0.92,13,LULA,PT,1433415,,,,,
2022,2,presidente,PI,,2022-10-30T22:12:35.000Z,,0.9239,22,JAIR BOLSONARO,PL,437428,,,,,
2022,2,presidente,PI,,2022-10-30T22:12:35.000Z,,0.9239,13,LULA,PT,1439091,,,,,
2022,2,presidente,PI,,2022-10-30T22:14:19.000Z,,0.9325,22,JAIR BOLSONARO,PL,441270,,,,,
2022,2,presidente,PI,,2022-10-30T22:14:19.000Z,,0.9325,13,LULA,PT,1452963,,,,,
2022,2,presidente,PI,,2022-10-30T22:15:57.000Z,,0.9366,22,JAIR BOLSONARO,PL,443126,,,,,
2022,2,presidente,PI,,2022-10-30T22:15:57.000Z,,0.9366,13,LULA,PT,1458686,,,,,
2022,2,presidente,PI,,2022-10-30T22:17:40.000Z,,0.9421,22,JAIR BOLSONARO,PL,445007,,,,,
2022,2,presidente,PI,,2022-10-30T22:17:40.000Z,,0.9421,13,LULA,PT,1467185,,,,,
2022,2,presidente,PI,,2022-10-30T22:19:21.000Z,,0.9454,22,JAIR BOLSONARO,PL,446540,,,,,
2022,2,presidente,PI,,2022-10-30T22:19:21.000Z,,0.9454,13,LULA,PT,1472432,,,,,
2022,2,presidente,PI,,2022-10-30T22:20:57.000Z,,0.9515,22,JAIR BOLSONARO,PL,448897,,,,,
2022,2,presidente,PI,,2022-10-30T22:20:57.000Z,,0.9515,13,LULA,PT,1482176,,,,,
2022,2,presidente,PI,,2022-10-30T22:22:31.000Z,,0.9544,22,JAIR BOLSONARO,PL,450209,,,,,
2022,2,presidente,PI,,2022-10-30T22:22:31.000Z,,0.9544,13,LULA,PT,1486267,,,,,
2022,2,presidente,PI,,2022-10-30T22:24:02.000Z,,0.9567,22,JAIR BOLSONARO,PL,451081,,,,,
2022,2,presidente,PI,,2022-10-30T22:24:02.000Z,,0.9567,13,LULA,PT,1489682,,,,,
2022,2,presidente,PI,,2022-10-30T22:25:50.000Z,,0.961,22,JAIR BOLSONARO,PL,452573,,,,,
2022,2,presidente,PI,,2022-10-30T22:25:50.000Z,,0.961,13,LULA,PT,1495093,,,,,
2022,2,presidente,PI,,2022-10-30T22:27:40.000Z,,0.9723,22,JAIR BOLSONARO,PL,457759,,,,,
2022,2,presidente,PI,,2022-10-30T22:27:40.000Z,,0.9723,13,LULA,PT,1511450,,,,,
2022,2,presidente,PI,,2022-10-30T22:29:18.000Z,,0.9753,22,JAIR BOLSONARO,PL,458986,,,,,
2022,2,presidente,PI,,2022-10-30T22:29:18.000Z,,0.9753,13,LULA,PT,1516173,,,,,
2022,2,presidente,PI,,2022-10-30T22:31:04.000Z,,0.9759,22,JAIR BOLSONARO,PL,459303,,,,,
2022,2,presidente,PI,,2022-10-30T22:31:04.000Z,,0.9759,13,LULA,PT,1516914,,,,,
2022,2,presidente,PI,,2022-10-30T22:32:41.000Z,,0.9763,22,JAIR BOLSONARO,PL,459459,,,,,
2022,2,presidente,PI,,2022-10-30T22:32:41.000Z,,0.9763,13,LULA,PT,1517591,,,,,
2022,2,presidente,PI,,2022-10-30T22:34:28.000Z,,0.9763,22,JAIR BOLSONARO,PL,459459,,,,,
2022,2,presidente,PI,,2022-10-30T22:34:28.000Z,,0.9763,13,LULA,PT,1517591,,,,,
2022,2,presidente,PI,,2022-10-30T22:36:22.000Z,,0.9766,22,JAIR BOLSONARO,PL,459486,,,,,
2022,2,presidente,PI,,2022-10-30T22:36:22.000Z,,0.9766,13,LULA,PT,1517767,,,,,
2022,2,presidente,PI,,2022-10-30T22:38:20.000Z,,0.9767,22,JAIR BOLSONARO,PL,459490,,,,,
2022,2,presidente,PI,,2022-10-30T22:38:20.000Z,,0.9767,13,LULA,PT,1517905,,,,,
2022,2,presidente,PI,,2022-10-30T22:39:56.000Z,,0.9775,22,JAIR BOLSONARO,PL,459569,,,,,
2022,2,presidente,PI,,2022-10-30T22:39:56.000Z,,0.9775,13,LULA,PT,1518802,,,,,
2022,2,presidente,PI,,2022-10-30T22:41:43.000Z,,0.9786,22,JAIR BOLSONARO,PL,459930,,,,,
2022,2,presidente,PI,,2022-10-30T22:41:43.000Z,,0.9786,13,LULA,PT,1520247,,,,,
2022,2,presidente,PI,,2022-10-30T22:43:11.000Z,,0.9788,22,JAIR BOLSONARO,PL,460108,,,,,
2022,2,presidente,PI,,2022-10-30T22:43:11.000Z,,0.9788,13,LULA,PT,1520686,,,,,
2022,2,presidente,PI,,2022-10-30T22:44:55.000Z,,0.9796,22,JAIR BOLSONARO,PL,460286,,,,,
2022,2,presidente,PI,,2022-10-30T22:44:55.000Z,,0.9796,13,LULA,PT,1521890,,,,,
2022,2,presidente,PI,,2022-10-30T22:46:46.000Z,,0.9804,22,JAIR BOLSONARO,PL,460446,,,,,
2022,2,presidente,PI,,2022-10-30T22:46:46.000Z,,0.9804,13,LULA,PT,1523366,,,,,
2022,2,presidente,PI,,2022-10-30T22:48:31.000Z,,0.9824,22,JAIR BOLSONARO,PL,460870,,,,,
2022,2,presidente,PI,,2022-10-30T22:48:31.000Z,,0.9824,13,LULA,PT,1526460,,,,,
2022,2,presidente,PI,,2022-10-30T22:50:14.000Z,,0.9826,22,JAIR BOLSONARO,PL,460916,,,,,
2022,2,presidente,PI,,2022-10-30T22:50:14.000Z,,0.9826,13,LULA,PT,1526768,,,,,
2022,2,presidente,PI,,2022-10-30T22:51:54.000Z,,0.9832,22,JAIR BOLSONARO,PL,461064,,,,,
2022,2,presidente,PI,,2022-10-30T22:51:54.000Z,,0.9832,13,LULA,PT,1527713,,,,,
2022,2,presidente,PI,,2022-10-30T22:53:31.000Z,,0.9833,22,JAIR BOLSONARO,PL,461098,,,,,
2022,2,presidente,PI,,2022-10-30T22:53:31.000Z,,0.9833,13,LULA,PT,1527900,,,,,
2022,2,presidente,PI,,2022-10-30T22:55:05.000Z,,0.9863,22,JAIR BOLSONARO,PL,461925,,,,,
2022,2,presidente,PI,,2022-10-30T22:55:05.000Z,,0.9863,13,LULA,PT,1532562,,,,,
2022,2,presidente,PI,,2022-10-30T22:56:51.000Z,,0.9865,22,JAIR BOLSONARO,PL,462028,,,,,
2022,2,presidente,PI,,2022-10-30T22:56:51.000Z,,0.9865,13,LULA,PT,1532939,,,,,
2022,2,presidente,PI,,2022-10-30T22:58:25.000Z,,0.9875,22,JAIR BOLSONARO,PL,462323,,,,,
2022,2,presidente,PI,,2022-10-30T22:58:25.000Z,,0.9875,13,LULA,PT,1534634,,,,,
2022,2,presidente,PI,,2022-10-30T23:00:44.000Z,,0.9882,22,JAIR BOLSONARO,PL,462553,,,,,
2022,2,presidente,PI,,2022-10-30T23:00:44.000Z,,0.9882,13,LULA,PT,1535728,,,,,
2022,2,presidente,PI,,2022-10-30T23:02:58.000Z,,0.992,22,JAIR BOLSONARO,PL,464522,,,,,
2022,2,presidente,PI,,2022-10-30T23:02:58.000Z,,0.992,13,LULA,PT,1540535,,,,,
2022,2,presidente,PI,,2022-10-30T23:04:45.000Z,,0.995,22,JAIR BOLSONARO,PL,465742,,,,,
2022,2,presidente,PI,,2022-10-30T23:04:45.000Z,,0.995,13,LULA,PT,1543877,,,,,
2022,2,presidente,PI,,2022-10-30T23:06:40.000Z,,0.9954,22,JAIR BOLSONARO,PL,465864,,,,,
2022,2,presidente,PI,,2022-10-30T23:06:40.000Z,,0.9954,13,LULA,PT,1544376,,,,,
2022,2,presidente,PI,,2022-10-30T23:08:31.000Z,,0.9954,22,JAIR BOLSONARO,PL,465864,,,,,
2022,2,presidente,PI,,2022-10-30T23:08:31.000Z,,0.9954,13,LULA,PT,1544376,,,,,
2022,2,presidente,PI,,2022-10-30T23:10:12.000Z,,0.9955,22,JAIR BOLSONARO,PL,465923,,,,,
2022,2,presidente,PI,,2022-10-30T23:10:12.000Z,,0.9955,13,LULA,PT,1544471,,,,,
2022,2,presidente,PI,,2022-10-30T23:12:03.000Z,,0.9955,22,JAIR BOLSONARO,PL,465923,,,,,
2022,2,presidente,PI,,2022-10-30T23:12:03.000Z,,0.9955,13,LULA,PT,1544471,,,,,
2022,2,presidente,PI,,2022-10-30T23:14:06.000Z,,0.9958,22,JAIR BOLSONARO,PL,466003,,,,,
2022,2,presidente,PI,,2022-10-30T23:14:06.000Z,,0.9958,13,LULA,PT,1544841,,,,,
2022,2,presidente,PI,,2022-10-30T23:16:14.000Z,,0.9962,22,JAIR BOLSONARO,PL,466062,,,,,
2022,2,presidente,PI,,2022-10-30T23:16:14.000Z,,0.9962,13,LULA,PT,1545603,,,,,
2022,2,presidente,PI,,2022-10-30T23:18:52.000Z,,0.9964,22,JAIR BOLSONARO,PL,466106,,,,,
2022,2,presidente,PI,,2022-10-30T23:18:52.000Z,,0.9964,13,LULA,PT,1545881,,,,,
2022,2,presidente,PI,,2022-10-30T23:20:49.000Z,,0.9964,22,JAIR BOLSONARO,PL,466106,,,,,
2022,2,presidente,PI,,2022-10-30T23:20:49.000Z,,0.9964,13,LULA,PT,1545881,,,,,
2022,2,presidente,PI,,2022-10-30T23:22:14.000Z,,0.9973,22,JAIR BOLSONARO,PL,466375,,,,,
2022,2,presidente,PI,,2022-10-30T23:22:14.000Z,,0.9973,13,LULA,PT,1547113,,,,,
2022,2,presidente,PI,,2022-10-30T23:23:47.000Z,,0.9973,22,JAIR BOLSONARO,PL,466375,,,,,
2022,2,presidente,PI,,2022-10-30T23:23:47.000Z,,0.9973,13,LULA,PT,1547113,,,,,
2022,2,presidente,PI,,2022-10-30T23:25:09.000Z,,0.9973,22,JAIR BOLSONARO,PL,466375,,,,,
2022,2,presidente,PI,,2022-10-30T23:25:09.000Z,,0.9973,13,LULA,PT,1547113,,,,,
2022,2,presidente,PI,,2022-10-30T23:26:49.000Z,,0.9973,22,JAIR BOLSONARO,PL,466375,,,,,
2022,2,presidente,PI,,2022-10-30T23:26:49.000Z,,0.9973,13,LULA,PT,1547113,,,,,
2022,2,presidente,PI,,2022-10-30T23:28:22.000Z,,0.9973,22,JAIR BOLSONARO,PL,466375,,,,,
2022,2,presidente,PI,,2022-10-30T23:28:22.000Z,,0.9973,13,LULA,PT,1547113,,,,,
2022,2,presidente,PI,,2022-10-30T23:30:18.000Z,,0.9973,22,JAIR BOLSONARO,PL,466375,,,,,
2022,2,presidente,PI,,2022-10-30T23:30:18.000Z,,0.9973,13,LULA,PT,1547113,,,,,
2022,2,presidente,PI,,2022-10-30T23:32:05.000Z,,0.9973,22,JAIR BOLSONARO,PL,466375,,,,,
2022,2,presidente,PI,,2022-10-30T23:32:05.000Z,,0.9973,13,LULA,PT,1547113,,,,,
2022,2,presidente,PI,,2022-10-30T23:33:54.000Z,,0.9973,22,JAIR BOLSONARO,PL,466375,,,,,
2022,2,presidente,PI,,2022-10-30T23:33:54.000Z,,0.9973,13,LULA,PT,1547113,,,,,
2022,2,presidente,PI,,2022-10-30T23:35:25.000Z,,0.9973,22,JAIR BOLSONARO,PL,466375,,,,,
2022,2,presidente,PI,,2022-10-30T23:35:25.000Z,,0.9973,13,LULA,PT,1547113,,,,,
2022,2,presidente,PI,,2022-10-30T23:36:59.000Z,,0.9973,22,JAIR BOLSONARO,PL,466375,,,,,
2022,2,presidente,PI,,2022-10-30T23:36:59.000Z,,0.9973,13,LULA,PT,1547113,,,,,
2022,2,presidente,PI,,2022-10-30T23:39:02.000Z,,0.9973,22,JAIR BOLSONARO,PL,466375,,,,,
2022,2,presidente,PI,,2022-10-30T23:39:02.000Z,,0.9973,13,LULA,PT,1547113,,,,,
2022,2,presidente,PI,,2022-10-30T23:41:20.000Z,,0.9973,22,JAIR BOLSONARO,PL,466375,,,,,
2022,2,presidente,PI,,2022-10-30T23:41:20.000Z,,0.9973,13,LULA,PT,1547113,,,,,
2022,2,presidente,PI,,2022-10-30T23:43:06.000Z,,0.9975,22,JAIR BOLSONARO,PL,466403,,,,,
2022,2,presidente,PI,,2022-10-30T23:43:06.000Z,,0.9975,13,LULA,PT,1547333,,,,,
2022,2,presidente,PI,,2022-10-30T23:45:14.000Z,,0.9975,22,JAIR BOLSONARO,PL,466403,,,,,
2022,2,presidente,PI,,2022-10-30T23:45:14.000Z,,0.9975,13,LULA,PT,1547333,,,,,
2022,2,presidente,PI,,2022-10-30T23:47:06.000Z,,0.9975,22,JAIR BOLSONARO,PL,466403,,,,,
2022,2,presidente,PI,,2022-10-30T23:47:06.000Z,,0.9975,13,LULA,PT,1547333,,,,,
2022,2,presidente,PI,,2022-10-30T23:48:45.000Z,,0.9975,22,JAIR BOLSONARO,PL,466403,,,,,
2022,2,presidente,PI,,2022-10-30T23:48:45.000Z,,0.9975,13,LULA,PT,1547333,,,,,
2022,2,presidente,PI,,2022-10-30T23:50:48.000Z,,0.9975,22,JAIR BOLSONARO,PL,466403,,,,,
2022,2,presidente,PI,,2022-10-30T23:50:48.000Z,,0.9975,13,LULA,PT,1547333,,,,,
2022,2,presidente,PI,,2022-10-30T23:52:15.000Z,,0.9975,22,JAIR BOLSONARO,PL,466403,,,,,
2022,2,presidente,PI,,2022-10-30T23:52:15.000Z,,0.9975,13,LULA,PT,1547333,,,,,
2022,2,presidente,PI,,2022-10-30T23:54:23.000Z,,0.9975,22,JAIR BOLSONARO,PL,466403,,,,,
2022,2,presidente,PI,,2022-10-30T23:54:23.000Z,,0.9975,13,LULA,PT,1547333,,,,,
2022,2,presidente,PI,,2022-10-30T23:56:22.000Z,,0.9975,22,JAIR BOLSONARO,PL,466403,,,,,
2022,2,presidente,PI,,2022-10-30T23:56:22.000Z,,0.9975,13,LULA,PT,1547333,,,,,
2022,2,presidente,PI,,2022-10-30T23:58:49.000Z,,0.9975,22,JAIR BOLSONARO,PL,466403,,,,,
2022,2,presidente,PI,,2022-10-30T23:58:49.000Z,,0.9975,13,LULA,PT,1547333,,,,,
2022,2,presidente,PI,,2022-10-31T00:00:16.000Z,,0.9977,22,JAIR BOLSONARO,PL,466435,,,,,
2022,2,presidente,PI,,2022-10-31T00:00:16.000Z,,0.9977,13,LULA,PT,1547605,,,,,
2022,2,presidente,PI,,2022-10-31T00:01:41.000Z,,0.9977,22,JAIR BOLSONARO,PL,466435,,,,,
2022,2,presidente,PI,,2022-10-31T00:01:41.000Z,,0.9977,13,LULA,PT,1547605,,,,,
2022,2,presidente,PI,,2022-10-31T00:03:57.000Z,,0.9977,22,JAIR BOLSONARO,PL,466435,,,,,
2022,2,presidente,PI,,2022-10-31T00:03:57.000Z,,0.9977,13,LULA,PT,1547605,,,,,
2022,2,presidente,PI,,2022-10-31T00:06:43.000Z,,0.9977,22,JAIR BOLSONARO,PL,466435,,,,,
2022,2,presidente,PI,,2022-10-31T00:06:43.000Z,,0.9977,13,LULA,PT,1547605,,,,,
2022,2,presidente,PI,,2022-10-31T00:08:27.000Z,,0.9977,22,JAIR BOLSONARO,PL,466435,,,,,
2022,2,presidente,PI,,2022-10-31T00:08:27.000Z,,0.9977,13,LULA,PT,1547605,,,,,
2022,2,presidente,PI,,2022-10-31T00:10:59.000Z,,0.9977,22,JAIR BOLSONARO,PL,466435,,,,,
2022,2,presidente,PI,,2022-10-31T00:10:59.000Z,,0.9977,13,LULA,PT,1547605,,,,,
2022,2,presidente,PI,,2022-10-31T00:13:09.000Z,,0.9977,22,JAIR BOLSONARO,PL,466435,,,,,
2022,2,presidente,PI,,2022-10-31T00:13:09.000Z,,0.9977,13,LULA,PT,1547605,,,,,
2022,2,presidente,PI,,2022-10-31T00:15:04.000Z,,0.9977,22,JAIR BOLSONARO,PL,466435,,,,,
2022,2,presidente,PI,,2022-10-31T00:15:04.000Z,,0.9977,13,LULA,PT,1547605,,,,,
2022,2,presidente,PI,,2022-10-31T00:16:53.000Z,,0.9994,22,JAIR BOLSONARO,PL,466969,,,,,
2022,2,presidente,PI,,2022-10-31T00:16:53.000Z,,0.9994,13,LULA,PT,1550405,,,,,
2022,2,presidente,PI,,2022-10-31T00:19:17.000Z,,0.9994,22,JAIR BOLSONARO,PL,466969,,,,,
2022,2,presidente,PI,,2022-10-31T00:19:17.000Z,,0.9994,13,LULA,PT,1550405,,,,,
2022,2,presidente,PI,,2022-10-31T00:21:19.000Z,,0.9994,22,JAIR BOLSONARO,PL,466969,,,,,
2022,2,presidente,PI,,2022-10-31T00:21:19.000Z,,0.9994,13,LULA,PT,1550405,,,,,
2022,2,presidente,PI,,2022-10-31T00:23:51.000Z,,0.9994,22,JAIR BOLSONARO,PL,466969,,,,,
2022,2,presidente,PI,,2022-10-31T00:23:51.000Z,,0.9994,13,LULA,PT,1550405,,,,,
2022,2,presidente,PI,,2022-10-31T00:26:03.000Z,,0.9994,22,JAIR BOLSONARO,PL,466969,,,,,
2022,2,presidente,PI,,2022-10-31T00:26:03.000Z,,0.9994,13,LULA,PT,1550405,,,,,
2022,2,presidente,PI,,2022-10-31T00:27:50.000Z,,0.9994,22,JAIR BOLSONARO,PL,466969,,,,,
2022,2,presidente,PI,,2022-10-31T00:27:50.000Z,,0.9994,13,LULA,PT,1550405,,,,,
2022,2,presidente,PI,,2022-10-31T00:29:52.000Z,,0.9994,22,JAIR BOLSONARO,PL,466969,,,,,
2022,2,presidente,PI,,2022-10-31T00:29:52.000Z,,0.9994,13,LULA,PT,1550405,,,,,
2022,2,presidente,PI,,2022-10-31T00:32:00.000Z,,0.9994,22,JAIR BOLSONARO,PL,466969,,,,,
2022,2,presidente,PI,,2022-10-31T00:32:00.000Z,,0.9994,13,LULA,PT,1550405,,,,,
2022,2,presidente,PI,,2022-10-31T00:34:17.000Z,,0.9994,22,JAIR BOLSONARO,PL,466969,,,,,
2022,2,presidente,PI,,2022-10-31T00:34:17.000Z,,0.9994,13,LULA,PT,1550405,,,,,
2022,2,presidente,PI,,2022-10-31T00:36:17.000Z,,0.9994,22,JAIR BOLSONARO,PL,466969,,,,,
2022,2,presidente,PI,,2022-10-31T00:36:17.000Z,,0.9994,13,LULA,PT,1550405,,,,,
2022,2,presidente,PI,,2022-10-31T00:38:30.000Z,,0.9994,22,JAIR BOLSONARO,PL,466969,,,,,
2022,2,presidente,PI,,2022-10-31T00:38:30.000Z,,0.9994,13,LULA,PT,1550405,,,,,
2022,2,presidente,PI,,2022-10-31T00:40:45.000Z,,0.9994,22,JAIR BOLSONARO,PL,466969,,,,,
2022,2,presidente,PI,,2022-10-31T00:40:45.000Z,,0.9994,13,LULA,PT,1550405,,,,,
2022,2,presidente,PI,,2022-10-31T00:42:32.000Z,,0.9994,22,JAIR BOLSONARO,PL,466969,,,,,
2022,2,presidente,PI,,2022-10-31T00:42:32.000Z,,0.9994,13,LULA,PT,1550405,,,,,
2022,2,presidente,PI,,2022-10-31T00:44:14.000Z,,0.9994,22,JAIR BOLSONARO,PL,466969,,,,,
2022,2,presidente,PI,,2022-10-31T00:44:14.000Z,,0.9994,13,LULA,PT,1550405,,,,,
2022,2,presidente,PI,,2022-10-31T00:46:15.000Z,,0.9994,22,JAIR BOLSONARO,PL,466969,,,,,
2022,2,presidente,PI,,2022-10-31T00:46:15.000Z,,0.9994,13,LULA,PT,1550405,,,,,
2022,2,presidente,PI,,2022-10-31T00:48:28.000Z,,0.9994,22,JAIR BOLSONARO,PL,466969,,,,,
2022,2,presidente,PI,,2022-10-31T00:48:28.000Z,,0.9994,13,LULA,PT,1550405,,,,,
2022,2,presidente,PI,,2022-10-31T00:50:00.000Z,,0.9994,22,JAIR BOLSONARO,PL,466969,,,,,
2022,2,presidente,PI,,2022-10-31T00:50:00.000Z,,0.9994,13,LULA,PT,1550405,,,,,
2022,2,presidente,PI,,2022-10-31T00:52:44.000Z,,0.9994,22,JAIR BOLSONARO,PL,466969,,,,,
2022,2,presidente,PI,,2022-10-31T00:52:44.000Z,,0.9994,13,LULA,PT,1550405,,,,,
2022,2,presidente,PI,,2022-10-31T00:54:22.000Z,,0.9994,22,JAIR BOLSONARO,PL,466969,,,,,
2022,2,presidente,PI,,2022-10-31T00:54:22.000Z,,0.9994,13,LULA,PT,1550405,,,,,
2022,2,presidente,PI,,2022-10-31T00:56:28.000Z,,0.9994,22,JAIR BOLSONARO,PL,466969,,,,,
2022,2,presidente,PI,,2022-10-31T00:56:28.000Z,,0.9994,13,LULA,PT,1550405,,,,,
2022,2,presidente,PI,,2022-10-31T00:58:20.000Z,,0.9994,22,JAIR BOLSONARO,PL,466969,,,,,
2022,2,presidente,PI,,2022-10-31T00:58:20.000Z,,0.9994,13,LULA,PT,1550405,,,,,
2022,2,presidente,PI,,2022-10-31T01:00:36.000Z,,0.9994,22,JAIR BOLSONARO,PL,466969,,,,,
2022,2,presidente,PI,,2022-10-31T01:00:36.000Z,,0.9994,13,LULA,PT,1550405,,,,,
2022,2,presidente,PI,,2022-10-31T01:02:14.000Z,,0.9994,22,JAIR BOLSONARO,PL,466969,,,,,
2022,2,presidente,PI,,2022-10-31T01:02:14.000Z,,0.9994,13,LULA,PT,1550405,,,,,
2022,2,presidente,PI,,2022-10-31T01:04:18.000Z,,0.9994,22,JAIR BOLSONARO,PL,466969,,,,,
2022,2,presidente,PI,,2022-10-31T01:04:18.000Z,,0.9994,13,LULA,PT,1550405,,,,,
2022,2,presidente,PI,,2022-10-31T01:05:39.000Z,,0.9994,22,JAIR BOLSONARO,PL,466969,,,,,
2022,2,presidente,PI,,2022-10-31T01:05:39.000Z,,0.9994,13,LULA,PT,1550405,,,,,
2022,2,presidente,PI,,2022-10-31T01:07:58.000Z,,0.9994,22,JAIR BOLSONARO,PL,466969,,,,,
2022,2,presidente,PI,,2022-10-31T01:07:58.000Z,,0.9994,13,LULA,PT,1550405,,,,,
2022,2,presidente,PI,,2022-10-31T01:09:56.000Z,,0.9994,22,JAIR BOLSONARO,PL,466969,,,,,
2022,2,presidente,PI,,2022-10-31T01:09:56.000Z,,0.9994,13,LULA,PT,1550405,,,,,
2022,2,presidente,PI,,2022-10-31T01:11:40.000Z,,0.9994,22,JAIR BOLSONARO,PL,466969,,,,,
2022,2,presidente,PI,,2022-10-31T01:11:40.000Z,,0.9994,13,LULA,PT,1550405,,,,,
2022,2,presidente,PI,,2022-10-31T01:13:29.000Z,,0.9994,22,JAIR BOLSONARO,PL,466969,,,,,
2022,2,presidente,PI,,2022-10-31T01:13:29.000Z,,0.9994,13,LULA,PT,1550405,,,,,
2022,2,presidente,PI,,2022-10-31T01:15:35.000Z,,0.9994,22,JAIR BOLSONARO,PL,466969,,,,,
2022,2,presidente,PI,,2022-10-31T01:15:35.000Z,,0.9994,13,LULA,PT,1550405,,,,,
2022,2,presidente,PI,,2022-10-31T01:17:31.000Z,,0.9994,22,JAIR BOLSONARO,PL,466969,,,,,
2022,2,presidente,PI,,2022-10-31T01:17:31.000Z,,0.9994,13,LULA,PT,1550405,,,,,
2022,2,presidente,PI,,2022-10-31T01:19:19.000Z,,0.9994,22,JAIR BOLSONARO,PL,466969,,,,,
2022,2,presidente,PI,,2022-10-31T01:19:19.000Z,,0.9994,13,LULA,PT,1550405,,,,,
2022,2,presidente,PI,,2022-10-31T01:21:00.000Z,,0.9994,22,JAIR BOLSONARO,PL,466969,,,,,
2022,2,presidente,PI,,2022-10-31T01:21:00.000Z,,0.9994,13,LULA,PT,1550405,,,,,
2022,2,presidente,PI,,2022-10-31T01:35:12.000Z,,1,22,JAIR BOLSONARO,PL,467065,,,,,
2022,2,presidente,PI,,2022-10-31T01:35:12.000Z,,1,13,LULA,PT,1551383,,,,,
2022,2,presidente,PR,,2022-10-30T20:02:47.000Z,,0.0001,22,JAIR BOLSONARO,PL,16,,,,,
2022,2,presidente,PR,,2022-10-30T20:02:47.000Z,,0.0001,13,LULA,PT,35,,,,,
2022,2,presidente,PR,,2022-10-30T20:03:59.000Z,,0.0001,22,JAIR BOLSONARO,PL,16,,,,,
2022,2,presidente,PR,,2022-10-30T20:03:59.000Z,,0.0001,13,LULA,PT,35,,,,,
2022,2,presidente,PR,,2022-10-30T20:05:11.000Z,,0.0001,22,JAIR BOLSONARO,PL,220,,,,,
2022,2,presidente,PR,,2022-10-30T20:05:11.000Z,,0.0001,13,LULA,PT,164,,,,,
2022,2,presidente,PR,,2022-10-30T20:06:22.000Z,,0.0004,22,JAIR BOLSONARO,PL,1469,,,,,
2022,2,presidente,PR,,2022-10-30T20:06:22.000Z,,0.0004,13,LULA,PT,763,,,,,
2022,2,presidente,PR,,2022-10-30T20:07:27.000Z,,0.0017,22,JAIR BOLSONARO,PL,7111,,,,,
2022,2,presidente,PR,,2022-10-30T20:07:27.000Z,,0.0017,13,LULA,PT,3799,,,,,
2022,2,presidente,PR,,2022-10-30T20:08:40.000Z,,0.0045,22,JAIR BOLSONARO,PL,19220,,,,,
2022,2,presidente,PR,,2022-10-30T20:08:40.000Z,,0.0045,13,LULA,PT,9927,,,,,
2022,2,presidente,PR,,2022-10-30T20:09:51.000Z,,0.0166,22,JAIR BOLSONARO,PL,74163,,,,,
2022,2,presidente,PR,,2022-10-30T20:09:51.000Z,,0.0166,13,LULA,PT,38835,,,,,
2022,2,presidente,PR,,2022-10-30T20:11:02.000Z,,0.0219,22,JAIR BOLSONARO,PL,97519,,,,,
2022,2,presidente,PR,,2022-10-30T20:11:02.000Z,,0.0219,13,LULA,PT,51375,,,,,
2022,2,presidente,PR,,2022-10-30T20:12:08.000Z,,0.0265,22,JAIR BOLSONARO,PL,117074,,,,,
2022,2,presidente,PR,,2022-10-30T20:12:08.000Z,,0.0265,13,LULA,PT,62621,,,,,
2022,2,presidente,PR,,2022-10-30T20:13:15.000Z,,0.0328,22,JAIR BOLSONARO,PL,145112,,,,,
2022,2,presidente,PR,,2022-10-30T20:13:15.000Z,,0.0328,13,LULA,PT,78711,,,,,
2022,2,presidente,PR,,2022-10-30T20:14:30.000Z,,0.0449,22,JAIR BOLSONARO,PL,197540,,,,,
2022,2,presidente,PR,,2022-10-30T20:14:30.000Z,,0.0449,13,LULA,PT,107371,,,,,
2022,2,presidente,PR,,2022-10-30T20:15:37.000Z,,0.0553,22,JAIR BOLSONARO,PL,243383,,,,,
2022,2,presidente,PR,,2022-10-30T20:15:37.000Z,,0.0553,13,LULA,PT,134404,,,,,
2022,2,presidente,PR,,2022-10-30T20:16:43.000Z,,0.066,22,JAIR BOLSONARO,PL,289271,,,,,
2022,2,presidente,PR,,2022-10-30T20:16:43.000Z,,0.066,13,LULA,PT,160493,,,,,
2022,2,presidente,PR,,2022-10-30T20:17:49.000Z,,0.0782,22,JAIR BOLSONARO,PL,342766,,,,,
2022,2,presidente,PR,,2022-10-30T20:17:49.000Z,,0.0782,13,LULA,PT,188720,,,,,
2022,2,presidente,PR,,2022-10-30T20:19:05.000Z,,0.0823,22,JAIR BOLSONARO,PL,360702,,,,,
2022,2,presidente,PR,,2022-10-30T20:19:05.000Z,,0.0823,13,LULA,PT,198520,,,,,
2022,2,presidente,PR,,2022-10-30T20:20:11.000Z,,0.0839,22,JAIR BOLSONARO,PL,368742,,,,,
2022,2,presidente,PR,,2022-10-30T20:20:11.000Z,,0.0839,13,LULA,PT,202446,,,,,
2022,2,presidente,PR,,2022-10-30T20:21:32.000Z,,0.0902,22,JAIR BOLSONARO,PL,394667,,,,,
2022,2,presidente,PR,,2022-10-30T20:21:32.000Z,,0.0902,13,LULA,PT,217842,,,,,
2022,2,presidente,PR,,2022-10-30T20:22:43.000Z,,0.0947,22,JAIR BOLSONARO,PL,413213,,,,,
2022,2,presidente,PR,,2022-10-30T20:22:43.000Z,,0.0947,13,LULA,PT,230317,,,,,
2022,2,presidente,PR,,2022-10-30T20:23:59.000Z,,0.1029,22,JAIR BOLSONARO,PL,445987,,,,,
2022,2,presidente,PR,,2022-10-30T20:23:59.000Z,,0.1029,13,LULA,PT,251075,,,,,
2022,2,presidente,PR,,2022-10-30T20:25:11.000Z,,0.1101,22,JAIR BOLSONARO,PL,478038,,,,,
2022,2,presidente,PR,,2022-10-30T20:25:11.000Z,,0.1101,13,LULA,PT,268045,,,,,
2022,2,presidente,PR,,2022-10-30T20:26:18.000Z,,0.1157,22,JAIR BOLSONARO,PL,500846,,,,,
2022,2,presidente,PR,,2022-10-30T20:26:18.000Z,,0.1157,13,LULA,PT,282654,,,,,
2022,2,presidente,PR,,2022-10-30T20:27:24.000Z,,0.1355,22,JAIR BOLSONARO,PL,582948,,,,,
2022,2,presidente,PR,,2022-10-30T20:27:24.000Z,,0.1355,13,LULA,PT,331872,,,,,
2022,2,presidente,PR,,2022-10-30T20:28:29.000Z,,0.1355,22,JAIR BOLSONARO,PL,582948,,,,,
2022,2,presidente,PR,,2022-10-30T20:28:29.000Z,,0.1355,13,LULA,PT,331872,,,,,
2022,2,presidente,PR,,2022-10-30T20:29:40.000Z,,0.1444,22,JAIR BOLSONARO,PL,619489,,,,,
2022,2,presidente,PR,,2022-10-30T20:29:40.000Z,,0.1444,13,LULA,PT,355393,,,,,
2022,2,presidente,PR,,2022-10-30T20:30:58.000Z,,0.1604,22,JAIR BOLSONARO,PL,684745,,,,,
2022,2,presidente,PR,,2022-10-30T20:30:58.000Z,,0.1604,13,LULA,PT,394754,,,,,
2022,2,presidente,PR,,2022-10-30T20:32:09.000Z,,0.1703,22,JAIR BOLSONARO,PL,723308,,,,,
2022,2,presidente,PR,,2022-10-30T20:32:09.000Z,,0.1703,13,LULA,PT,419949,,,,,
2022,2,presidente,PR,,2022-10-30T20:33:22.000Z,,0.1817,22,JAIR BOLSONARO,PL,770320,,,,,
2022,2,presidente,PR,,2022-10-30T20:33:22.000Z,,0.1817,13,LULA,PT,447320,,,,,
2022,2,presidente,PR,,2022-10-30T20:34:38.000Z,,0.1964,22,JAIR BOLSONARO,PL,831151,,,,,
2022,2,presidente,PR,,2022-10-30T20:34:38.000Z,,0.1964,13,LULA,PT,483459,,,,,
2022,2,presidente,PR,,2022-10-30T20:35:47.000Z,,0.2136,22,JAIR BOLSONARO,PL,901106,,,,,
2022,2,presidente,PR,,2022-10-30T20:35:47.000Z,,0.2136,13,LULA,PT,526324,,,,,
2022,2,presidente,PR,,2022-10-30T20:36:55.000Z,,0.2323,22,JAIR BOLSONARO,PL,979121,,,,,
2022,2,presidente,PR,,2022-10-30T20:36:55.000Z,,0.2323,13,LULA,PT,573374,,,,,
2022,2,presidente,PR,,2022-10-30T20:38:01.000Z,,0.2537,22,JAIR BOLSONARO,PL,1071414,,,,,
2022,2,presidente,PR,,2022-10-30T20:38:01.000Z,,0.2537,13,LULA,PT,627952,,,,,
2022,2,presidente,PR,,2022-10-30T20:39:12.000Z,,0.2931,22,JAIR BOLSONARO,PL,1239597,,,,,
2022,2,presidente,PR,,2022-10-30T20:39:12.000Z,,0.2931,13,LULA,PT,724807,,,,,
2022,2,presidente,PR,,2022-10-30T20:40:23.000Z,,0.3083,22,JAIR BOLSONARO,PL,1307713,,,,,
2022,2,presidente,PR,,2022-10-30T20:40:23.000Z,,0.3083,13,LULA,PT,762259,,,,,
2022,2,presidente,PR,,2022-10-30T20:41:29.000Z,,0.3256,22,JAIR BOLSONARO,PL,1377458,,,,,
2022,2,presidente,PR,,2022-10-30T20:41:29.000Z,,0.3256,13,LULA,PT,805650,,,,,
2022,2,presidente,PR,,2022-10-30T20:42:35.000Z,,0.3256,22,JAIR BOLSONARO,PL,1377458,,,,,
2022,2,presidente,PR,,2022-10-30T20:42:35.000Z,,0.3256,13,LULA,PT,805650,,,,,
2022,2,presidente,PR,,2022-10-30T20:43:48.000Z,,0.3657,22,JAIR BOLSONARO,PL,1551770,,,,,
2022,2,presidente,PR,,2022-10-30T20:43:48.000Z,,0.3657,13,LULA,PT,904587,,,,,
2022,2,presidente,PR,,2022-10-30T20:44:59.000Z,,0.3843,22,JAIR BOLSONARO,PL,1627997,,,,,
2022,2,presidente,PR,,2022-10-30T20:44:59.000Z,,0.3843,13,LULA,PT,948055,,,,,
2022,2,presidente,PR,,2022-10-30T20:46:07.000Z,,0.4028,22,JAIR BOLSONARO,PL,1705965,,,,,
2022,2,presidente,PR,,2022-10-30T20:46:07.000Z,,0.4028,13,LULA,PT,994532,,,,,
2022,2,presidente,PR,,2022-10-30T20:47:36.000Z,,0.4203,22,JAIR BOLSONARO,PL,1777333,,,,,
2022,2,presidente,PR,,2022-10-30T20:47:36.000Z,,0.4203,13,LULA,PT,1038768,,,,,
2022,2,presidente,PR,,2022-10-30T20:48:57.000Z,,0.454,22,JAIR BOLSONARO,PL,1916889,,,,,
2022,2,presidente,PR,,2022-10-30T20:48:57.000Z,,0.454,13,LULA,PT,1124205,,,,,
2022,2,presidente,PR,,2022-10-30T20:50:10.000Z,,0.468,22,JAIR BOLSONARO,PL,1975100,,,,,
2022,2,presidente,PR,,2022-10-30T20:50:10.000Z,,0.468,13,LULA,PT,1158466,,,,,
2022,2,presidente,PR,,2022-10-30T20:51:23.000Z,,0.4824,22,JAIR BOLSONARO,PL,2034775,,,,,
2022,2,presidente,PR,,2022-10-30T20:51:23.000Z,,0.4824,13,LULA,PT,1195426,,,,,
2022,2,presidente,PR,,2022-10-30T20:52:41.000Z,,0.4983,22,JAIR BOLSONARO,PL,2097922,,,,,
2022,2,presidente,PR,,2022-10-30T20:52:41.000Z,,0.4983,13,LULA,PT,1237623,,,,,
2022,2,presidente,PR,,2022-10-30T20:53:59.000Z,,0.5286,22,JAIR BOLSONARO,PL,2223600,,,,,
2022,2,presidente,PR,,2022-10-30T20:53:59.000Z,,0.5286,13,LULA,PT,1317007,,,,,
2022,2,presidente,PR,,2022-10-30T20:55:21.000Z,,0.541,22,JAIR BOLSONARO,PL,2274867,,,,,
2022,2,presidente,PR,,2022-10-30T20:55:21.000Z,,0.541,13,LULA,PT,1346734,,,,,
2022,2,presidente,PR,,2022-10-30T20:56:43.000Z,,0.5536,22,JAIR BOLSONARO,PL,2329385,,,,,
2022,2,presidente,PR,,2022-10-30T20:56:43.000Z,,0.5536,13,LULA,PT,1377855,,,,,
2022,2,presidente,PR,,2022-10-30T20:58:05.000Z,,0.5637,22,JAIR BOLSONARO,PL,2371412,,,,,
2022,2,presidente,PR,,2022-10-30T20:58:05.000Z,,0.5637,13,LULA,PT,1403308,,,,,
2022,2,presidente,PR,,2022-10-30T20:59:16.000Z,,0.576,22,JAIR BOLSONARO,PL,2423343,,,,,
2022,2,presidente,PR,,2022-10-30T20:59:16.000Z,,0.576,13,LULA,PT,1433495,,,,,
2022,2,presidente,PR,,2022-10-30T21:00:48.000Z,,0.6024,22,JAIR BOLSONARO,PL,2529614,,,,,
2022,2,presidente,PR,,2022-10-30T21:00:48.000Z,,0.6024,13,LULA,PT,1500487,,,,,
2022,2,presidente,PR,,2022-10-30T21:02:06.000Z,,0.6169,22,JAIR BOLSONARO,PL,2590602,,,,,
2022,2,presidente,PR,,2022-10-30T21:02:06.000Z,,0.6169,13,LULA,PT,1534990,,,,,
2022,2,presidente,PR,,2022-10-30T21:03:29.000Z,,0.6293,22,JAIR BOLSONARO,PL,2643944,,,,,
2022,2,presidente,PR,,2022-10-30T21:03:29.000Z,,0.6293,13,LULA,PT,1565718,,,,,
2022,2,presidente,PR,,2022-10-30T21:04:35.000Z,,0.6383,22,JAIR BOLSONARO,PL,2682252,,,,,
2022,2,presidente,PR,,2022-10-30T21:04:35.000Z,,0.6383,13,LULA,PT,1588209,,,,,
2022,2,presidente,PR,,2022-10-30T21:05:47.000Z,,0.6491,22,JAIR BOLSONARO,PL,2724952,,,,,
2022,2,presidente,PR,,2022-10-30T21:05:47.000Z,,0.6491,13,LULA,PT,1614901,,,,,
2022,2,presidente,PR,,2022-10-30T21:07:09.000Z,,0.668,22,JAIR BOLSONARO,PL,2801860,,,,,
2022,2,presidente,PR,,2022-10-30T21:07:09.000Z,,0.668,13,LULA,PT,1662370,,,,,
2022,2,presidente,PR,,2022-10-30T21:08:27.000Z,,0.6799,22,JAIR BOLSONARO,PL,2850578,,,,,
2022,2,presidente,PR,,2022-10-30T21:08:27.000Z,,0.6799,13,LULA,PT,1690296,,,,,
2022,2,presidente,PR,,2022-10-30T21:09:41.000Z,,0.6931,22,JAIR BOLSONARO,PL,2908044,,,,,
2022,2,presidente,PR,,2022-10-30T21:09:41.000Z,,0.6931,13,LULA,PT,1724099,,,,,
2022,2,presidente,PR,,2022-10-30T21:11:03.000Z,,0.7046,22,JAIR BOLSONARO,PL,2957335,,,,,
2022,2,presidente,PR,,2022-10-30T21:11:03.000Z,,0.7046,13,LULA,PT,1752782,,,,,
2022,2,presidente,PR,,2022-10-30T21:12:26.000Z,,0.7277,22,JAIR BOLSONARO,PL,3054377,,,,,
2022,2,presidente,PR,,2022-10-30T21:12:26.000Z,,0.7277,13,LULA,PT,1810281,,,,,
2022,2,presidente,PR,,2022-10-30T21:13:37.000Z,,0.7396,22,JAIR BOLSONARO,PL,3102739,,,,,
2022,2,presidente,PR,,2022-10-30T21:13:37.000Z,,0.7396,13,LULA,PT,1841735,,,,,
2022,2,presidente,PR,,2022-10-30T21:14:59.000Z,,0.7514,22,JAIR BOLSONARO,PL,3149689,,,,,
2022,2,presidente,PR,,2022-10-30T21:14:59.000Z,,0.7514,13,LULA,PT,1870151,,,,,
2022,2,presidente,PR,,2022-10-30T21:16:20.000Z,,0.7592,22,JAIR BOLSONARO,PL,3180052,,,,,
2022,2,presidente,PR,,2022-10-30T21:16:20.000Z,,0.7592,13,LULA,PT,1889496,,,,,
2022,2,presidente,PR,,2022-10-30T21:17:39.000Z,,0.7662,22,JAIR BOLSONARO,PL,3208990,,,,,
2022,2,presidente,PR,,2022-10-30T21:17:39.000Z,,0.7662,13,LULA,PT,1908131,,,,,
2022,2,presidente,PR,,2022-10-30T21:19:12.000Z,,0.7851,22,JAIR BOLSONARO,PL,3287986,,,,,
2022,2,presidente,PR,,2022-10-30T21:19:12.000Z,,0.7851,13,LULA,PT,1956416,,,,,
2022,2,presidente,PR,,2022-10-30T21:20:33.000Z,,0.7962,22,JAIR BOLSONARO,PL,3335653,,,,,
2022,2,presidente,PR,,2022-10-30T21:20:33.000Z,,0.7962,13,LULA,PT,1983568,,,,,
2022,2,presidente,PR,,2022-10-30T21:21:57.000Z,,0.8054,22,JAIR BOLSONARO,PL,3374504,,,,,
2022,2,presidente,PR,,2022-10-30T21:21:57.000Z,,0.8054,13,LULA,PT,2006779,,,,,
2022,2,presidente,PR,,2022-10-30T21:23:21.000Z,,0.8133,22,JAIR BOLSONARO,PL,3407639,,,,,
2022,2,presidente,PR,,2022-10-30T21:23:21.000Z,,0.8133,13,LULA,PT,2026175,,,,,
2022,2,presidente,PR,,2022-10-30T21:24:46.000Z,,0.8256,22,JAIR BOLSONARO,PL,3457110,,,,,
2022,2,presidente,PR,,2022-10-30T21:24:46.000Z,,0.8256,13,LULA,PT,2056816,,,,,
2022,2,presidente,PR,,2022-10-30T21:26:17.000Z,,0.8323,22,JAIR BOLSONARO,PL,3485382,,,,,
2022,2,presidente,PR,,2022-10-30T21:26:17.000Z,,0.8323,13,LULA,PT,2072855,,,,,
2022,2,presidente,PR,,2022-10-30T21:27:39.000Z,,0.8507,22,JAIR BOLSONARO,PL,3559362,,,,,
2022,2,presidente,PR,,2022-10-30T21:27:39.000Z,,0.8507,13,LULA,PT,2120334,,,,,
2022,2,presidente,PR,,2022-10-30T21:29:03.000Z,,0.86,22,JAIR BOLSONARO,PL,3598169,,,,,
2022,2,presidente,PR,,2022-10-30T21:29:03.000Z,,0.86,13,LULA,PT,2145271,,,,,
2022,2,presidente,PR,,2022-10-30T21:30:27.000Z,,0.867,22,JAIR BOLSONARO,PL,3627650,,,,,
2022,2,presidente,PR,,2022-10-30T21:30:27.000Z,,0.867,13,LULA,PT,2162877,,,,,
2022,2,presidente,PR,,2022-10-30T21:31:58.000Z,,0.8807,22,JAIR BOLSONARO,PL,3685492,,,,,
2022,2,presidente,PR,,2022-10-30T21:31:58.000Z,,0.8807,13,LULA,PT,2200101,,,,,
2022,2,presidente,PR,,2022-10-30T21:33:16.000Z,,0.8888,22,JAIR BOLSONARO,PL,3719208,,,,,
2022,2,presidente,PR,,2022-10-30T21:33:16.000Z,,0.8888,13,LULA,PT,2220519,,,,,
2022,2,presidente,PR,,2022-10-30T21:34:39.000Z,,0.895,22,JAIR BOLSONARO,PL,3745172,,,,,
2022,2,presidente,PR,,2022-10-30T21:34:39.000Z,,0.895,13,LULA,PT,2237092,,,,,
2022,2,presidente,PR,,2022-10-30T21:35:57.000Z,,0.9014,22,JAIR BOLSONARO,PL,3770859,,,,,
2022,2,presidente,PR,,2022-10-30T21:35:57.000Z,,0.9014,13,LULA,PT,2253929,,,,,
2022,2,presidente,PR,,2022-10-30T21:37:27.000Z,,0.9082,22,JAIR BOLSONARO,PL,3798001,,,,,
2022,2,presidente,PR,,2022-10-30T21:37:27.000Z,,0.9082,13,LULA,PT,2271061,,,,,
2022,2,presidente,PR,,2022-10-30T21:38:57.000Z,,0.9194,22,JAIR BOLSONARO,PL,3842417,,,,,
2022,2,presidente,PR,,2022-10-30T21:38:57.000Z,,0.9194,13,LULA,PT,2301055,,,,,
2022,2,presidente,PR,,2022-10-30T21:40:23.000Z,,0.9239,22,JAIR BOLSONARO,PL,3858269,,,,,
2022,2,presidente,PR,,2022-10-30T21:40:23.000Z,,0.9239,13,LULA,PT,2312833,,,,,
2022,2,presidente,PR,,2022-10-30T21:41:54.000Z,,0.9273,22,JAIR BOLSONARO,PL,3871594,,,,,
2022,2,presidente,PR,,2022-10-30T21:41:54.000Z,,0.9273,13,LULA,PT,2321936,,,,,
2022,2,presidente,PR,,2022-10-30T21:43:14.000Z,,0.9344,22,JAIR BOLSONARO,PL,3898963,,,,,
2022,2,presidente,PR,,2022-10-30T21:43:14.000Z,,0.9344,13,LULA,PT,2339157,,,,,
2022,2,presidente,PR,,2022-10-30T21:44:31.000Z,,0.9373,22,JAIR BOLSONARO,PL,3911383,,,,,
2022,2,presidente,PR,,2022-10-30T21:44:31.000Z,,0.9373,13,LULA,PT,2346842,,,,,
2022,2,presidente,PR,,2022-10-30T21:45:55.000Z,,0.9388,22,JAIR BOLSONARO,PL,3917066,,,,,
2022,2,presidente,PR,,2022-10-30T21:45:55.000Z,,0.9388,13,LULA,PT,2350431,,,,,
2022,2,presidente,PR,,2022-10-30T21:47:12.000Z,,0.9434,22,JAIR BOLSONARO,PL,3935848,,,,,
2022,2,presidente,PR,,2022-10-30T21:47:12.000Z,,0.9434,13,LULA,PT,2363132,,,,,
2022,2,presidente,PR,,2022-10-30T21:50:26.000Z,,0.9556,22,JAIR BOLSONARO,PL,3984540,,,,,
2022,2,presidente,PR,,2022-10-30T21:50:26.000Z,,0.9556,13,LULA,PT,2393171,,,,,
2022,2,presidente,PR,,2022-10-30T21:51:51.000Z,,0.9605,22,JAIR BOLSONARO,PL,4004547,,,,,
2022,2,presidente,PR,,2022-10-30T21:51:51.000Z,,0.9605,13,LULA,PT,2406082,,,,,
2022,2,presidente,PR,,2022-10-30T21:53:27.000Z,,0.9647,22,JAIR BOLSONARO,PL,4022325,,,,,
2022,2,presidente,PR,,2022-10-30T21:53:27.000Z,,0.9647,13,LULA,PT,2417199,,,,,
2022,2,presidente,PR,,2022-10-30T21:54:51.000Z,,0.9681,22,JAIR BOLSONARO,PL,4037331,,,,,
2022,2,presidente,PR,,2022-10-30T21:54:51.000Z,,0.9681,13,LULA,PT,2425604,,,,,
2022,2,presidente,PR,,2022-10-30T21:56:24.000Z,,0.9739,22,JAIR BOLSONARO,PL,4061557,,,,,
2022,2,presidente,PR,,2022-10-30T21:56:24.000Z,,0.9739,13,LULA,PT,2438919,,,,,
2022,2,presidente,PR,,2022-10-30T21:57:59.000Z,,0.9762,22,JAIR BOLSONARO,PL,4071732,,,,,
2022,2,presidente,PR,,2022-10-30T21:57:59.000Z,,0.9762,13,LULA,PT,2444478,,,,,
2022,2,presidente,PR,,2022-10-30T21:59:26.000Z,,0.9811,22,JAIR BOLSONARO,PL,4091998,,,,,
2022,2,presidente,PR,,2022-10-30T21:59:26.000Z,,0.9811,13,LULA,PT,2456737,,,,,
2022,2,presidente,PR,,2022-10-30T22:01:04.000Z,,0.9825,22,JAIR BOLSONARO,PL,4098288,,,,,
2022,2,presidente,PR,,2022-10-30T22:01:04.000Z,,0.9825,13,LULA,PT,2460259,,,,,
2022,2,presidente,PR,,2022-10-30T22:02:26.000Z,,0.9834,22,JAIR BOLSONARO,PL,4101585,,,,,
2022,2,presidente,PR,,2022-10-30T22:02:26.000Z,,0.9834,13,LULA,PT,2462691,,,,,
2022,2,presidente,PR,,2022-10-30T22:03:51.000Z,,0.9844,22,JAIR BOLSONARO,PL,4105435,,,,,
2022,2,presidente,PR,,2022-10-30T22:03:51.000Z,,0.9844,13,LULA,PT,2465237,,,,,
2022,2,presidente,PR,,2022-10-30T22:05:13.000Z,,0.9855,22,JAIR BOLSONARO,PL,4109996,,,,,
2022,2,presidente,PR,,2022-10-30T22:05:13.000Z,,0.9855,13,LULA,PT,2468507,,,,,
2022,2,presidente,PR,,2022-10-30T22:06:43.000Z,,0.9874,22,JAIR BOLSONARO,PL,4117174,,,,,
2022,2,presidente,PR,,2022-10-30T22:06:43.000Z,,0.9874,13,LULA,PT,2473496,,,,,
2022,2,presidente,PR,,2022-10-30T22:08:09.000Z,,0.9885,22,JAIR BOLSONARO,PL,4120676,,,,,
2022,2,presidente,PR,,2022-10-30T22:08:09.000Z,,0.9885,13,LULA,PT,2476585,,,,,
2022,2,presidente,PR,,2022-10-30T22:09:29.000Z,,0.9885,22,JAIR BOLSONARO,PL,4120676,,,,,
2022,2,presidente,PR,,2022-10-30T22:09:29.000Z,,0.9885,13,LULA,PT,2476585,,,,,
2022,2,presidente,PR,,2022-10-30T22:11:13.000Z,,0.9903,22,JAIR BOLSONARO,PL,4127537,,,,,
2022,2,presidente,PR,,2022-10-30T22:11:13.000Z,,0.9903,13,LULA,PT,2481525,,,,,
2022,2,presidente,PR,,2022-10-30T22:12:59.000Z,,0.9909,22,JAIR BOLSONARO,PL,4129793,,,,,
2022,2,presidente,PR,,2022-10-30T22:12:59.000Z,,0.9909,13,LULA,PT,2483099,,,,,
2022,2,presidente,PR,,2022-10-30T22:14:42.000Z,,0.9921,22,JAIR BOLSONARO,PL,4134845,,,,,
2022,2,presidente,PR,,2022-10-30T22:14:42.000Z,,0.9921,13,LULA,PT,2486586,,,,,
2022,2,presidente,PR,,2022-10-30T22:16:20.000Z,,0.9928,22,JAIR BOLSONARO,PL,4136891,,,,,
2022,2,presidente,PR,,2022-10-30T22:16:20.000Z,,0.9928,13,LULA,PT,2488045,,,,,
2022,2,presidente,PR,,2022-10-30T22:17:57.000Z,,0.993,22,JAIR BOLSONARO,PL,4137612,,,,,
2022,2,presidente,PR,,2022-10-30T22:17:57.000Z,,0.993,13,LULA,PT,2488560,,,,,
2022,2,presidente,PR,,2022-10-30T22:19:40.000Z,,0.9934,22,JAIR BOLSONARO,PL,4138746,,,,,
2022,2,presidente,PR,,2022-10-30T22:19:40.000Z,,0.9934,13,LULA,PT,2489590,,,,,
2022,2,presidente,PR,,2022-10-30T22:21:18.000Z,,0.9942,22,JAIR BOLSONARO,PL,4141562,,,,,
2022,2,presidente,PR,,2022-10-30T22:21:18.000Z,,0.9942,13,LULA,PT,2491564,,,,,
2022,2,presidente,PR,,2022-10-30T22:22:42.000Z,,0.9948,22,JAIR BOLSONARO,PL,4143422,,,,,
2022,2,presidente,PR,,2022-10-30T22:22:42.000Z,,0.9948,13,LULA,PT,2493623,,,,,
2022,2,presidente,PR,,2022-10-30T22:24:22.000Z,,0.995,22,JAIR BOLSONARO,PL,4144488,,,,,
2022,2,presidente,PR,,2022-10-30T22:24:22.000Z,,0.995,13,LULA,PT,2494351,,,,,
2022,2,presidente,PR,,2022-10-30T22:26:22.000Z,,0.996,22,JAIR BOLSONARO,PL,4147515,,,,,
2022,2,presidente,PR,,2022-10-30T22:26:22.000Z,,0.996,13,LULA,PT,2497062,,,,,
2022,2,presidente,PR,,2022-10-30T22:27:55.000Z,,0.9965,22,JAIR BOLSONARO,PL,4148717,,,,,
2022,2,presidente,PR,,2022-10-30T22:27:55.000Z,,0.9965,13,LULA,PT,2498670,,,,,
2022,2,presidente,PR,,2022-10-30T22:29:41.000Z,,0.9966,22,JAIR BOLSONARO,PL,4148910,,,,,
2022,2,presidente,PR,,2022-10-30T22:29:41.000Z,,0.9966,13,LULA,PT,2499165,,,,,
2022,2,presidente,PR,,2022-10-30T22:31:22.000Z,,0.9967,22,JAIR BOLSONARO,PL,4149131,,,,,
2022,2,presidente,PR,,2022-10-30T22:31:22.000Z,,0.9967,13,LULA,PT,2499562,,,,,
2022,2,presidente,PR,,2022-10-30T22:33:01.000Z,,0.9967,22,JAIR BOLSONARO,PL,4149131,,,,,
2022,2,presidente,PR,,2022-10-30T22:33:01.000Z,,0.9967,13,LULA,PT,2499562,,,,,
2022,2,presidente,PR,,2022-10-30T22:34:53.000Z,,0.9969,22,JAIR BOLSONARO,PL,4149559,,,,,
2022,2,presidente,PR,,2022-10-30T22:34:53.000Z,,0.9969,13,LULA,PT,2499819,,,,,
2022,2,presidente,PR,,2022-10-30T22:36:55.000Z,,0.9969,22,JAIR BOLSONARO,PL,4149559,,,,,
2022,2,presidente,PR,,2022-10-30T22:36:55.000Z,,0.9969,13,LULA,PT,2499819,,,,,
2022,2,presidente,PR,,2022-10-30T22:38:33.000Z,,0.9969,22,JAIR BOLSONARO,PL,4149559,,,,,
2022,2,presidente,PR,,2022-10-30T22:38:33.000Z,,0.9969,13,LULA,PT,2499819,,,,,
2022,2,presidente,PR,,2022-10-30T22:40:12.000Z,,0.9972,22,JAIR BOLSONARO,PL,4150469,,,,,
2022,2,presidente,PR,,2022-10-30T22:40:12.000Z,,0.9972,13,LULA,PT,2500592,,,,,
2022,2,presidente,PR,,2022-10-30T22:42:01.000Z,,0.9982,22,JAIR BOLSONARO,PL,4153623,,,,,
2022,2,presidente,PR,,2022-10-30T22:42:01.000Z,,0.9982,13,LULA,PT,2502592,,,,,
2022,2,presidente,PR,,2022-10-30T22:43:29.000Z,,0.9982,22,JAIR BOLSONARO,PL,4153623,,,,,
2022,2,presidente,PR,,2022-10-30T22:43:29.000Z,,0.9982,13,LULA,PT,2502592,,,,,
2022,2,presidente,PR,,2022-10-30T22:45:14.000Z,,0.9982,22,JAIR BOLSONARO,PL,4153623,,,,,
2022,2,presidente,PR,,2022-10-30T22:45:14.000Z,,0.9982,13,LULA,PT,2502592,,,,,
2022,2,presidente,PR,,2022-10-30T22:47:05.000Z,,0.9985,22,JAIR BOLSONARO,PL,4154432,,,,,
2022,2,presidente,PR,,2022-10-30T22:47:05.000Z,,0.9985,13,LULA,PT,2503237,,,,,
2022,2,presidente,PR,,2022-10-30T22:48:48.000Z,,0.9985,22,JAIR BOLSONARO,PL,4154432,,,,,
2022,2,presidente,PR,,2022-10-30T22:48:48.000Z,,0.9985,13,LULA,PT,2503237,,,,,
2022,2,presidente,PR,,2022-10-30T22:50:28.000Z,,0.9985,22,JAIR BOLSONARO,PL,4154432,,,,,
2022,2,presidente,PR,,2022-10-30T22:50:28.000Z,,0.9985,13,LULA,PT,2503237,,,,,
2022,2,presidente,PR,,2022-10-30T22:52:16.000Z,,0.9992,22,JAIR BOLSONARO,PL,4156830,,,,,
2022,2,presidente,PR,,2022-10-30T22:52:16.000Z,,0.9992,13,LULA,PT,2504565,,,,,
2022,2,presidente,PR,,2022-10-30T22:53:53.000Z,,0.9997,22,JAIR BOLSONARO,PL,4158172,,,,,
2022,2,presidente,PR,,2022-10-30T22:53:53.000Z,,0.9997,13,LULA,PT,2505756,,,,,
2022,2,presidente,PR,,2022-10-30T22:55:14.000Z,,0.9997,22,JAIR BOLSONARO,PL,4158321,,,,,
2022,2,presidente,PR,,2022-10-30T22:55:14.000Z,,0.9997,13,LULA,PT,2505848,,,,,
2022,2,presidente,PR,,2022-10-30T22:57:06.000Z,,0.9997,22,JAIR BOLSONARO,PL,4158321,,,,,
2022,2,presidente,PR,,2022-10-30T22:57:06.000Z,,0.9997,13,LULA,PT,2505848,,,,,
2022,2,presidente,PR,,2022-10-30T22:59:06.000Z,,0.9997,22,JAIR BOLSONARO,PL,4158349,,,,,
2022,2,presidente,PR,,2022-10-30T22:59:06.000Z,,0.9997,13,LULA,PT,2505889,,,,,
2022,2,presidente,PR,,2022-10-30T23:01:15.000Z,,0.9997,22,JAIR BOLSONARO,PL,4158349,,,,,
2022,2,presidente,PR,,2022-10-30T23:01:15.000Z,,0.9997,13,LULA,PT,2505889,,,,,
2022,2,presidente,PR,,2022-10-30T23:03:31.000Z,,0.9997,22,JAIR BOLSONARO,PL,4158349,,,,,
2022,2,presidente,PR,,2022-10-30T23:03:31.000Z,,0.9997,13,LULA,PT,2505889,,,,,
2022,2,presidente,PR,,2022-10-30T23:05:07.000Z,,0.9998,22,JAIR BOLSONARO,PL,4158494,,,,,
2022,2,presidente,PR,,2022-10-30T23:05:07.000Z,,0.9998,13,LULA,PT,2505969,,,,,
2022,2,presidente,PR,,2022-10-30T23:07:10.000Z,,0.9998,22,JAIR BOLSONARO,PL,4158494,,,,,
2022,2,presidente,PR,,2022-10-30T23:07:10.000Z,,0.9998,13,LULA,PT,2505969,,,,,
2022,2,presidente,PR,,2022-10-30T23:08:54.000Z,,0.9998,22,JAIR BOLSONARO,PL,4158494,,,,,
2022,2,presidente,PR,,2022-10-30T23:08:54.000Z,,0.9998,13,LULA,PT,2505969,,,,,
2022,2,presidente,PR,,2022-10-30T23:10:39.000Z,,0.9998,22,JAIR BOLSONARO,PL,4158494,,,,,
2022,2,presidente,PR,,2022-10-30T23:10:39.000Z,,0.9998,13,LULA,PT,2505969,,,,,
2022,2,presidente,PR,,2022-10-30T23:12:33.000Z,,0.9998,22,JAIR BOLSONARO,PL,4158494,,,,,
2022,2,presidente,PR,,2022-10-30T23:12:33.000Z,,0.9998,13,LULA,PT,2505969,,,,,
2022,2,presidente,PR,,2022-10-30T23:14:49.000Z,,0.9998,22,JAIR BOLSONARO,PL,4158494,,,,,
2022,2,presidente,PR,,2022-10-30T23:14:49.000Z,,0.9998,13,LULA,PT,2505969,,,,,
2022,2,presidente,PR,,2022-10-30T23:16:50.000Z,,0.9998,22,JAIR BOLSONARO,PL,4158856,,,,,
2022,2,presidente,PR,,2022-10-30T23:16:50.000Z,,0.9998,13,LULA,PT,2506109,,,,,
2022,2,presidente,PR,,2022-10-30T23:19:13.000Z,,1,22,JAIR BOLSONARO,PL,4159266,,,,,
2022,2,presidente,PR,,2022-10-30T23:19:13.000Z,,1,13,LULA,PT,2506464,,,,,
2022,2,presidente,PR,,2022-10-30T23:20:58.000Z,,1,22,JAIR BOLSONARO,PL,4159266,,,,,
2022,2,presidente,PR,,2022-10-30T23:20:58.000Z,,1,13,LULA,PT,2506464,,,,,
2022,2,presidente,PR,,2022-10-30T23:22:22.000Z,,1,22,JAIR BOLSONARO,PL,4159266,,,,,
2022,2,presidente,PR,,2022-10-30T23:22:22.000Z,,1,13,LULA,PT,2506464,,,,,
2022,2,presidente,PR,,2022-10-30T23:24:05.000Z,,1,22,JAIR BOLSONARO,PL,4159266,,,,,
2022,2,presidente,PR,,2022-10-30T23:24:05.000Z,,1,13,LULA,PT,2506464,,,,,
2022,2,presidente,PR,,2022-10-30T23:25:32.000Z,,1,22,JAIR BOLSONARO,PL,4159266,,,,,
2022,2,presidente,PR,,2022-10-30T23:25:32.000Z,,1,13,LULA,PT,2506464,,,,,
2022,2,presidente,PR,,2022-10-30T23:27:02.000Z,,1,22,JAIR BOLSONARO,PL,4159266,,,,,
2022,2,presidente,PR,,2022-10-30T23:27:02.000Z,,1,13,LULA,PT,2506464,,,,,
2022,2,presidente,PR,,2022-10-30T23:28:47.000Z,,1,22,JAIR BOLSONARO,PL,4159266,,,,,
2022,2,presidente,PR,,2022-10-30T23:28:47.000Z,,1,13,LULA,PT,2506464,,,,,
2022,2,presidente,PR,,2022-10-30T23:30:35.000Z,,1,22,JAIR BOLSONARO,PL,4159266,,,,,
2022,2,presidente,PR,,2022-10-30T23:30:35.000Z,,1,13,LULA,PT,2506464,,,,,
2022,2,presidente,PR,,2022-10-30T23:32:31.000Z,,1,22,JAIR BOLSONARO,PL,4159266,,,,,
2022,2,presidente,PR,,2022-10-30T23:32:31.000Z,,1,13,LULA,PT,2506464,,,,,
2022,2,presidente,PR,,2022-10-30T23:34:19.000Z,,1,22,JAIR BOLSONARO,PL,4159266,,,,,
2022,2,presidente,PR,,2022-10-30T23:34:19.000Z,,1,13,LULA,PT,2506464,,,,,
2022,2,presidente,PR,,2022-10-30T23:35:54.000Z,,1,22,JAIR BOLSONARO,PL,4159266,,,,,
2022,2,presidente,PR,,2022-10-30T23:35:54.000Z,,1,13,LULA,PT,2506464,,,,,
2022,2,presidente,PR,,2022-10-30T23:37:34.000Z,,1,22,JAIR BOLSONARO,PL,4159266,,,,,
2022,2,presidente,PR,,2022-10-30T23:37:34.000Z,,1,13,LULA,PT,2506464,,,,,
2022,2,presidente,PR,,2022-10-30T23:39:58.000Z,,1,22,JAIR BOLSONARO,PL,4159266,,,,,
2022,2,presidente,PR,,2022-10-30T23:39:58.000Z,,1,13,LULA,PT,2506464,,,,,
2022,2,presidente,PR,,2022-10-30T23:41:51.000Z,,1,22,JAIR BOLSONARO,PL,4159266,,,,,
2022,2,presidente,PR,,2022-10-30T23:41:51.000Z,,1,13,LULA,PT,2506464,,,,,
2022,2,presidente,PR,,2022-10-30T23:43:35.000Z,,1,22,JAIR BOLSONARO,PL,4159266,,,,,
2022,2,presidente,PR,,2022-10-30T23:43:35.000Z,,1,13,LULA,PT,2506464,,,,,
2022,2,presidente,PR,,2022-10-30T23:45:46.000Z,,1,22,JAIR BOLSONARO,PL,4159266,,,,,
2022,2,presidente,PR,,2022-10-30T23:45:46.000Z,,1,13,LULA,PT,2506464,,,,,
2022,2,presidente,PR,,2022-10-30T23:47:40.000Z,,1,22,JAIR BOLSONARO,PL,4159266,,,,,
2022,2,presidente,PR,,2022-10-30T23:47:40.000Z,,1,13,LULA,PT,2506464,,,,,
2022,2,presidente,PR,,2022-10-30T23:49:05.000Z,,1,22,JAIR BOLSONARO,PL,4159266,,,,,
2022,2,presidente,PR,,2022-10-30T23:49:05.000Z,,1,13,LULA,PT,2506464,,,,,
2022,2,presidente,PR,,2022-10-30T23:50:53.000Z,,1,22,JAIR BOLSONARO,PL,4159266,,,,,
2022,2,presidente,PR,,2022-10-30T23:50:53.000Z,,1,13,LULA,PT,2506464,,,,,
2022,2,presidente,PR,,2022-10-30T23:53:12.000Z,,1,22,JAIR BOLSONARO,PL,4159266,,,,,
2022,2,presidente,PR,,2022-10-30T23:53:12.000Z,,1,13,LULA,PT,2506464,,,,,
2022,2,presidente,PR,,2022-10-30T23:54:54.000Z,,1,22,JAIR BOLSONARO,PL,4159266,,,,,
2022,2,presidente,PR,,2022-10-30T23:54:54.000Z,,1,13,LULA,PT,2506464,,,,,
2022,2,presidente,PR,,2022-10-30T23:56:52.000Z,,1,22,JAIR BOLSONARO,PL,4159266,,,,,
2022,2,presidente,PR,,2022-10-30T23:56:52.000Z,,1,13,LULA,PT,2506464,,,,,
2022,2,presidente,PR,,2022-10-30T23:58:59.000Z,,1,22,JAIR BOLSONARO,PL,4159266,,,,,
2022,2,presidente,PR,,2022-10-30T23:58:59.000Z,,1,13,LULA,PT,2506464,,,,,
2022,2,presidente,PR,,2022-10-31T00:00:30.000Z,,1,22,JAIR BOLSONARO,PL,4159266,,,,,
2022,2,presidente,PR,,2022-10-31T00:00:30.000Z,,1,13,LULA,PT,2506464,,,,,
2022,2,presidente,PR,,2022-10-31T00:02:04.000Z,,1,22,JAIR BOLSONARO,PL,4159266,,,,,
2022,2,presidente,PR,,2022-10-31T00:02:04.000Z,,1,13,LULA,PT,2506464,,,,,
2022,2,presidente,PR,,2022-10-31T00:05:03.000Z,,1,22,JAIR BOLSONARO,PL,4159266,,,,,
2022,2,presidente,PR,,2022-10-31T00:05:03.000Z,,1,13,LULA,PT,2506464,,,,,
2022,2,presidente,PR,,2022-10-31T00:07:02.000Z,,1,22,JAIR BOLSONARO,PL,4159266,,,,,
2022,2,presidente,PR,,2022-10-31T00:07:02.000Z,,1,13,LULA,PT,2506464,,,,,
2022,2,presidente,PR,,2022-10-31T00:08:57.000Z,,1,22,JAIR BOLSONARO,PL,4159266,,,,,
2022,2,presidente,PR,,2022-10-31T00:08:57.000Z,,1,13,LULA,PT,2506464,,,,,
2022,2,presidente,PR,,2022-10-31T00:11:21.000Z,,1,22,JAIR BOLSONARO,PL,4159266,,,,,
2022,2,presidente,PR,,2022-10-31T00:11:21.000Z,,1,13,LULA,PT,2506464,,,,,
2022,2,presidente,PR,,2022-10-31T00:13:48.000Z,,1,22,JAIR BOLSONARO,PL,4159266,,,,,
2022,2,presidente,PR,,2022-10-31T00:13:48.000Z,,1,13,LULA,PT,2506464,,,,,
2022,2,presidente,PR,,2022-10-31T00:15:29.000Z,,1,22,JAIR BOLSONARO,PL,4159266,,,,,
2022,2,presidente,PR,,2022-10-31T00:15:29.000Z,,1,13,LULA,PT,2506464,,,,,
2022,2,presidente,PR,,2022-10-31T00:17:34.000Z,,1,22,JAIR BOLSONARO,PL,4159266,,,,,
2022,2,presidente,PR,,2022-10-31T00:17:34.000Z,,1,13,LULA,PT,2506464,,,,,
2022,2,presidente,PR,,2022-10-31T00:19:56.000Z,,1,22,JAIR BOLSONARO,PL,4159266,,,,,
2022,2,presidente,PR,,2022-10-31T00:19:56.000Z,,1,13,LULA,PT,2506464,,,,,
2022,2,presidente,PR,,2022-10-31T00:21:59.000Z,,1,22,JAIR BOLSONARO,PL,4159266,,,,,
2022,2,presidente,PR,,2022-10-31T00:21:59.000Z,,1,13,LULA,PT,2506464,,,,,
2022,2,presidente,PR,,2022-10-31T00:24:23.000Z,,1,22,JAIR BOLSONARO,PL,4159266,,,,,
2022,2,presidente,PR,,2022-10-31T00:24:23.000Z,,1,13,LULA,PT,2506464,,,,,
2022,2,presidente,PR,,2022-10-31T00:26:27.000Z,,1,22,JAIR BOLSONARO,PL,4159266,,,,,
2022,2,presidente,PR,,2022-10-31T00:26:27.000Z,,1,13,LULA,PT,2506464,,,,,
2022,2,presidente,PR,,2022-10-31T00:28:20.000Z,,1,22,JAIR BOLSONARO,PL,4159266,,,,,
2022,2,presidente,PR,,2022-10-31T00:28:20.000Z,,1,13,LULA,PT,2506464,,,,,
2022,2,presidente,PR,,2022-10-31T00:30:43.000Z,,1,22,JAIR BOLSONARO,PL,4159266,,,,,
2022,2,presidente,PR,,2022-10-31T00:30:43.000Z,,1,13,LULA,PT,2506464,,,,,
2022,2,presidente,PR,,2022-10-31T00:32:45.000Z,,1,22,JAIR BOLSONARO,PL,4159266,,,,,
2022,2,presidente,PR,,2022-10-31T00:32:45.000Z,,1,13,LULA,PT,2506464,,,,,
2022,2,presidente,PR,,2022-10-31T00:34:48.000Z,,1,22,JAIR BOLSONARO,PL,4159266,,,,,
2022,2,presidente,PR,,2022-10-31T00:34:48.000Z,,1,13,LULA,PT,2506464,,,,,
2022,2,presidente,PR,,2022-10-31T00:36:42.000Z,,1,22,JAIR BOLSONARO,PL,4159266,,,,,
2022,2,presidente,PR,,2022-10-31T00:36:42.000Z,,1,13,LULA,PT,2506464,,,,,
2022,2,presidente,PR,,2022-10-31T00:38:49.000Z,,1,22,JAIR BOLSONARO,PL,4159266,,,,,
2022,2,presidente,PR,,2022-10-31T00:38:49.000Z,,1,13,LULA,PT,2506464,,,,,
2022,2,presidente,PR,,2022-10-31T00:41:27.000Z,,1,22,JAIR BOLSONARO,PL,4159266,,,,,
2022,2,presidente,PR,,2022-10-31T00:41:27.000Z,,1,13,LULA,PT,2506464,,,,,
2022,2,presidente,PR,,2022-10-31T00:42:47.000Z,,1,22,JAIR BOLSONARO,PL,4159266,,,,,
2022,2,presidente,PR,,2022-10-31T00:42:47.000Z,,1,13,LULA,PT,2506464,,,,,
2022,2,presidente,PR,,2022-10-31T00:44:54.000Z,,1,22,JAIR BOLSONARO,PL,4159266,,,,,
2022,2,presidente,PR,,2022-10-31T00:44:54.000Z,,1,13,LULA,PT,2506464,,,,,
2022,2,presidente,PR,,2022-10-31T00:46:33.000Z,,1,22,JAIR BOLSONARO,PL,4159266,,,,,
2022,2,presidente,PR,,2022-10-31T00:46:33.000Z,,1,13,LULA,PT,2506464,,,,,
2022,2,presidente,PR,,2022-10-31T00:48:40.000Z,,1,22,JAIR BOLSONARO,PL,4159266,,,,,
2022,2,presidente,PR,,2022-10-31T00:48:40.000Z,,1,13,LULA,PT,2506464,,,,,
2022,2,presidente,PR,,2022-10-31T00:50:44.000Z,,1,22,JAIR BOLSONARO,PL,4159343,,,,,
2022,2,presidente,PR,,2022-10-31T00:50:44.000Z,,1,13,LULA,PT,2506605,,,,,
2022,2,presidente,RJ,,2022-10-30T20:14:22.000Z,,0.0001,22,JAIR BOLSONARO,PL,221,,,,,
2022,2,presidente,RJ,,2022-10-30T20:14:22.000Z,,0.0001,13,LULA,PT,172,,,,,
2022,2,presidente,RJ,,2022-10-30T20:15:32.000Z,,0.0001,22,JAIR BOLSONARO,PL,221,,,,,
2022,2,presidente,RJ,,2022-10-30T20:15:32.000Z,,0.0001,13,LULA,PT,172,,,,,
2022,2,presidente,RJ,,2022-10-30T20:16:39.000Z,,0.0001,22,JAIR BOLSONARO,PL,374,,,,,
2022,2,presidente,RJ,,2022-10-30T20:16:39.000Z,,0.0001,13,LULA,PT,321,,,,,
2022,2,presidente,RJ,,2022-10-30T20:17:45.000Z,,0.0002,22,JAIR BOLSONARO,PL,671,,,,,
2022,2,presidente,RJ,,2022-10-30T20:17:45.000Z,,0.0002,13,LULA,PT,749,,,,,
2022,2,presidente,RJ,,2022-10-30T20:18:57.000Z,,0.0002,22,JAIR BOLSONARO,PL,730,,,,,
2022,2,presidente,RJ,,2022-10-30T20:18:57.000Z,,0.0002,13,LULA,PT,778,,,,,
2022,2,presidente,RJ,,2022-10-30T20:20:08.000Z,,0.0003,22,JAIR BOLSONARO,PL,1003,,,,,
2022,2,presidente,RJ,,2022-10-30T20:20:08.000Z,,0.0003,13,LULA,PT,985,,,,,
2022,2,presidente,RJ,,2022-10-30T20:21:18.000Z,,0.0006,22,JAIR BOLSONARO,PL,2216,,,,,
2022,2,presidente,RJ,,2022-10-30T20:21:18.000Z,,0.0006,13,LULA,PT,1890,,,,,
2022,2,presidente,RJ,,2022-10-30T20:22:34.000Z,,0.0014,22,JAIR BOLSONARO,PL,6776,,,,,
2022,2,presidente,RJ,,2022-10-30T20:22:34.000Z,,0.0014,13,LULA,PT,4589,,,,,
2022,2,presidente,RJ,,2022-10-30T20:23:44.000Z,,0.0015,22,JAIR BOLSONARO,PL,7434,,,,,
2022,2,presidente,RJ,,2022-10-30T20:23:44.000Z,,0.0015,13,LULA,PT,4979,,,,,
2022,2,presidente,RJ,,2022-10-30T20:25:07.000Z,,0.0018,22,JAIR BOLSONARO,PL,9492,,,,,
2022,2,presidente,RJ,,2022-10-30T20:25:07.000Z,,0.0018,13,LULA,PT,6397,,,,,
2022,2,presidente,RJ,,2022-10-30T20:26:13.000Z,,0.0032,22,JAIR BOLSONARO,PL,16210,,,,,
2022,2,presidente,RJ,,2022-10-30T20:26:13.000Z,,0.0032,13,LULA,PT,11598,,,,,
2022,2,presidente,RJ,,2022-10-30T20:27:20.000Z,,0.0041,22,JAIR BOLSONARO,PL,20938,,,,,
2022,2,presidente,RJ,,2022-10-30T20:27:20.000Z,,0.0041,13,LULA,PT,14607,,,,,
2022,2,presidente,RJ,,2022-10-30T20:28:26.000Z,,0.0051,22,JAIR BOLSONARO,PL,26256,,,,,
2022,2,presidente,RJ,,2022-10-30T20:28:26.000Z,,0.0051,13,LULA,PT,18104,,,,,
2022,2,presidente,RJ,,2022-10-30T20:29:36.000Z,,0.0064,22,JAIR BOLSONARO,PL,33095,,,,,
2022,2,presidente,RJ,,2022-10-30T20:29:36.000Z,,0.0064,13,LULA,PT,23873,,,,,
2022,2,presidente,RJ,,2022-10-30T20:30:44.000Z,,0.0083,22,JAIR BOLSONARO,PL,42678,,,,,
2022,2,presidente,RJ,,2022-10-30T20:30:44.000Z,,0.0083,13,LULA,PT,31364,,,,,
2022,2,presidente,RJ,,2022-10-30T20:32:00.000Z,,0.0091,22,JAIR BOLSONARO,PL,46115,,,,,
2022,2,presidente,RJ,,2022-10-30T20:32:00.000Z,,0.0091,13,LULA,PT,34550,,,,,
2022,2,presidente,RJ,,2022-10-30T20:33:18.000Z,,0.0109,22,JAIR BOLSONARO,PL,55111,,,,,
2022,2,presidente,RJ,,2022-10-30T20:33:18.000Z,,0.0109,13,LULA,PT,42552,,,,,
2022,2,presidente,RJ,,2022-10-30T20:34:25.000Z,,0.0128,22,JAIR BOLSONARO,PL,64594,,,,,
2022,2,presidente,RJ,,2022-10-30T20:34:25.000Z,,0.0128,13,LULA,PT,49567,,,,,
2022,2,presidente,RJ,,2022-10-30T20:35:42.000Z,,0.0139,22,JAIR BOLSONARO,PL,70232,,,,,
2022,2,presidente,RJ,,2022-10-30T20:35:42.000Z,,0.0139,13,LULA,PT,53966,,,,,
2022,2,presidente,RJ,,2022-10-30T20:36:50.000Z,,0.0177,22,JAIR BOLSONARO,PL,87695,,,,,
2022,2,presidente,RJ,,2022-10-30T20:36:50.000Z,,0.0177,13,LULA,PT,68979,,,,,
2022,2,presidente,RJ,,2022-10-30T20:37:58.000Z,,0.0194,22,JAIR BOLSONARO,PL,96613,,,,,
2022,2,presidente,RJ,,2022-10-30T20:37:58.000Z,,0.0194,13,LULA,PT,75458,,,,,
2022,2,presidente,RJ,,2022-10-30T20:39:08.000Z,,0.0208,22,JAIR BOLSONARO,PL,104485,,,,,
2022,2,presidente,RJ,,2022-10-30T20:39:08.000Z,,0.0208,13,LULA,PT,80758,,,,,
2022,2,presidente,RJ,,2022-10-30T20:40:14.000Z,,0.0229,22,JAIR BOLSONARO,PL,115531,,,,,
2022,2,presidente,RJ,,2022-10-30T20:40:14.000Z,,0.0229,13,LULA,PT,88783,,,,,
2022,2,presidente,RJ,,2022-10-30T20:41:25.000Z,,0.0267,22,JAIR BOLSONARO,PL,132853,,,,,
2022,2,presidente,RJ,,2022-10-30T20:41:25.000Z,,0.0267,13,LULA,PT,104610,,,,,
2022,2,presidente,RJ,,2022-10-30T20:42:32.000Z,,0.0285,22,JAIR BOLSONARO,PL,142239,,,,,
2022,2,presidente,RJ,,2022-10-30T20:42:32.000Z,,0.0285,13,LULA,PT,110878,,,,,
2022,2,presidente,RJ,,2022-10-30T20:43:38.000Z,,0.0331,22,JAIR BOLSONARO,PL,166912,,,,,
2022,2,presidente,RJ,,2022-10-30T20:43:38.000Z,,0.0331,13,LULA,PT,127955,,,,,
2022,2,presidente,RJ,,2022-10-30T20:44:53.000Z,,0.0331,22,JAIR BOLSONARO,PL,166912,,,,,
2022,2,presidente,RJ,,2022-10-30T20:44:53.000Z,,0.0331,13,LULA,PT,127955,,,,,
2022,2,presidente,RJ,,2022-10-30T20:46:03.000Z,,0.0402,22,JAIR BOLSONARO,PL,201853,,,,,
2022,2,presidente,RJ,,2022-10-30T20:46:03.000Z,,0.0402,13,LULA,PT,157431,,,,,
2022,2,presidente,RJ,,2022-10-30T20:47:15.000Z,,0.0443,22,JAIR BOLSONARO,PL,222476,,,,,
2022,2,presidente,RJ,,2022-10-30T20:47:15.000Z,,0.0443,13,LULA,PT,174824,,,,,
2022,2,presidente,RJ,,2022-10-30T20:48:48.000Z,,0.051,22,JAIR BOLSONARO,PL,257463,,,,,
2022,2,presidente,RJ,,2022-10-30T20:48:48.000Z,,0.051,13,LULA,PT,202793,,,,,
2022,2,presidente,RJ,,2022-10-30T20:50:03.000Z,,0.0541,22,JAIR BOLSONARO,PL,272864,,,,,
2022,2,presidente,RJ,,2022-10-30T20:50:03.000Z,,0.0541,13,LULA,PT,215983,,,,,
2022,2,presidente,RJ,,2022-10-30T20:51:16.000Z,,0.0581,22,JAIR BOLSONARO,PL,292909,,,,,
2022,2,presidente,RJ,,2022-10-30T20:51:16.000Z,,0.0581,13,LULA,PT,232311,,,,,
2022,2,presidente,RJ,,2022-10-30T20:52:29.000Z,,0.0627,22,JAIR BOLSONARO,PL,315207,,,,,
2022,2,presidente,RJ,,2022-10-30T20:52:29.000Z,,0.0627,13,LULA,PT,249796,,,,,
2022,2,presidente,RJ,,2022-10-30T20:53:46.000Z,,0.0653,22,JAIR BOLSONARO,PL,329835,,,,,
2022,2,presidente,RJ,,2022-10-30T20:53:46.000Z,,0.0653,13,LULA,PT,260293,,,,,
2022,2,presidente,RJ,,2022-10-30T20:55:04.000Z,,0.0738,22,JAIR BOLSONARO,PL,372356,,,,,
2022,2,presidente,RJ,,2022-10-30T20:55:04.000Z,,0.0738,13,LULA,PT,293774,,,,,
2022,2,presidente,RJ,,2022-10-30T20:56:26.000Z,,0.0805,22,JAIR BOLSONARO,PL,405721,,,,,
2022,2,presidente,RJ,,2022-10-30T20:56:26.000Z,,0.0805,13,LULA,PT,318301,,,,,
2022,2,presidente,RJ,,2022-10-30T20:57:50.000Z,,0.0863,22,JAIR BOLSONARO,PL,434164,,,,,
2022,2,presidente,RJ,,2022-10-30T20:57:50.000Z,,0.0863,13,LULA,PT,339664,,,,,
2022,2,presidente,RJ,,2022-10-30T20:59:12.000Z,,0.0966,22,JAIR BOLSONARO,PL,486785,,,,,
2022,2,presidente,RJ,,2022-10-30T20:59:12.000Z,,0.0966,13,LULA,PT,381207,,,,,
2022,2,presidente,RJ,,2022-10-30T21:00:25.000Z,,0.103,22,JAIR BOLSONARO,PL,521201,,,,,
2022,2,presidente,RJ,,2022-10-30T21:00:25.000Z,,0.103,13,LULA,PT,408226,,,,,
2022,2,presidente,RJ,,2022-10-30T21:01:55.000Z,,0.1097,22,JAIR BOLSONARO,PL,558809,,,,,
2022,2,presidente,RJ,,2022-10-30T21:01:55.000Z,,0.1097,13,LULA,PT,434750,,,,,
2022,2,presidente,RJ,,2022-10-30T21:03:18.000Z,,0.1163,22,JAIR BOLSONARO,PL,594614,,,,,
2022,2,presidente,RJ,,2022-10-30T21:03:18.000Z,,0.1163,13,LULA,PT,459499,,,,,
2022,2,presidente,RJ,,2022-10-30T21:04:32.000Z,,0.1317,22,JAIR BOLSONARO,PL,672517,,,,,
2022,2,presidente,RJ,,2022-10-30T21:04:32.000Z,,0.1317,13,LULA,PT,522696,,,,,
2022,2,presidente,RJ,,2022-10-30T21:05:39.000Z,,0.1365,22,JAIR BOLSONARO,PL,697024,,,,,
2022,2,presidente,RJ,,2022-10-30T21:05:39.000Z,,0.1365,13,LULA,PT,543401,,,,,
2022,2,presidente,RJ,,2022-10-30T21:06:58.000Z,,0.1431,22,JAIR BOLSONARO,PL,731557,,,,,
2022,2,presidente,RJ,,2022-10-30T21:06:58.000Z,,0.1431,13,LULA,PT,570383,,,,,
2022,2,presidente,RJ,,2022-10-30T21:08:15.000Z,,0.1481,22,JAIR BOLSONARO,PL,756873,,,,,
2022,2,presidente,RJ,,2022-10-30T21:08:15.000Z,,0.1481,13,LULA,PT,588651,,,,,
2022,2,presidente,RJ,,2022-10-30T21:09:36.000Z,,0.1553,22,JAIR BOLSONARO,PL,796051,,,,,
2022,2,presidente,RJ,,2022-10-30T21:09:36.000Z,,0.1553,13,LULA,PT,619841,,,,,
2022,2,presidente,RJ,,2022-10-30T21:10:52.000Z,,0.1609,22,JAIR BOLSONARO,PL,825074,,,,,
2022,2,presidente,RJ,,2022-10-30T21:10:52.000Z,,0.1609,13,LULA,PT,643557,,,,,
2022,2,presidente,RJ,,2022-10-30T21:12:17.000Z,,0.1745,22,JAIR BOLSONARO,PL,901523,,,,,
2022,2,presidente,RJ,,2022-10-30T21:12:17.000Z,,0.1745,13,LULA,PT,699177,,,,,
2022,2,presidente,RJ,,2022-10-30T21:13:32.000Z,,0.1834,22,JAIR BOLSONARO,PL,946734,,,,,
2022,2,presidente,RJ,,2022-10-30T21:13:32.000Z,,0.1834,13,LULA,PT,733005,,,,,
2022,2,presidente,RJ,,2022-10-30T21:14:41.000Z,,0.192,22,JAIR BOLSONARO,PL,994073,,,,,
2022,2,presidente,RJ,,2022-10-30T21:14:41.000Z,,0.192,13,LULA,PT,766655,,,,,
2022,2,presidente,RJ,,2022-10-30T21:16:09.000Z,,0.2051,22,JAIR BOLSONARO,PL,1061403,,,,,
2022,2,presidente,RJ,,2022-10-30T21:16:09.000Z,,0.2051,13,LULA,PT,822130,,,,,
2022,2,presidente,RJ,,2022-10-30T21:17:28.000Z,,0.2173,22,JAIR BOLSONARO,PL,1126077,,,,,
2022,2,presidente,RJ,,2022-10-30T21:17:28.000Z,,0.2173,13,LULA,PT,872521,,,,,
2022,2,presidente,RJ,,2022-10-30T21:18:57.000Z,,0.2379,22,JAIR BOLSONARO,PL,1235205,,,,,
2022,2,presidente,RJ,,2022-10-30T21:18:57.000Z,,0.2379,13,LULA,PT,954102,,,,,
2022,2,presidente,RJ,,2022-10-30T21:20:20.000Z,,0.246,22,JAIR BOLSONARO,PL,1280505,,,,,
2022,2,presidente,RJ,,2022-10-30T21:20:20.000Z,,0.246,13,LULA,PT,986009,,,,,
2022,2,presidente,RJ,,2022-10-30T21:21:41.000Z,,0.2533,22,JAIR BOLSONARO,PL,1318804,,,,,
2022,2,presidente,RJ,,2022-10-30T21:21:41.000Z,,0.2533,13,LULA,PT,1015937,,,,,
2022,2,presidente,RJ,,2022-10-30T21:23:05.000Z,,0.2737,22,JAIR BOLSONARO,PL,1424983,,,,,
2022,2,presidente,RJ,,2022-10-30T21:23:05.000Z,,0.2737,13,LULA,PT,1107406,,,,,
2022,2,presidente,RJ,,2022-10-30T21:24:29.000Z,,0.2867,22,JAIR BOLSONARO,PL,1497682,,,,,
2022,2,presidente,RJ,,2022-10-30T21:24:29.000Z,,0.2867,13,LULA,PT,1161261,,,,,
2022,2,presidente,RJ,,2022-10-30T21:25:54.000Z,,0.3004,22,JAIR BOLSONARO,PL,1573075,,,,,
2022,2,presidente,RJ,,2022-10-30T21:25:54.000Z,,0.3004,13,LULA,PT,1215703,,,,,
2022,2,presidente,RJ,,2022-10-30T21:27:26.000Z,,0.3176,22,JAIR BOLSONARO,PL,1668061,,,,,
2022,2,presidente,RJ,,2022-10-30T21:27:26.000Z,,0.3176,13,LULA,PT,1285596,,,,,
2022,2,presidente,RJ,,2022-10-30T21:28:45.000Z,,0.3499,22,JAIR BOLSONARO,PL,1846067,,,,,
2022,2,presidente,RJ,,2022-10-30T21:28:45.000Z,,0.3499,13,LULA,PT,1415234,,,,,
2022,2,presidente,RJ,,2022-10-30T21:30:08.000Z,,0.3659,22,JAIR BOLSONARO,PL,1932390,,,,,
2022,2,presidente,RJ,,2022-10-30T21:30:08.000Z,,0.3659,13,LULA,PT,1478933,,,,,
2022,2,presidente,RJ,,2022-10-30T21:31:39.000Z,,0.382,22,JAIR BOLSONARO,PL,2018535,,,,,
2022,2,presidente,RJ,,2022-10-30T21:31:39.000Z,,0.382,13,LULA,PT,1543874,,,,,
2022,2,presidente,RJ,,2022-10-30T21:33:05.000Z,,0.4128,22,JAIR BOLSONARO,PL,2183984,,,,,
2022,2,presidente,RJ,,2022-10-30T21:33:05.000Z,,0.4128,13,LULA,PT,1676826,,,,,
2022,2,presidente,RJ,,2022-10-30T21:34:24.000Z,,0.4276,22,JAIR BOLSONARO,PL,2267436,,,,,
2022,2,presidente,RJ,,2022-10-30T21:34:24.000Z,,0.4276,13,LULA,PT,1743421,,,,,
2022,2,presidente,RJ,,2022-10-30T21:35:46.000Z,,0.4462,22,JAIR BOLSONARO,PL,2371409,,,,,
2022,2,presidente,RJ,,2022-10-30T21:35:46.000Z,,0.4462,13,LULA,PT,1822716,,,,,
2022,2,presidente,RJ,,2022-10-30T21:37:05.000Z,,0.4662,22,JAIR BOLSONARO,PL,2480703,,,,,
2022,2,presidente,RJ,,2022-10-30T21:37:05.000Z,,0.4662,13,LULA,PT,1904995,,,,,
2022,2,presidente,RJ,,2022-10-30T21:38:36.000Z,,0.504,22,JAIR BOLSONARO,PL,2686176,,,,,
2022,2,presidente,RJ,,2022-10-30T21:38:36.000Z,,0.504,13,LULA,PT,2062816,,,,,
2022,2,presidente,RJ,,2022-10-30T21:40:07.000Z,,0.5264,22,JAIR BOLSONARO,PL,2805087,,,,,
2022,2,presidente,RJ,,2022-10-30T21:40:07.000Z,,0.5264,13,LULA,PT,2154055,,,,,
2022,2,presidente,RJ,,2022-10-30T21:41:38.000Z,,0.5588,22,JAIR BOLSONARO,PL,2984974,,,,,
2022,2,presidente,RJ,,2022-10-30T21:41:38.000Z,,0.5588,13,LULA,PT,2290255,,,,,
2022,2,presidente,RJ,,2022-10-30T21:43:01.000Z,,0.5798,22,JAIR BOLSONARO,PL,3102300,,,,,
2022,2,presidente,RJ,,2022-10-30T21:43:01.000Z,,0.5798,13,LULA,PT,2377164,,,,,
2022,2,presidente,RJ,,2022-10-30T21:44:19.000Z,,0.5943,22,JAIR BOLSONARO,PL,3181737,,,,,
2022,2,presidente,RJ,,2022-10-30T21:44:19.000Z,,0.5943,13,LULA,PT,2438622,,,,,
2022,2,presidente,RJ,,2022-10-30T21:45:40.000Z,,0.6066,22,JAIR BOLSONARO,PL,3252574,,,,,
2022,2,presidente,RJ,,2022-10-30T21:45:40.000Z,,0.6066,13,LULA,PT,2488966,,,,,
2022,2,presidente,RJ,,2022-10-30T21:47:00.000Z,,0.6266,22,JAIR BOLSONARO,PL,3361918,,,,,
2022,2,presidente,RJ,,2022-10-30T21:47:00.000Z,,0.6266,13,LULA,PT,2572188,,,,,
2022,2,presidente,RJ,,2022-10-30T21:48:22.000Z,,0.6467,22,JAIR BOLSONARO,PL,3470765,,,,,
2022,2,presidente,RJ,,2022-10-30T21:48:22.000Z,,0.6467,13,LULA,PT,2658784,,,,,
2022,2,presidente,RJ,,2022-10-30T21:50:00.000Z,,0.6865,22,JAIR BOLSONARO,PL,3686768,,,,,
2022,2,presidente,RJ,,2022-10-30T21:50:00.000Z,,0.6865,13,LULA,PT,2828652,,,,,
2022,2,presidente,RJ,,2022-10-30T21:51:36.000Z,,0.7022,22,JAIR BOLSONARO,PL,3773103,,,,,
2022,2,presidente,RJ,,2022-10-30T21:51:36.000Z,,0.7022,13,LULA,PT,2899641,,,,,
2022,2,presidente,RJ,,2022-10-30T21:53:10.000Z,,0.7373,22,JAIR BOLSONARO,PL,3967993,,,,,
2022,2,presidente,RJ,,2022-10-30T21:53:10.000Z,,0.7373,13,LULA,PT,3055273,,,,,
2022,2,presidente,RJ,,2022-10-30T21:54:36.000Z,,0.7565,22,JAIR BOLSONARO,PL,4071210,,,,,
2022,2,presidente,RJ,,2022-10-30T21:54:36.000Z,,0.7565,13,LULA,PT,3138380,,,,,
2022,2,presidente,RJ,,2022-10-30T21:56:06.000Z,,0.776,22,JAIR BOLSONARO,PL,4175005,,,,,
2022,2,presidente,RJ,,2022-10-30T21:56:06.000Z,,0.776,13,LULA,PT,3223624,,,,,
2022,2,presidente,RJ,,2022-10-30T21:57:34.000Z,,0.8122,22,JAIR BOLSONARO,PL,4368616,,,,,
2022,2,presidente,RJ,,2022-10-30T21:57:34.000Z,,0.8122,13,LULA,PT,3379245,,,,,
2022,2,presidente,RJ,,2022-10-30T21:59:10.000Z,,0.8349,22,JAIR BOLSONARO,PL,4495269,,,,,
2022,2,presidente,RJ,,2022-10-30T21:59:10.000Z,,0.8349,13,LULA,PT,3475779,,,,,
2022,2,presidente,RJ,,2022-10-30T22:00:43.000Z,,0.8686,22,JAIR BOLSONARO,PL,4680478,,,,,
2022,2,presidente,RJ,,2022-10-30T22:00:43.000Z,,0.8686,13,LULA,PT,3619122,,,,,
2022,2,presidente,RJ,,2022-10-30T22:02:13.000Z,,0.8786,22,JAIR BOLSONARO,PL,4736386,,,,,
2022,2,presidente,RJ,,2022-10-30T22:02:13.000Z,,0.8786,13,LULA,PT,3660743,,,,,
2022,2,presidente,RJ,,2022-10-30T22:03:36.000Z,,0.8924,22,JAIR BOLSONARO,PL,4815244,,,,,
2022,2,presidente,RJ,,2022-10-30T22:03:36.000Z,,0.8924,13,LULA,PT,3717537,,,,,
2022,2,presidente,RJ,,2022-10-30T22:05:02.000Z,,0.9032,22,JAIR BOLSONARO,PL,4875014,,,,,
2022,2,presidente,RJ,,2022-10-30T22:05:02.000Z,,0.9032,13,LULA,PT,3762772,,,,,
2022,2,presidente,RJ,,2022-10-30T22:06:22.000Z,,0.9216,22,JAIR BOLSONARO,PL,4977606,,,,,
2022,2,presidente,RJ,,2022-10-30T22:06:22.000Z,,0.9216,13,LULA,PT,3838066,,,,,
2022,2,presidente,RJ,,2022-10-30T22:07:54.000Z,,0.9317,22,JAIR BOLSONARO,PL,5032140,,,,,
2022,2,presidente,RJ,,2022-10-30T22:07:54.000Z,,0.9317,13,LULA,PT,3881001,,,,,
2022,2,presidente,RJ,,2022-10-30T22:09:16.000Z,,0.9365,22,JAIR BOLSONARO,PL,5058926,,,,,
2022,2,presidente,RJ,,2022-10-30T22:09:16.000Z,,0.9365,13,LULA,PT,3900880,,,,,
2022,2,presidente,RJ,,2022-10-30T22:10:45.000Z,,0.9478,22,JAIR BOLSONARO,PL,5122706,,,,,
2022,2,presidente,RJ,,2022-10-30T22:10:45.000Z,,0.9478,13,LULA,PT,3947024,,,,,
2022,2,presidente,RJ,,2022-10-30T22:12:31.000Z,,0.9513,22,JAIR BOLSONARO,PL,5140951,,,,,
2022,2,presidente,RJ,,2022-10-30T22:12:31.000Z,,0.9513,13,LULA,PT,3962392,,,,,
2022,2,presidente,RJ,,2022-10-30T22:14:14.000Z,,0.9607,22,JAIR BOLSONARO,PL,5193494,,,,,
2022,2,presidente,RJ,,2022-10-30T22:14:14.000Z,,0.9607,13,LULA,PT,4000927,,,,,
2022,2,presidente,RJ,,2022-10-30T22:15:53.000Z,,0.9643,22,JAIR BOLSONARO,PL,5213757,,,,,
2022,2,presidente,RJ,,2022-10-30T22:15:53.000Z,,0.9643,13,LULA,PT,4015292,,,,,
2022,2,presidente,RJ,,2022-10-30T22:17:36.000Z,,0.972,22,JAIR BOLSONARO,PL,5253028,,,,,
2022,2,presidente,RJ,,2022-10-30T22:17:36.000Z,,0.972,13,LULA,PT,4047757,,,,,
2022,2,presidente,RJ,,2022-10-30T22:19:11.000Z,,0.9746,22,JAIR BOLSONARO,PL,5267781,,,,,
2022,2,presidente,RJ,,2022-10-30T22:19:11.000Z,,0.9746,13,LULA,PT,4058333,,,,,
2022,2,presidente,RJ,,2022-10-30T22:20:54.000Z,,0.9789,22,JAIR BOLSONARO,PL,5290867,,,,,
2022,2,presidente,RJ,,2022-10-30T22:20:54.000Z,,0.9789,13,LULA,PT,4075086,,,,,
2022,2,presidente,RJ,,2022-10-30T22:22:28.000Z,,0.9818,22,JAIR BOLSONARO,PL,5306726,,,,,
2022,2,presidente,RJ,,2022-10-30T22:22:28.000Z,,0.9818,13,LULA,PT,4086220,,,,,
2022,2,presidente,RJ,,2022-10-30T22:23:59.000Z,,0.9849,22,JAIR BOLSONARO,PL,5323863,,,,,
2022,2,presidente,RJ,,2022-10-30T22:23:59.000Z,,0.9849,13,LULA,PT,4098332,,,,,
2022,2,presidente,RJ,,2022-10-30T22:25:45.000Z,,0.9881,22,JAIR BOLSONARO,PL,5340668,,,,,
2022,2,presidente,RJ,,2022-10-30T22:25:45.000Z,,0.9881,13,LULA,PT,4110504,,,,,
2022,2,presidente,RJ,,2022-10-30T22:27:34.000Z,,0.9908,22,JAIR BOLSONARO,PL,5354636,,,,,
2022,2,presidente,RJ,,2022-10-30T22:27:34.000Z,,0.9908,13,LULA,PT,4121613,,,,,
2022,2,presidente,RJ,,2022-10-30T22:29:12.000Z,,0.9959,22,JAIR BOLSONARO,PL,5381870,,,,,
2022,2,presidente,RJ,,2022-10-30T22:29:12.000Z,,0.9959,13,LULA,PT,4140920,,,,,
2022,2,presidente,RJ,,2022-10-30T22:31:00.000Z,,0.9963,22,JAIR BOLSONARO,PL,5383618,,,,,
2022,2,presidente,RJ,,2022-10-30T22:31:00.000Z,,0.9963,13,LULA,PT,4142132,,,,,
2022,2,presidente,RJ,,2022-10-30T22:32:37.000Z,,0.9963,22,JAIR BOLSONARO,PL,5383886,,,,,
2022,2,presidente,RJ,,2022-10-30T22:32:37.000Z,,0.9963,13,LULA,PT,4142328,,,,,
2022,2,presidente,RJ,,2022-10-30T22:34:21.000Z,,0.9965,22,JAIR BOLSONARO,PL,5384979,,,,,
2022,2,presidente,RJ,,2022-10-30T22:34:21.000Z,,0.9965,13,LULA,PT,4143063,,,,,
2022,2,presidente,RJ,,2022-10-30T22:36:08.000Z,,0.9969,22,JAIR BOLSONARO,PL,5387173,,,,,
2022,2,presidente,RJ,,2022-10-30T22:36:08.000Z,,0.9969,13,LULA,PT,4144604,,,,,
2022,2,presidente,RJ,,2022-10-30T22:38:16.000Z,,0.9969,22,JAIR BOLSONARO,PL,5387173,,,,,
2022,2,presidente,RJ,,2022-10-30T22:38:16.000Z,,0.9969,13,LULA,PT,4144604,,,,,
2022,2,presidente,RJ,,2022-10-30T22:39:48.000Z,,0.9976,22,JAIR BOLSONARO,PL,5391193,,,,,
2022,2,presidente,RJ,,2022-10-30T22:39:48.000Z,,0.9976,13,LULA,PT,4147149,,,,,
2022,2,presidente,RJ,,2022-10-30T22:41:35.000Z,,0.9981,22,JAIR BOLSONARO,PL,5394047,,,,,
2022,2,presidente,RJ,,2022-10-30T22:41:35.000Z,,0.9981,13,LULA,PT,4149045,,,,,
2022,2,presidente,RJ,,2022-10-30T22:43:08.000Z,,0.9985,22,JAIR BOLSONARO,PL,5396046,,,,,
2022,2,presidente,RJ,,2022-10-30T22:43:08.000Z,,0.9985,13,LULA,PT,4150699,,,,,
2022,2,presidente,RJ,,2022-10-30T22:44:45.000Z,,0.9989,22,JAIR BOLSONARO,PL,5398543,,,,,
2022,2,presidente,RJ,,2022-10-30T22:44:45.000Z,,0.9989,13,LULA,PT,4152448,,,,,
2022,2,presidente,RJ,,2022-10-30T22:46:41.000Z,,0.9989,22,JAIR BOLSONARO,PL,5398543,,,,,
2022,2,presidente,RJ,,2022-10-30T22:46:41.000Z,,0.9989,13,LULA,PT,4152448,,,,,
2022,2,presidente,RJ,,2022-10-30T22:48:22.000Z,,0.9989,22,JAIR BOLSONARO,PL,5398726,,,,,
2022,2,presidente,RJ,,2022-10-30T22:48:22.000Z,,0.9989,13,LULA,PT,4152567,,,,,
2022,2,presidente,RJ,,2022-10-30T22:49:58.000Z,,0.9989,22,JAIR BOLSONARO,PL,5398726,,,,,
2022,2,presidente,RJ,,2022-10-30T22:49:58.000Z,,0.9989,13,LULA,PT,4152567,,,,,
2022,2,presidente,RJ,,2022-10-30T22:51:52.000Z,,0.999,22,JAIR BOLSONARO,PL,5398868,,,,,
2022,2,presidente,RJ,,2022-10-30T22:51:52.000Z,,0.999,13,LULA,PT,4152660,,,,,
2022,2,presidente,RJ,,2022-10-30T22:53:26.000Z,,0.999,22,JAIR BOLSONARO,PL,5398868,,,,,
2022,2,presidente,RJ,,2022-10-30T22:53:26.000Z,,0.999,13,LULA,PT,4152660,,,,,
2022,2,presidente,RJ,,2022-10-30T22:55:01.000Z,,0.999,22,JAIR BOLSONARO,PL,5399206,,,,,
2022,2,presidente,RJ,,2022-10-30T22:55:01.000Z,,0.999,13,LULA,PT,4152833,,,,,
2022,2,presidente,RJ,,2022-10-30T22:56:42.000Z,,0.9991,22,JAIR BOLSONARO,PL,5399353,,,,,
2022,2,presidente,RJ,,2022-10-30T22:56:42.000Z,,0.9991,13,LULA,PT,4152959,,,,,
2022,2,presidente,RJ,,2022-10-30T22:58:21.000Z,,0.9991,22,JAIR BOLSONARO,PL,5399353,,,,,
2022,2,presidente,RJ,,2022-10-30T22:58:21.000Z,,0.9991,13,LULA,PT,4152959,,,,,
2022,2,presidente,RJ,,2022-10-30T23:00:28.000Z,,0.9994,22,JAIR BOLSONARO,PL,5400882,,,,,
2022,2,presidente,RJ,,2022-10-30T23:00:28.000Z,,0.9994,13,LULA,PT,4154102,,,,,
2022,2,presidente,RJ,,2022-10-30T23:02:46.000Z,,0.9994,22,JAIR BOLSONARO,PL,5400882,,,,,
2022,2,presidente,RJ,,2022-10-30T23:02:46.000Z,,0.9994,13,LULA,PT,4154102,,,,,
2022,2,presidente,RJ,,2022-10-30T23:04:40.000Z,,0.9994,22,JAIR BOLSONARO,PL,5400882,,,,,
2022,2,presidente,RJ,,2022-10-30T23:04:40.000Z,,0.9994,13,LULA,PT,4154102,,,,,
2022,2,presidente,RJ,,2022-10-30T23:06:36.000Z,,0.9994,22,JAIR BOLSONARO,PL,5400882,,,,,
2022,2,presidente,RJ,,2022-10-30T23:06:36.000Z,,0.9994,13,LULA,PT,4154102,,,,,
2022,2,presidente,RJ,,2022-10-30T23:08:19.000Z,,0.9994,22,JAIR BOLSONARO,PL,5400882,,,,,
2022,2,presidente,RJ,,2022-10-30T23:08:19.000Z,,0.9994,13,LULA,PT,4154102,,,,,
2022,2,presidente,RJ,,2022-10-30T23:09:59.000Z,,0.9994,22,JAIR BOLSONARO,PL,5400882,,,,,
2022,2,presidente,RJ,,2022-10-30T23:09:59.000Z,,0.9994,13,LULA,PT,4154102,,,,,
2022,2,presidente,RJ,,2022-10-30T23:11:55.000Z,,0.9994,22,JAIR BOLSONARO,PL,5400882,,,,,
2022,2,presidente,RJ,,2022-10-30T23:11:55.000Z,,0.9994,13,LULA,PT,4154102,,,,,
2022,2,presidente,RJ,,2022-10-30T23:14:00.000Z,,0.9994,22,JAIR BOLSONARO,PL,5400882,,,,,
2022,2,presidente,RJ,,2022-10-30T23:14:00.000Z,,0.9994,13,LULA,PT,4154102,,,,,
2022,2,presidente,RJ,,2022-10-30T23:16:07.000Z,,0.9994,22,JAIR BOLSONARO,PL,5400882,,,,,
2022,2,presidente,RJ,,2022-10-30T23:16:07.000Z,,0.9994,13,LULA,PT,4154102,,,,,
2022,2,presidente,RJ,,2022-10-30T23:18:41.000Z,,0.9994,22,JAIR BOLSONARO,PL,5400882,,,,,
2022,2,presidente,RJ,,2022-10-30T23:18:41.000Z,,0.9994,13,LULA,PT,4154102,,,,,
2022,2,presidente,RJ,,2022-10-30T23:20:47.000Z,,0.9994,22,JAIR BOLSONARO,PL,5401000,,,,,
2022,2,presidente,RJ,,2022-10-30T23:20:47.000Z,,0.9994,13,LULA,PT,4154217,,,,,
2022,2,presidente,RJ,,2022-10-30T23:22:07.000Z,,0.9994,22,JAIR BOLSONARO,PL,5401000,,,,,
2022,2,presidente,RJ,,2022-10-30T23:22:07.000Z,,0.9994,13,LULA,PT,4154217,,,,,
2022,2,presidente,RJ,,2022-10-30T23:23:46.000Z,,0.9999,22,JAIR BOLSONARO,PL,5403053,,,,,
2022,2,presidente,RJ,,2022-10-30T23:23:46.000Z,,0.9999,13,LULA,PT,4155657,,,,,
2022,2,presidente,RJ,,2022-10-30T23:25:08.000Z,,0.9999,22,JAIR BOLSONARO,PL,5403053,,,,,
2022,2,presidente,RJ,,2022-10-30T23:25:08.000Z,,0.9999,13,LULA,PT,4155657,,,,,
2022,2,presidente,RJ,,2022-10-30T23:26:48.000Z,,0.9999,22,JAIR BOLSONARO,PL,5403053,,,,,
2022,2,presidente,RJ,,2022-10-30T23:26:48.000Z,,0.9999,13,LULA,PT,4155657,,,,,
2022,2,presidente,RJ,,2022-10-30T23:28:21.000Z,,0.9999,22,JAIR BOLSONARO,PL,5403053,,,,,
2022,2,presidente,RJ,,2022-10-30T23:28:21.000Z,,0.9999,13,LULA,PT,4155657,,,,,
2022,2,presidente,RJ,,2022-10-30T23:30:17.000Z,,0.9999,22,JAIR BOLSONARO,PL,5403053,,,,,
2022,2,presidente,RJ,,2022-10-30T23:30:17.000Z,,0.9999,13,LULA,PT,4155657,,,,,
2022,2,presidente,RJ,,2022-10-30T23:32:04.000Z,,0.9999,22,JAIR BOLSONARO,PL,5403053,,,,,
2022,2,presidente,RJ,,2022-10-30T23:32:04.000Z,,0.9999,13,LULA,PT,4155657,,,,,
2022,2,presidente,RJ,,2022-10-30T23:33:49.000Z,,0.9999,22,JAIR BOLSONARO,PL,5403053,,,,,
2022,2,presidente,RJ,,2022-10-30T23:33:49.000Z,,0.9999,13,LULA,PT,4155657,,,,,
2022,2,presidente,RJ,,2022-10-30T23:35:24.000Z,,0.9999,22,JAIR BOLSONARO,PL,5403053,,,,,
2022,2,presidente,RJ,,2022-10-30T23:35:24.000Z,,0.9999,13,LULA,PT,4155657,,,,,
2022,2,presidente,RJ,,2022-10-30T23:36:57.000Z,,0.9999,22,JAIR BOLSONARO,PL,5403053,,,,,
2022,2,presidente,RJ,,2022-10-30T23:36:57.000Z,,0.9999,13,LULA,PT,4155657,,,,,
2022,2,presidente,RJ,,2022-10-30T23:39:01.000Z,,1,22,JAIR BOLSONARO,PL,5403742,,,,,
2022,2,presidente,RJ,,2022-10-30T23:39:01.000Z,,1,13,LULA,PT,4156081,,,,,
2022,2,presidente,RJ,,2022-10-30T23:41:08.000Z,,1,22,JAIR BOLSONARO,PL,5403742,,,,,
2022,2,presidente,RJ,,2022-10-30T23:41:08.000Z,,1,13,LULA,PT,4156081,,,,,
2022,2,presidente,RJ,,2022-10-30T23:42:55.000Z,,1,22,JAIR BOLSONARO,PL,5403742,,,,,
2022,2,presidente,RJ,,2022-10-30T23:42:55.000Z,,1,13,LULA,PT,4156081,,,,,
2022,2,presidente,RJ,,2022-10-30T23:45:13.000Z,,1,22,JAIR BOLSONARO,PL,5403894,,,,,
2022,2,presidente,RJ,,2022-10-30T23:45:13.000Z,,1,13,LULA,PT,4156217,,,,,
2022,2,presidente,RN,,2022-10-30T20:23:52.000Z,,0.0668,22,JAIR BOLSONARO,PL,50218,,,,,
2022,2,presidente,RN,,2022-10-30T20:23:52.000Z,,0.0668,13,LULA,PT,94367,,,,,
2022,2,presidente,RN,,2022-10-30T20:25:09.000Z,,0.0788,22,JAIR BOLSONARO,PL,57871,,,,,
2022,2,presidente,RN,,2022-10-30T20:25:09.000Z,,0.0788,13,LULA,PT,111656,,,,,
2022,2,presidente,RN,,2022-10-30T20:26:15.000Z,,0.1144,22,JAIR BOLSONARO,PL,84836,,,,,
2022,2,presidente,RN,,2022-10-30T20:26:15.000Z,,0.1144,13,LULA,PT,160566,,,,,
2022,2,presidente,RN,,2022-10-30T20:27:21.000Z,,0.1388,22,JAIR BOLSONARO,PL,100354,,,,,
2022,2,presidente,RN,,2022-10-30T20:27:21.000Z,,0.1388,13,LULA,PT,193554,,,,,
2022,2,presidente,RN,,2022-10-30T20:28:27.000Z,,0.1539,22,JAIR BOLSONARO,PL,111443,,,,,
2022,2,presidente,RN,,2022-10-30T20:28:27.000Z,,0.1539,13,LULA,PT,213745,,,,,
2022,2,presidente,RN,,2022-10-30T20:29:38.000Z,,0.1539,22,JAIR BOLSONARO,PL,111443,,,,,
2022,2,presidente,RN,,2022-10-30T20:29:38.000Z,,0.1539,13,LULA,PT,213745,,,,,
2022,2,presidente,RN,,2022-10-30T20:30:50.000Z,,0.181,22,JAIR BOLSONARO,PL,129602,,,,,
2022,2,presidente,RN,,2022-10-30T20:30:50.000Z,,0.181,13,LULA,PT,249916,,,,,
2022,2,presidente,RN,,2022-10-30T20:32:07.000Z,,0.1991,22,JAIR BOLSONARO,PL,142225,,,,,
2022,2,presidente,RN,,2022-10-30T20:32:07.000Z,,0.1991,13,LULA,PT,274387,,,,,
2022,2,presidente,RN,,2022-10-30T20:33:20.000Z,,0.2151,22,JAIR BOLSONARO,PL,152884,,,,,
2022,2,presidente,RN,,2022-10-30T20:33:20.000Z,,0.2151,13,LULA,PT,295232,,,,,
2022,2,presidente,RN,,2022-10-30T20:34:26.000Z,,0.2306,22,JAIR BOLSONARO,PL,163150,,,,,
2022,2,presidente,RN,,2022-10-30T20:34:26.000Z,,0.2306,13,LULA,PT,316751,,,,,
2022,2,presidente,RN,,2022-10-30T20:35:43.000Z,,0.2432,22,JAIR BOLSONARO,PL,172599,,,,,
2022,2,presidente,RN,,2022-10-30T20:35:43.000Z,,0.2432,13,LULA,PT,334273,,,,,
2022,2,presidente,RN,,2022-10-30T20:36:52.000Z,,0.2636,22,JAIR BOLSONARO,PL,187278,,,,,
2022,2,presidente,RN,,2022-10-30T20:36:52.000Z,,0.2636,13,LULA,PT,362336,,,,,
2022,2,presidente,RN,,2022-10-30T20:37:59.000Z,,0.274,22,JAIR BOLSONARO,PL,193979,,,,,
2022,2,presidente,RN,,2022-10-30T20:37:59.000Z,,0.274,13,LULA,PT,376629,,,,,
2022,2,presidente,RN,,2022-10-30T20:39:10.000Z,,0.274,22,JAIR BOLSONARO,PL,193979,,,,,
2022,2,presidente,RN,,2022-10-30T20:39:10.000Z,,0.274,13,LULA,PT,376629,,,,,
2022,2,presidente,RN,,2022-10-30T20:40:15.000Z,,0.2825,22,JAIR BOLSONARO,PL,199734,,,,,
2022,2,presidente,RN,,2022-10-30T20:40:15.000Z,,0.2825,13,LULA,PT,389194,,,,,
2022,2,presidente,RN,,2022-10-30T20:41:27.000Z,,0.2998,22,JAIR BOLSONARO,PL,211405,,,,,
2022,2,presidente,RN,,2022-10-30T20:41:27.000Z,,0.2998,13,LULA,PT,412379,,,,,
2022,2,presidente,RN,,2022-10-30T20:42:33.000Z,,0.3095,22,JAIR BOLSONARO,PL,217709,,,,,
2022,2,presidente,RN,,2022-10-30T20:42:33.000Z,,0.3095,13,LULA,PT,425179,,,,,
2022,2,presidente,RN,,2022-10-30T20:43:40.000Z,,0.3234,22,JAIR BOLSONARO,PL,226460,,,,,
2022,2,presidente,RN,,2022-10-30T20:43:40.000Z,,0.3234,13,LULA,PT,444561,,,,,
2022,2,presidente,RN,,2022-10-30T20:44:56.000Z,,0.3234,22,JAIR BOLSONARO,PL,226460,,,,,
2022,2,presidente,RN,,2022-10-30T20:44:56.000Z,,0.3234,13,LULA,PT,444561,,,,,
2022,2,presidente,RN,,2022-10-30T20:46:05.000Z,,0.3447,22,JAIR BOLSONARO,PL,241193,,,,,
2022,2,presidente,RN,,2022-10-30T20:46:05.000Z,,0.3447,13,LULA,PT,475306,,,,,
2022,2,presidente,RN,,2022-10-30T20:47:21.000Z,,0.3521,22,JAIR BOLSONARO,PL,246754,,,,,
2022,2,presidente,RN,,2022-10-30T20:47:21.000Z,,0.3521,13,LULA,PT,485509,,,,,
2022,2,presidente,RN,,2022-10-30T20:48:51.000Z,,0.3675,22,JAIR BOLSONARO,PL,257075,,,,,
2022,2,presidente,RN,,2022-10-30T20:48:51.000Z,,0.3675,13,LULA,PT,505010,,,,,
2022,2,presidente,RN,,2022-10-30T20:50:06.000Z,,0.377,22,JAIR BOLSONARO,PL,263818,,,,,
2022,2,presidente,RN,,2022-10-30T20:50:06.000Z,,0.377,13,LULA,PT,518382,,,,,
2022,2,presidente,RN,,2022-10-30T20:51:18.000Z,,0.3868,22,JAIR BOLSONARO,PL,271380,,,,,
2022,2,presidente,RN,,2022-10-30T20:51:18.000Z,,0.3868,13,LULA,PT,531126,,,,,
2022,2,presidente,RN,,2022-10-30T20:52:34.000Z,,0.3982,22,JAIR BOLSONARO,PL,280384,,,,,
2022,2,presidente,RN,,2022-10-30T20:52:34.000Z,,0.3982,13,LULA,PT,546358,,,,,
2022,2,presidente,RN,,2022-10-30T20:53:51.000Z,,0.407,22,JAIR BOLSONARO,PL,285325,,,,,
2022,2,presidente,RN,,2022-10-30T20:53:51.000Z,,0.407,13,LULA,PT,557232,,,,,
2022,2,presidente,RN,,2022-10-30T20:55:09.000Z,,0.4219,22,JAIR BOLSONARO,PL,295118,,,,,
2022,2,presidente,RN,,2022-10-30T20:55:09.000Z,,0.4219,13,LULA,PT,577270,,,,,
2022,2,presidente,RN,,2022-10-30T20:56:31.000Z,,0.4348,22,JAIR BOLSONARO,PL,304362,,,,,
2022,2,presidente,RN,,2022-10-30T20:56:31.000Z,,0.4348,13,LULA,PT,594882,,,,,
2022,2,presidente,RN,,2022-10-30T20:57:55.000Z,,0.4446,22,JAIR BOLSONARO,PL,311579,,,,,
2022,2,presidente,RN,,2022-10-30T20:57:55.000Z,,0.4446,13,LULA,PT,607571,,,,,
2022,2,presidente,RN,,2022-10-30T20:59:13.000Z,,0.455,22,JAIR BOLSONARO,PL,318739,,,,,
2022,2,presidente,RN,,2022-10-30T20:59:13.000Z,,0.455,13,LULA,PT,621527,,,,,
2022,2,presidente,RN,,2022-10-30T21:00:31.000Z,,0.4776,22,JAIR BOLSONARO,PL,334423,,,,,
2022,2,presidente,RN,,2022-10-30T21:00:31.000Z,,0.4776,13,LULA,PT,649749,,,,,
2022,2,presidente,RN,,2022-10-30T21:01:59.000Z,,0.4894,22,JAIR BOLSONARO,PL,343088,,,,,
2022,2,presidente,RN,,2022-10-30T21:01:59.000Z,,0.4894,13,LULA,PT,666035,,,,,
2022,2,presidente,RN,,2022-10-30T21:03:22.000Z,,0.4993,22,JAIR BOLSONARO,PL,350182,,,,,
2022,2,presidente,RN,,2022-10-30T21:03:22.000Z,,0.4993,13,LULA,PT,679197,,,,,
2022,2,presidente,RN,,2022-10-30T21:04:33.000Z,,0.516,22,JAIR BOLSONARO,PL,361876,,,,,
2022,2,presidente,RN,,2022-10-30T21:04:33.000Z,,0.516,13,LULA,PT,701671,,,,,
2022,2,presidente,RN,,2022-10-30T21:05:42.000Z,,0.516,22,JAIR BOLSONARO,PL,361876,,,,,
2022,2,presidente,RN,,2022-10-30T21:05:42.000Z,,0.516,13,LULA,PT,701671,,,,,
2022,2,presidente,RN,,2022-10-30T21:07:02.000Z,,0.531,22,JAIR BOLSONARO,PL,372418,,,,,
2022,2,presidente,RN,,2022-10-30T21:07:02.000Z,,0.531,13,LULA,PT,720917,,,,,
2022,2,presidente,RN,,2022-10-30T21:08:19.000Z,,0.5427,22,JAIR BOLSONARO,PL,381237,,,,,
2022,2,presidente,RN,,2022-10-30T21:08:19.000Z,,0.5427,13,LULA,PT,735913,,,,,
2022,2,presidente,RN,,2022-10-30T21:09:37.000Z,,0.5498,22,JAIR BOLSONARO,PL,386800,,,,,
2022,2,presidente,RN,,2022-10-30T21:09:37.000Z,,0.5498,13,LULA,PT,744977,,,,,
2022,2,presidente,RN,,2022-10-30T21:10:57.000Z,,0.5564,22,JAIR BOLSONARO,PL,391054,,,,,
2022,2,presidente,RN,,2022-10-30T21:10:57.000Z,,0.5564,13,LULA,PT,753556,,,,,
2022,2,presidente,RN,,2022-10-30T21:12:20.000Z,,0.5657,22,JAIR BOLSONARO,PL,397316,,,,,
2022,2,presidente,RN,,2022-10-30T21:12:20.000Z,,0.5657,13,LULA,PT,764515,,,,,
2022,2,presidente,RN,,2022-10-30T21:13:34.000Z,,0.5854,22,JAIR BOLSONARO,PL,413547,,,,,
2022,2,presidente,RN,,2022-10-30T21:13:34.000Z,,0.5854,13,LULA,PT,789449,,,,,
2022,2,presidente,RN,,2022-10-30T21:14:43.000Z,,0.5945,22,JAIR BOLSONARO,PL,419970,,,,,
2022,2,presidente,RN,,2022-10-30T21:14:43.000Z,,0.5945,13,LULA,PT,800914,,,,,
2022,2,presidente,RN,,2022-10-30T21:16:13.000Z,,0.6049,22,JAIR BOLSONARO,PL,427888,,,,,
2022,2,presidente,RN,,2022-10-30T21:16:13.000Z,,0.6049,13,LULA,PT,814445,,,,,
2022,2,presidente,RN,,2022-10-30T21:17:29.000Z,,0.6162,22,JAIR BOLSONARO,PL,435879,,,,,
2022,2,presidente,RN,,2022-10-30T21:17:29.000Z,,0.6162,13,LULA,PT,827769,,,,,
2022,2,presidente,RN,,2022-10-30T21:19:02.000Z,,0.6372,22,JAIR BOLSONARO,PL,450096,,,,,
2022,2,presidente,RN,,2022-10-30T21:19:02.000Z,,0.6372,13,LULA,PT,854585,,,,,
2022,2,presidente,RN,,2022-10-30T21:20:24.000Z,,0.6462,22,JAIR BOLSONARO,PL,457155,,,,,
2022,2,presidente,RN,,2022-10-30T21:20:24.000Z,,0.6462,13,LULA,PT,865615,,,,,
2022,2,presidente,RN,,2022-10-30T21:21:45.000Z,,0.6521,22,JAIR BOLSONARO,PL,461724,,,,,
2022,2,presidente,RN,,2022-10-30T21:21:45.000Z,,0.6521,13,LULA,PT,873256,,,,,
2022,2,presidente,RN,,2022-10-30T21:23:12.000Z,,0.671,22,JAIR BOLSONARO,PL,475492,,,,,
2022,2,presidente,RN,,2022-10-30T21:23:12.000Z,,0.671,13,LULA,PT,899222,,,,,
2022,2,presidente,RN,,2022-10-30T21:24:38.000Z,,0.6774,22,JAIR BOLSONARO,PL,479743,,,,,
2022,2,presidente,RN,,2022-10-30T21:24:38.000Z,,0.6774,13,LULA,PT,907942,,,,,
2022,2,presidente,RN,,2022-10-30T21:26:04.000Z,,0.6845,22,JAIR BOLSONARO,PL,485346,,,,,
2022,2,presidente,RN,,2022-10-30T21:26:04.000Z,,0.6845,13,LULA,PT,918609,,,,,
2022,2,presidente,RN,,2022-10-30T21:27:31.000Z,,0.696,22,JAIR BOLSONARO,PL,493085,,,,,
2022,2,presidente,RN,,2022-10-30T21:27:31.000Z,,0.696,13,LULA,PT,933699,,,,,
2022,2,presidente,RN,,2022-10-30T21:28:54.000Z,,0.7127,22,JAIR BOLSONARO,PL,504544,,,,,
2022,2,presidente,RN,,2022-10-30T21:28:54.000Z,,0.7127,13,LULA,PT,956030,,,,,
2022,2,presidente,RN,,2022-10-30T21:30:18.000Z,,0.7244,22,JAIR BOLSONARO,PL,513989,,,,,
2022,2,presidente,RN,,2022-10-30T21:30:18.000Z,,0.7244,13,LULA,PT,970679,,,,,
2022,2,presidente,RN,,2022-10-30T21:31:44.000Z,,0.7336,22,JAIR BOLSONARO,PL,520710,,,,,
2022,2,presidente,RN,,2022-10-30T21:31:44.000Z,,0.7336,13,LULA,PT,982113,,,,,
2022,2,presidente,RN,,2022-10-30T21:33:11.000Z,,0.7473,22,JAIR BOLSONARO,PL,531387,,,,,
2022,2,presidente,RN,,2022-10-30T21:33:11.000Z,,0.7473,13,LULA,PT,999440,,,,,
2022,2,presidente,RN,,2022-10-30T21:34:30.000Z,,0.7557,22,JAIR BOLSONARO,PL,537827,,,,,
2022,2,presidente,RN,,2022-10-30T21:34:30.000Z,,0.7557,13,LULA,PT,1009993,,,,,
2022,2,presidente,RN,,2022-10-30T21:35:49.000Z,,0.7634,22,JAIR BOLSONARO,PL,543319,,,,,
2022,2,presidente,RN,,2022-10-30T21:35:49.000Z,,0.7634,13,LULA,PT,1020054,,,,,
2022,2,presidente,RN,,2022-10-30T21:37:15.000Z,,0.7709,22,JAIR BOLSONARO,PL,549220,,,,,
2022,2,presidente,RN,,2022-10-30T21:37:15.000Z,,0.7709,13,LULA,PT,1029914,,,,,
2022,2,presidente,RN,,2022-10-30T21:38:48.000Z,,0.7901,22,JAIR BOLSONARO,PL,563810,,,,,
2022,2,presidente,RN,,2022-10-30T21:38:48.000Z,,0.7901,13,LULA,PT,1053016,,,,,
2022,2,presidente,RN,,2022-10-30T21:40:12.000Z,,0.7936,22,JAIR BOLSONARO,PL,566072,,,,,
2022,2,presidente,RN,,2022-10-30T21:40:12.000Z,,0.7936,13,LULA,PT,1057635,,,,,
2022,2,presidente,RN,,2022-10-30T21:41:44.000Z,,0.7975,22,JAIR BOLSONARO,PL,568161,,,,,
2022,2,presidente,RN,,2022-10-30T21:41:44.000Z,,0.7975,13,LULA,PT,1062849,,,,,
2022,2,presidente,RN,,2022-10-30T21:43:07.000Z,,0.8146,22,JAIR BOLSONARO,PL,579775,,,,,
2022,2,presidente,RN,,2022-10-30T21:43:07.000Z,,0.8146,13,LULA,PT,1085623,,,,,
2022,2,presidente,RN,,2022-10-30T21:44:23.000Z,,0.8215,22,JAIR BOLSONARO,PL,584302,,,,,
2022,2,presidente,RN,,2022-10-30T21:44:23.000Z,,0.8215,13,LULA,PT,1095128,,,,,
2022,2,presidente,RN,,2022-10-30T21:45:47.000Z,,0.8286,22,JAIR BOLSONARO,PL,589361,,,,,
2022,2,presidente,RN,,2022-10-30T21:45:47.000Z,,0.8286,13,LULA,PT,1105405,,,,,
2022,2,presidente,RN,,2022-10-30T21:47:03.000Z,,0.838,22,JAIR BOLSONARO,PL,595667,,,,,
2022,2,presidente,RN,,2022-10-30T21:47:03.000Z,,0.838,13,LULA,PT,1117902,,,,,
2022,2,presidente,RN,,2022-10-30T21:48:28.000Z,,0.8527,22,JAIR BOLSONARO,PL,606505,,,,,
2022,2,presidente,RN,,2022-10-30T21:48:28.000Z,,0.8527,13,LULA,PT,1137267,,,,,
2022,2,presidente,RN,,2022-10-30T21:50:05.000Z,,0.8606,22,JAIR BOLSONARO,PL,611020,,,,,
2022,2,presidente,RN,,2022-10-30T21:50:05.000Z,,0.8606,13,LULA,PT,1147869,,,,,
2022,2,presidente,RN,,2022-10-30T21:51:42.000Z,,0.8647,22,JAIR BOLSONARO,PL,613471,,,,,
2022,2,presidente,RN,,2022-10-30T21:51:42.000Z,,0.8647,13,LULA,PT,1153577,,,,,
2022,2,presidente,RN,,2022-10-30T21:53:17.000Z,,0.8763,22,JAIR BOLSONARO,PL,621746,,,,,
2022,2,presidente,RN,,2022-10-30T21:53:17.000Z,,0.8763,13,LULA,PT,1167733,,,,,
2022,2,presidente,RN,,2022-10-30T21:54:42.000Z,,0.8812,22,JAIR BOLSONARO,PL,625157,,,,,
2022,2,presidente,RN,,2022-10-30T21:54:42.000Z,,0.8812,13,LULA,PT,1173792,,,,,
2022,2,presidente,RN,,2022-10-30T21:56:13.000Z,,0.8862,22,JAIR BOLSONARO,PL,628856,,,,,
2022,2,presidente,RN,,2022-10-30T21:56:13.000Z,,0.8862,13,LULA,PT,1180192,,,,,
2022,2,presidente,RN,,2022-10-30T21:57:50.000Z,,0.898,22,JAIR BOLSONARO,PL,637350,,,,,
2022,2,presidente,RN,,2022-10-30T21:57:50.000Z,,0.898,13,LULA,PT,1195251,,,,,
2022,2,presidente,RN,,2022-10-30T21:59:16.000Z,,0.9044,22,JAIR BOLSONARO,PL,642035,,,,,
2022,2,presidente,RN,,2022-10-30T21:59:16.000Z,,0.9044,13,LULA,PT,1203363,,,,,
2022,2,presidente,RN,,2022-10-30T22:00:53.000Z,,0.9183,22,JAIR BOLSONARO,PL,651189,,,,,
2022,2,presidente,RN,,2022-10-30T22:00:53.000Z,,0.9183,13,LULA,PT,1220740,,,,,
2022,2,presidente,RN,,2022-10-30T22:02:18.000Z,,0.9221,22,JAIR BOLSONARO,PL,653570,,,,,
2022,2,presidente,RN,,2022-10-30T22:02:18.000Z,,0.9221,13,LULA,PT,1225682,,,,,
2022,2,presidente,RN,,2022-10-30T22:03:42.000Z,,0.9268,22,JAIR BOLSONARO,PL,656698,,,,,
2022,2,presidente,RN,,2022-10-30T22:03:42.000Z,,0.9268,13,LULA,PT,1231570,,,,,
2022,2,presidente,RN,,2022-10-30T22:05:06.000Z,,0.9313,22,JAIR BOLSONARO,PL,659756,,,,,
2022,2,presidente,RN,,2022-10-30T22:05:06.000Z,,0.9313,13,LULA,PT,1237609,,,,,
2022,2,presidente,RN,,2022-10-30T22:06:28.000Z,,0.9393,22,JAIR BOLSONARO,PL,665501,,,,,
2022,2,presidente,RN,,2022-10-30T22:06:28.000Z,,0.9393,13,LULA,PT,1247956,,,,,
2022,2,presidente,RN,,2022-10-30T22:07:58.000Z,,0.9442,22,JAIR BOLSONARO,PL,669064,,,,,
2022,2,presidente,RN,,2022-10-30T22:07:58.000Z,,0.9442,13,LULA,PT,1254647,,,,,
2022,2,presidente,RN,,2022-10-30T22:09:21.000Z,,0.9457,22,JAIR BOLSONARO,PL,670025,,,,,
2022,2,presidente,RN,,2022-10-30T22:09:21.000Z,,0.9457,13,LULA,PT,1256339,,,,,
2022,2,presidente,RN,,2022-10-30T22:10:52.000Z,,0.9504,22,JAIR BOLSONARO,PL,672740,,,,,
2022,2,presidente,RN,,2022-10-30T22:10:52.000Z,,0.9504,13,LULA,PT,1261933,,,,,
2022,2,presidente,RN,,2022-10-30T22:12:39.000Z,,0.9522,22,JAIR BOLSONARO,PL,674001,,,,,
2022,2,presidente,RN,,2022-10-30T22:12:39.000Z,,0.9522,13,LULA,PT,1264366,,,,,
2022,2,presidente,RN,,2022-10-30T22:14:23.000Z,,0.957,22,JAIR BOLSONARO,PL,677123,,,,,
2022,2,presidente,RN,,2022-10-30T22:14:23.000Z,,0.957,13,LULA,PT,1270914,,,,,
2022,2,presidente,RN,,2022-10-30T22:16:01.000Z,,0.9593,22,JAIR BOLSONARO,PL,678476,,,,,
2022,2,presidente,RN,,2022-10-30T22:16:01.000Z,,0.9593,13,LULA,PT,1274154,,,,,
2022,2,presidente,RN,,2022-10-30T22:17:44.000Z,,0.9625,22,JAIR BOLSONARO,PL,680623,,,,,
2022,2,presidente,RN,,2022-10-30T22:17:44.000Z,,0.9625,13,LULA,PT,1278196,,,,,
2022,2,presidente,RN,,2022-10-30T22:19:27.000Z,,0.9642,22,JAIR BOLSONARO,PL,681510,,,,,
2022,2,presidente,RN,,2022-10-30T22:19:27.000Z,,0.9642,13,LULA,PT,1280232,,,,,
2022,2,presidente,RN,,2022-10-30T22:21:00.000Z,,0.9681,22,JAIR BOLSONARO,PL,684342,,,,,
2022,2,presidente,RN,,2022-10-30T22:21:00.000Z,,0.9681,13,LULA,PT,1285555,,,,,
2022,2,presidente,RN,,2022-10-30T22:22:34.000Z,,0.9694,22,JAIR BOLSONARO,PL,685238,,,,,
2022,2,presidente,RN,,2022-10-30T22:22:34.000Z,,0.9694,13,LULA,PT,1287186,,,,,
2022,2,presidente,RN,,2022-10-30T22:24:05.000Z,,0.9716,22,JAIR BOLSONARO,PL,686907,,,,,
2022,2,presidente,RN,,2022-10-30T22:24:05.000Z,,0.9716,13,LULA,PT,1290091,,,,,
2022,2,presidente,RN,,2022-10-30T22:25:54.000Z,,0.972,22,JAIR BOLSONARO,PL,687177,,,,,
2022,2,presidente,RN,,2022-10-30T22:25:54.000Z,,0.972,13,LULA,PT,1290637,,,,,
2022,2,presidente,RN,,2022-10-30T22:27:43.000Z,,0.9807,22,JAIR BOLSONARO,PL,693960,,,,,
2022,2,presidente,RN,,2022-10-30T22:27:43.000Z,,0.9807,13,LULA,PT,1301554,,,,,
2022,2,presidente,RN,,2022-10-30T22:29:32.000Z,,0.982,22,JAIR BOLSONARO,PL,695013,,,,,
2022,2,presidente,RN,,2022-10-30T22:29:32.000Z,,0.982,13,LULA,PT,1303107,,,,,
2022,2,presidente,RN,,2022-10-30T22:31:11.000Z,,0.9825,22,JAIR BOLSONARO,PL,695524,,,,,
2022,2,presidente,RN,,2022-10-30T22:31:11.000Z,,0.9825,13,LULA,PT,1303784,,,,,
2022,2,presidente,RN,,2022-10-30T22:32:47.000Z,,0.9848,22,JAIR BOLSONARO,PL,697492,,,,,
2022,2,presidente,RN,,2022-10-30T22:32:47.000Z,,0.9848,13,LULA,PT,1306943,,,,,
2022,2,presidente,RN,,2022-10-30T22:34:31.000Z,,0.9864,22,JAIR BOLSONARO,PL,699145,,,,,
2022,2,presidente,RN,,2022-10-30T22:34:31.000Z,,0.9864,13,LULA,PT,1309303,,,,,
2022,2,presidente,RN,,2022-10-30T22:36:25.000Z,,0.9879,22,JAIR BOLSONARO,PL,700342,,,,,
2022,2,presidente,RN,,2022-10-30T22:36:25.000Z,,0.9879,13,LULA,PT,1311275,,,,,
2022,2,presidente,RN,,2022-10-30T22:38:25.000Z,,0.9909,22,JAIR BOLSONARO,PL,702874,,,,,
2022,2,presidente,RN,,2022-10-30T22:38:25.000Z,,0.9909,13,LULA,PT,1315253,,,,,
2022,2,presidente,RN,,2022-10-30T22:39:59.000Z,,0.9917,22,JAIR BOLSONARO,PL,703528,,,,,
2022,2,presidente,RN,,2022-10-30T22:39:59.000Z,,0.9917,13,LULA,PT,1316213,,,,,
2022,2,presidente,RN,,2022-10-30T22:41:46.000Z,,0.994,22,JAIR BOLSONARO,PL,705576,,,,,
2022,2,presidente,RN,,2022-10-30T22:41:46.000Z,,0.994,13,LULA,PT,1319430,,,,,
2022,2,presidente,RN,,2022-10-30T22:43:18.000Z,,0.9944,22,JAIR BOLSONARO,PL,705918,,,,,
2022,2,presidente,RN,,2022-10-30T22:43:18.000Z,,0.9944,13,LULA,PT,1319978,,,,,
2022,2,presidente,RN,,2022-10-30T22:44:58.000Z,,0.9949,22,JAIR BOLSONARO,PL,706323,,,,,
2022,2,presidente,RN,,2022-10-30T22:44:58.000Z,,0.9949,13,LULA,PT,1320679,,,,,
2022,2,presidente,RN,,2022-10-30T22:46:51.000Z,,0.9952,22,JAIR BOLSONARO,PL,706597,,,,,
2022,2,presidente,RN,,2022-10-30T22:46:51.000Z,,0.9952,13,LULA,PT,1321013,,,,,
2022,2,presidente,RN,,2022-10-30T22:48:33.000Z,,0.9957,22,JAIR BOLSONARO,PL,707139,,,,,
2022,2,presidente,RN,,2022-10-30T22:48:33.000Z,,0.9957,13,LULA,PT,1321642,,,,,
2022,2,presidente,RN,,2022-10-30T22:50:14.000Z,,0.9964,22,JAIR BOLSONARO,PL,707804,,,,,
2022,2,presidente,RN,,2022-10-30T22:50:14.000Z,,0.9964,13,LULA,PT,1322419,,,,,
2022,2,presidente,RN,,2022-10-30T22:52:01.000Z,,0.9969,22,JAIR BOLSONARO,PL,708243,,,,,
2022,2,presidente,RN,,2022-10-30T22:52:01.000Z,,0.9969,13,LULA,PT,1323034,,,,,
2022,2,presidente,RN,,2022-10-30T22:53:40.000Z,,0.9974,22,JAIR BOLSONARO,PL,708491,,,,,
2022,2,presidente,RN,,2022-10-30T22:53:40.000Z,,0.9974,13,LULA,PT,1323543,,,,,
2022,2,presidente,RN,,2022-10-30T22:55:06.000Z,,0.9975,22,JAIR BOLSONARO,PL,708543,,,,,
2022,2,presidente,RN,,2022-10-30T22:55:06.000Z,,0.9975,13,LULA,PT,1323651,,,,,
2022,2,presidente,RN,,2022-10-30T22:56:59.000Z,,0.9978,22,JAIR BOLSONARO,PL,708770,,,,,
2022,2,presidente,RN,,2022-10-30T22:56:59.000Z,,0.9978,13,LULA,PT,1323909,,,,,
2022,2,presidente,RN,,2022-10-30T22:58:30.000Z,,0.9986,22,JAIR BOLSONARO,PL,709641,,,,,
2022,2,presidente,RN,,2022-10-30T22:58:30.000Z,,0.9986,13,LULA,PT,1324889,,,,,
2022,2,presidente,RN,,2022-10-30T23:00:50.000Z,,0.9987,22,JAIR BOLSONARO,PL,709819,,,,,
2022,2,presidente,RN,,2022-10-30T23:00:50.000Z,,0.9987,13,LULA,PT,1325042,,,,,
2022,2,presidente,RN,,2022-10-30T23:03:00.000Z,,0.9992,22,JAIR BOLSONARO,PL,710431,,,,,
2022,2,presidente,RN,,2022-10-30T23:03:00.000Z,,0.9992,13,LULA,PT,1325726,,,,,
2022,2,presidente,RN,,2022-10-30T23:04:52.000Z,,0.9999,22,JAIR BOLSONARO,PL,711224,,,,,
2022,2,presidente,RN,,2022-10-30T23:04:52.000Z,,0.9999,13,LULA,PT,1326588,,,,,
2022,2,presidente,RN,,2022-10-30T23:06:55.000Z,,1,22,JAIR BOLSONARO,PL,711381,,,,,
2022,2,presidente,RN,,2022-10-30T23:06:55.000Z,,1,13,LULA,PT,1326785,,,,,
2022,2,presidente,RO,,2022-10-30T20:09:50.000Z,,0.0064,22,JAIR BOLSONARO,PL,3995,,,,,
2022,2,presidente,RO,,2022-10-30T20:09:50.000Z,,0.0064,13,LULA,PT,2255,,,,,
2022,2,presidente,RO,,2022-10-30T20:11:01.000Z,,0.0102,22,JAIR BOLSONARO,PL,6296,,,,,
2022,2,presidente,RO,,2022-10-30T20:11:01.000Z,,0.0102,13,LULA,PT,3497,,,,,
2022,2,presidente,RO,,2022-10-30T20:12:07.000Z,,0.0129,22,JAIR BOLSONARO,PL,7824,,,,,
2022,2,presidente,RO,,2022-10-30T20:12:07.000Z,,0.0129,13,LULA,PT,4458,,,,,
2022,2,presidente,RO,,2022-10-30T20:13:15.000Z,,0.0143,22,JAIR BOLSONARO,PL,8708,,,,,
2022,2,presidente,RO,,2022-10-30T20:13:15.000Z,,0.0143,13,LULA,PT,4948,,,,,
2022,2,presidente,RO,,2022-10-30T20:14:25.000Z,,0.0202,22,JAIR BOLSONARO,PL,12258,,,,,
2022,2,presidente,RO,,2022-10-30T20:14:25.000Z,,0.0202,13,LULA,PT,6816,,,,,
2022,2,presidente,RO,,2022-10-30T20:15:36.000Z,,0.026,22,JAIR BOLSONARO,PL,15574,,,,,
2022,2,presidente,RO,,2022-10-30T20:15:36.000Z,,0.026,13,LULA,PT,8760,,,,,
2022,2,presidente,RO,,2022-10-30T20:16:42.000Z,,0.0338,22,JAIR BOLSONARO,PL,20539,,,,,
2022,2,presidente,RO,,2022-10-30T20:16:42.000Z,,0.0338,13,LULA,PT,11665,,,,,
2022,2,presidente,RO,,2022-10-30T20:17:49.000Z,,0.0403,22,JAIR BOLSONARO,PL,24514,,,,,
2022,2,presidente,RO,,2022-10-30T20:17:49.000Z,,0.0403,13,LULA,PT,14089,,,,,
2022,2,presidente,RO,,2022-10-30T20:19:05.000Z,,0.0476,22,JAIR BOLSONARO,PL,28780,,,,,
2022,2,presidente,RO,,2022-10-30T20:19:05.000Z,,0.0476,13,LULA,PT,16705,,,,,
2022,2,presidente,RO,,2022-10-30T20:20:10.000Z,,0.0555,22,JAIR BOLSONARO,PL,33772,,,,,
2022,2,presidente,RO,,2022-10-30T20:20:10.000Z,,0.0555,13,LULA,PT,19087,,,,,
2022,2,presidente,RO,,2022-10-30T20:21:32.000Z,,0.0865,22,JAIR BOLSONARO,PL,52230,,,,,
2022,2,presidente,RO,,2022-10-30T20:21:32.000Z,,0.0865,13,LULA,PT,28821,,,,,
2022,2,presidente,RO,,2022-10-30T20:22:37.000Z,,0.0998,22,JAIR BOLSONARO,PL,60685,,,,,
2022,2,presidente,RO,,2022-10-30T20:22:37.000Z,,0.0998,13,LULA,PT,33430,,,,,
2022,2,presidente,RO,,2022-10-30T20:23:59.000Z,,0.1167,22,JAIR BOLSONARO,PL,71585,,,,,
2022,2,presidente,RO,,2022-10-30T20:23:59.000Z,,0.1167,13,LULA,PT,38810,,,,,
2022,2,presidente,RO,,2022-10-30T20:25:10.000Z,,0.1267,22,JAIR BOLSONARO,PL,78211,,,,,
2022,2,presidente,RO,,2022-10-30T20:25:10.000Z,,0.1267,13,LULA,PT,42129,,,,,
2022,2,presidente,RO,,2022-10-30T20:26:16.000Z,,0.1324,22,JAIR BOLSONARO,PL,82022,,,,,
2022,2,presidente,RO,,2022-10-30T20:26:16.000Z,,0.1324,13,LULA,PT,44042,,,,,
2022,2,presidente,RO,,2022-10-30T20:27:23.000Z,,0.1444,22,JAIR BOLSONARO,PL,89350,,,,,
2022,2,presidente,RO,,2022-10-30T20:27:23.000Z,,0.1444,13,LULA,PT,47976,,,,,
2022,2,presidente,RO,,2022-10-30T20:28:29.000Z,,0.156,22,JAIR BOLSONARO,PL,96978,,,,,
2022,2,presidente,RO,,2022-10-30T20:28:29.000Z,,0.156,13,LULA,PT,51269,,,,,
2022,2,presidente,RO,,2022-10-30T20:29:40.000Z,,0.1706,22,JAIR BOLSONARO,PL,105968,,,,,
2022,2,presidente,RO,,2022-10-30T20:29:40.000Z,,0.1706,13,LULA,PT,55581,,,,,
2022,2,presidente,RO,,2022-10-30T20:30:58.000Z,,0.1875,22,JAIR BOLSONARO,PL,115677,,,,,
2022,2,presidente,RO,,2022-10-30T20:30:58.000Z,,0.1875,13,LULA,PT,61396,,,,,
2022,2,presidente,RO,,2022-10-30T20:32:09.000Z,,0.2089,22,JAIR BOLSONARO,PL,128451,,,,,
2022,2,presidente,RO,,2022-10-30T20:32:09.000Z,,0.2089,13,LULA,PT,68019,,,,,
2022,2,presidente,RO,,2022-10-30T20:33:22.000Z,,0.222,22,JAIR BOLSONARO,PL,136656,,,,,
2022,2,presidente,RO,,2022-10-30T20:33:22.000Z,,0.222,13,LULA,PT,71798,,,,,
2022,2,presidente,RO,,2022-10-30T20:34:38.000Z,,0.2253,22,JAIR BOLSONARO,PL,138580,,,,,
2022,2,presidente,RO,,2022-10-30T20:34:38.000Z,,0.2253,13,LULA,PT,72867,,,,,
2022,2,presidente,RO,,2022-10-30T20:35:46.000Z,,0.2351,22,JAIR BOLSONARO,PL,144154,,,,,
2022,2,presidente,RO,,2022-10-30T20:35:46.000Z,,0.2351,13,LULA,PT,75737,,,,,
2022,2,presidente,RO,,2022-10-30T20:36:54.000Z,,0.2442,22,JAIR BOLSONARO,PL,149605,,,,,
2022,2,presidente,RO,,2022-10-30T20:36:54.000Z,,0.2442,13,LULA,PT,78613,,,,,
2022,2,presidente,RO,,2022-10-30T20:38:01.000Z,,0.2489,22,JAIR BOLSONARO,PL,152371,,,,,
2022,2,presidente,RO,,2022-10-30T20:38:01.000Z,,0.2489,13,LULA,PT,79863,,,,,
2022,2,presidente,RO,,2022-10-30T20:39:11.000Z,,0.2549,22,JAIR BOLSONARO,PL,155614,,,,,
2022,2,presidente,RO,,2022-10-30T20:39:11.000Z,,0.2549,13,LULA,PT,81513,,,,,
2022,2,presidente,RO,,2022-10-30T20:40:17.000Z,,0.2632,22,JAIR BOLSONARO,PL,161150,,,,,
2022,2,presidente,RO,,2022-10-30T20:40:17.000Z,,0.2632,13,LULA,PT,83626,,,,,
2022,2,presidente,RO,,2022-10-30T20:41:28.000Z,,0.2763,22,JAIR BOLSONARO,PL,169592,,,,,
2022,2,presidente,RO,,2022-10-30T20:41:28.000Z,,0.2763,13,LULA,PT,87359,,,,,
2022,2,presidente,RO,,2022-10-30T20:42:35.000Z,,0.2804,22,JAIR BOLSONARO,PL,172344,,,,,
2022,2,presidente,RO,,2022-10-30T20:42:35.000Z,,0.2804,13,LULA,PT,88118,,,,,
2022,2,presidente,RO,,2022-10-30T20:43:47.000Z,,0.2863,22,JAIR BOLSONARO,PL,176267,,,,,
2022,2,presidente,RO,,2022-10-30T20:43:47.000Z,,0.2863,13,LULA,PT,89680,,,,,
2022,2,presidente,RO,,2022-10-30T20:44:58.000Z,,0.2909,22,JAIR BOLSONARO,PL,178739,,,,,
2022,2,presidente,RO,,2022-10-30T20:44:58.000Z,,0.2909,13,LULA,PT,90867,,,,,
2022,2,presidente,RO,,2022-10-30T20:46:06.000Z,,0.2947,22,JAIR BOLSONARO,PL,181016,,,,,
2022,2,presidente,RO,,2022-10-30T20:46:06.000Z,,0.2947,13,LULA,PT,92079,,,,,
2022,2,presidente,RO,,2022-10-30T20:47:33.000Z,,0.3097,22,JAIR BOLSONARO,PL,190334,,,,,
2022,2,presidente,RO,,2022-10-30T20:47:33.000Z,,0.3097,13,LULA,PT,96567,,,,,
2022,2,presidente,RO,,2022-10-30T20:48:56.000Z,,0.3185,22,JAIR BOLSONARO,PL,195807,,,,,
2022,2,presidente,RO,,2022-10-30T20:48:56.000Z,,0.3185,13,LULA,PT,99587,,,,,
2022,2,presidente,RO,,2022-10-30T20:50:09.000Z,,0.3254,22,JAIR BOLSONARO,PL,200177,,,,,
2022,2,presidente,RO,,2022-10-30T20:50:09.000Z,,0.3254,13,LULA,PT,101872,,,,,
2022,2,presidente,RO,,2022-10-30T20:51:21.000Z,,0.3302,22,JAIR BOLSONARO,PL,203017,,,,,
2022,2,presidente,RO,,2022-10-30T20:51:21.000Z,,0.3302,13,LULA,PT,102987,,,,,
2022,2,presidente,RO,,2022-10-30T20:52:39.000Z,,0.339,22,JAIR BOLSONARO,PL,208429,,,,,
2022,2,presidente,RO,,2022-10-30T20:52:39.000Z,,0.339,13,LULA,PT,105120,,,,,
2022,2,presidente,RO,,2022-10-30T20:53:57.000Z,,0.3459,22,JAIR BOLSONARO,PL,212683,,,,,
2022,2,presidente,RO,,2022-10-30T20:53:57.000Z,,0.3459,13,LULA,PT,107027,,,,,
2022,2,presidente,RO,,2022-10-30T20:55:20.000Z,,0.3652,22,JAIR BOLSONARO,PL,225588,,,,,
2022,2,presidente,RO,,2022-10-30T20:55:20.000Z,,0.3652,13,LULA,PT,111587,,,,,
2022,2,presidente,RO,,2022-10-30T20:56:36.000Z,,0.3883,22,JAIR BOLSONARO,PL,240954,,,,,
2022,2,presidente,RO,,2022-10-30T20:56:36.000Z,,0.3883,13,LULA,PT,117609,,,,,
2022,2,presidente,RO,,2022-10-30T20:58:03.000Z,,0.3957,22,JAIR BOLSONARO,PL,246169,,,,,
2022,2,presidente,RO,,2022-10-30T20:58:03.000Z,,0.3957,13,LULA,PT,119496,,,,,
2022,2,presidente,RO,,2022-10-30T20:59:16.000Z,,0.4028,22,JAIR BOLSONARO,PL,250824,,,,,
2022,2,presidente,RO,,2022-10-30T20:59:16.000Z,,0.4028,13,LULA,PT,121589,,,,,
2022,2,presidente,RO,,2022-10-30T21:00:45.000Z,,0.415,22,JAIR BOLSONARO,PL,258641,,,,,
2022,2,presidente,RO,,2022-10-30T21:00:45.000Z,,0.415,13,LULA,PT,124694,,,,,
2022,2,presidente,RO,,2022-10-30T21:02:04.000Z,,0.4192,22,JAIR BOLSONARO,PL,261314,,,,,
2022,2,presidente,RO,,2022-10-30T21:02:04.000Z,,0.4192,13,LULA,PT,125646,,,,,
2022,2,presidente,RO,,2022-10-30T21:03:28.000Z,,0.4257,22,JAIR BOLSONARO,PL,265426,,,,,
2022,2,presidente,RO,,2022-10-30T21:03:28.000Z,,0.4257,13,LULA,PT,127507,,,,,
2022,2,presidente,RO,,2022-10-30T21:04:34.000Z,,0.4331,22,JAIR BOLSONARO,PL,269765,,,,,
2022,2,presidente,RO,,2022-10-30T21:04:34.000Z,,0.4331,13,LULA,PT,129489,,,,,
2022,2,presidente,RO,,2022-10-30T21:05:46.000Z,,0.4443,22,JAIR BOLSONARO,PL,277172,,,,,
2022,2,presidente,RO,,2022-10-30T21:05:46.000Z,,0.4443,13,LULA,PT,132525,,,,,
2022,2,presidente,RO,,2022-10-30T21:07:07.000Z,,0.4464,22,JAIR BOLSONARO,PL,278687,,,,,
2022,2,presidente,RO,,2022-10-30T21:07:07.000Z,,0.4464,13,LULA,PT,133154,,,,,
2022,2,presidente,RO,,2022-10-30T21:08:25.000Z,,0.4464,22,JAIR BOLSONARO,PL,278687,,,,,
2022,2,presidente,RO,,2022-10-30T21:08:25.000Z,,0.4464,13,LULA,PT,133154,,,,,
2022,2,presidente,RO,,2022-10-30T21:09:41.000Z,,0.46,22,JAIR BOLSONARO,PL,287076,,,,,
2022,2,presidente,RO,,2022-10-30T21:09:41.000Z,,0.46,13,LULA,PT,136744,,,,,
2022,2,presidente,RO,,2022-10-30T21:11:01.000Z,,0.4607,22,JAIR BOLSONARO,PL,287462,,,,,
2022,2,presidente,RO,,2022-10-30T21:11:01.000Z,,0.4607,13,LULA,PT,136911,,,,,
2022,2,presidente,RO,,2022-10-30T21:12:25.000Z,,0.4674,22,JAIR BOLSONARO,PL,291607,,,,,
2022,2,presidente,RO,,2022-10-30T21:12:25.000Z,,0.4674,13,LULA,PT,138911,,,,,
2022,2,presidente,RO,,2022-10-30T21:13:36.000Z,,0.4767,22,JAIR BOLSONARO,PL,297093,,,,,
2022,2,presidente,RO,,2022-10-30T21:13:36.000Z,,0.4767,13,LULA,PT,141298,,,,,
2022,2,presidente,RO,,2022-10-30T21:14:58.000Z,,0.4824,22,JAIR BOLSONARO,PL,301040,,,,,
2022,2,presidente,RO,,2022-10-30T21:14:58.000Z,,0.4824,13,LULA,PT,142428,,,,,
2022,2,presidente,RO,,2022-10-30T21:16:18.000Z,,0.4886,22,JAIR BOLSONARO,PL,304476,,,,,
2022,2,presidente,RO,,2022-10-30T21:16:18.000Z,,0.4886,13,LULA,PT,143726,,,,,
2022,2,presidente,RO,,2022-10-30T21:17:37.000Z,,0.5062,22,JAIR BOLSONARO,PL,316446,,,,,
2022,2,presidente,RO,,2022-10-30T21:17:37.000Z,,0.5062,13,LULA,PT,147210,,,,,
2022,2,presidente,RO,,2022-10-30T21:19:09.000Z,,0.5276,22,JAIR BOLSONARO,PL,330842,,,,,
2022,2,presidente,RO,,2022-10-30T21:19:09.000Z,,0.5276,13,LULA,PT,151559,,,,,
2022,2,presidente,RO,,2022-10-30T21:20:31.000Z,,0.5393,22,JAIR BOLSONARO,PL,338833,,,,,
2022,2,presidente,RO,,2022-10-30T21:20:31.000Z,,0.5393,13,LULA,PT,154302,,,,,
2022,2,presidente,RO,,2022-10-30T21:21:50.000Z,,0.5424,22,JAIR BOLSONARO,PL,340582,,,,,
2022,2,presidente,RO,,2022-10-30T21:21:50.000Z,,0.5424,13,LULA,PT,155394,,,,,
2022,2,presidente,RO,,2022-10-30T21:23:19.000Z,,0.5462,22,JAIR BOLSONARO,PL,342975,,,,,
2022,2,presidente,RO,,2022-10-30T21:23:19.000Z,,0.5462,13,LULA,PT,156236,,,,,
2022,2,presidente,RO,,2022-10-30T21:24:44.000Z,,0.551,22,JAIR BOLSONARO,PL,345852,,,,,
2022,2,presidente,RO,,2022-10-30T21:24:44.000Z,,0.551,13,LULA,PT,157767,,,,,
2022,2,presidente,RO,,2022-10-30T21:26:15.000Z,,0.5581,22,JAIR BOLSONARO,PL,350224,,,,,
2022,2,presidente,RO,,2022-10-30T21:26:15.000Z,,0.5581,13,LULA,PT,159526,,,,,
2022,2,presidente,RO,,2022-10-30T21:27:37.000Z,,0.5677,22,JAIR BOLSONARO,PL,355906,,,,,
2022,2,presidente,RO,,2022-10-30T21:27:37.000Z,,0.5677,13,LULA,PT,161866,,,,,
2022,2,presidente,RO,,2022-10-30T21:29:00.000Z,,0.5836,22,JAIR BOLSONARO,PL,366078,,,,,
2022,2,presidente,RO,,2022-10-30T21:29:00.000Z,,0.5836,13,LULA,PT,165576,,,,,
2022,2,presidente,RO,,2022-10-30T21:30:26.000Z,,0.5993,22,JAIR BOLSONARO,PL,375554,,,,,
2022,2,presidente,RO,,2022-10-30T21:30:26.000Z,,0.5993,13,LULA,PT,168961,,,,,
2022,2,presidente,RO,,2022-10-30T21:31:51.000Z,,0.6129,22,JAIR BOLSONARO,PL,384240,,,,,
2022,2,presidente,RO,,2022-10-30T21:31:51.000Z,,0.6129,13,LULA,PT,171769,,,,,
2022,2,presidente,RO,,2022-10-30T21:33:15.000Z,,0.6293,22,JAIR BOLSONARO,PL,394909,,,,,
2022,2,presidente,RO,,2022-10-30T21:33:15.000Z,,0.6293,13,LULA,PT,175303,,,,,
2022,2,presidente,RO,,2022-10-30T21:34:37.000Z,,0.6451,22,JAIR BOLSONARO,PL,404442,,,,,
2022,2,presidente,RO,,2022-10-30T21:34:37.000Z,,0.6451,13,LULA,PT,178999,,,,,
2022,2,presidente,RO,,2022-10-30T21:35:54.000Z,,0.6563,22,JAIR BOLSONARO,PL,412706,,,,,
2022,2,presidente,RO,,2022-10-30T21:35:54.000Z,,0.6563,13,LULA,PT,181602,,,,,
2022,2,presidente,RO,,2022-10-30T21:37:25.000Z,,0.677,22,JAIR BOLSONARO,PL,425455,,,,,
2022,2,presidente,RO,,2022-10-30T21:37:25.000Z,,0.677,13,LULA,PT,186921,,,,,
2022,2,presidente,RO,,2022-10-30T21:38:54.000Z,,0.6929,22,JAIR BOLSONARO,PL,436704,,,,,
2022,2,presidente,RO,,2022-10-30T21:38:54.000Z,,0.6929,13,LULA,PT,190479,,,,,
2022,2,presidente,RO,,2022-10-30T21:40:19.000Z,,0.7051,22,JAIR BOLSONARO,PL,445072,,,,,
2022,2,presidente,RO,,2022-10-30T21:40:19.000Z,,0.7051,13,LULA,PT,193309,,,,,
2022,2,presidente,RO,,2022-10-30T21:41:52.000Z,,0.7115,22,JAIR BOLSONARO,PL,448465,,,,,
2022,2,presidente,RO,,2022-10-30T21:41:52.000Z,,0.7115,13,LULA,PT,195096,,,,,
2022,2,presidente,RO,,2022-10-30T21:43:12.000Z,,0.7246,22,JAIR BOLSONARO,PL,456558,,,,,
2022,2,presidente,RO,,2022-10-30T21:43:12.000Z,,0.7246,13,LULA,PT,198080,,,,,
2022,2,presidente,RO,,2022-10-30T21:44:29.000Z,,0.7511,22,JAIR BOLSONARO,PL,472671,,,,,
2022,2,presidente,RO,,2022-10-30T21:44:29.000Z,,0.7511,13,LULA,PT,204370,,,,,
2022,2,presidente,RO,,2022-10-30T21:45:53.000Z,,0.7561,22,JAIR BOLSONARO,PL,475634,,,,,
2022,2,presidente,RO,,2022-10-30T21:45:53.000Z,,0.7561,13,LULA,PT,205357,,,,,
2022,2,presidente,RO,,2022-10-30T21:47:11.000Z,,0.7744,22,JAIR BOLSONARO,PL,487737,,,,,
2022,2,presidente,RO,,2022-10-30T21:47:11.000Z,,0.7744,13,LULA,PT,209572,,,,,
2022,2,presidente,RO,,2022-10-30T21:48:34.000Z,,0.7847,22,JAIR BOLSONARO,PL,494279,,,,,
2022,2,presidente,RO,,2022-10-30T21:48:34.000Z,,0.7847,13,LULA,PT,211984,,,,,
2022,2,presidente,RO,,2022-10-30T21:50:19.000Z,,0.7997,22,JAIR BOLSONARO,PL,504188,,,,,
2022,2,presidente,RO,,2022-10-30T21:50:19.000Z,,0.7997,13,LULA,PT,215319,,,,,
2022,2,presidente,RO,,2022-10-30T21:51:48.000Z,,0.8097,22,JAIR BOLSONARO,PL,510395,,,,,
2022,2,presidente,RO,,2022-10-30T21:51:48.000Z,,0.8097,13,LULA,PT,217527,,,,,
2022,2,presidente,RO,,2022-10-30T21:53:23.000Z,,0.8304,22,JAIR BOLSONARO,PL,521901,,,,,
2022,2,presidente,RO,,2022-10-30T21:53:23.000Z,,0.8304,13,LULA,PT,222911,,,,,
2022,2,presidente,RO,,2022-10-30T21:54:48.000Z,,0.8411,22,JAIR BOLSONARO,PL,528195,,,,,
2022,2,presidente,RO,,2022-10-30T21:54:48.000Z,,0.8411,13,LULA,PT,225506,,,,,
2022,2,presidente,RO,,2022-10-30T21:56:22.000Z,,0.8525,22,JAIR BOLSONARO,PL,535439,,,,,
2022,2,presidente,RO,,2022-10-30T21:56:22.000Z,,0.8525,13,LULA,PT,228160,,,,,
2022,2,presidente,RO,,2022-10-30T21:57:56.000Z,,0.8768,22,JAIR BOLSONARO,PL,550803,,,,,
2022,2,presidente,RO,,2022-10-30T21:57:56.000Z,,0.8768,13,LULA,PT,234218,,,,,
2022,2,presidente,RO,,2022-10-30T21:59:23.000Z,,0.8954,22,JAIR BOLSONARO,PL,563294,,,,,
2022,2,presidente,RO,,2022-10-30T21:59:23.000Z,,0.8954,13,LULA,PT,238320,,,,,
2022,2,presidente,RO,,2022-10-30T22:01:00.000Z,,0.9131,22,JAIR BOLSONARO,PL,575603,,,,,
2022,2,presidente,RO,,2022-10-30T22:01:00.000Z,,0.9131,13,LULA,PT,242190,,,,,
2022,2,presidente,RO,,2022-10-30T22:02:24.000Z,,0.9152,22,JAIR BOLSONARO,PL,577124,,,,,
2022,2,presidente,RO,,2022-10-30T22:02:24.000Z,,0.9152,13,LULA,PT,242661,,,,,
2022,2,presidente,RO,,2022-10-30T22:03:49.000Z,,0.9283,22,JAIR BOLSONARO,PL,586613,,,,,
2022,2,presidente,RO,,2022-10-30T22:03:49.000Z,,0.9283,13,LULA,PT,245663,,,,,
2022,2,presidente,RO,,2022-10-30T22:05:11.000Z,,0.9362,22,JAIR BOLSONARO,PL,592243,,,,,
2022,2,presidente,RO,,2022-10-30T22:05:11.000Z,,0.9362,13,LULA,PT,247394,,,,,
2022,2,presidente,RO,,2022-10-30T22:06:36.000Z,,0.9452,22,JAIR BOLSONARO,PL,598572,,,,,
2022,2,presidente,RO,,2022-10-30T22:06:36.000Z,,0.9452,13,LULA,PT,249808,,,,,
2022,2,presidente,RO,,2022-10-30T22:08:08.000Z,,0.9478,22,JAIR BOLSONARO,PL,600316,,,,,
2022,2,presidente,RO,,2022-10-30T22:08:08.000Z,,0.9478,13,LULA,PT,250467,,,,,
2022,2,presidente,RO,,2022-10-30T22:09:27.000Z,,0.95,22,JAIR BOLSONARO,PL,601793,,,,,
2022,2,presidente,RO,,2022-10-30T22:09:27.000Z,,0.95,13,LULA,PT,250881,,,,,
2022,2,presidente,RO,,2022-10-30T22:11:05.000Z,,0.9559,22,JAIR BOLSONARO,PL,605909,,,,,
2022,2,presidente,RO,,2022-10-30T22:11:05.000Z,,0.9559,13,LULA,PT,252304,,,,,
2022,2,presidente,RO,,2022-10-30T22:12:55.000Z,,0.9576,22,JAIR BOLSONARO,PL,607118,,,,,
2022,2,presidente,RO,,2022-10-30T22:12:55.000Z,,0.9576,13,LULA,PT,252678,,,,,
2022,2,presidente,RO,,2022-10-30T22:14:38.000Z,,0.9633,22,JAIR BOLSONARO,PL,610857,,,,,
2022,2,presidente,RO,,2022-10-30T22:14:38.000Z,,0.9633,13,LULA,PT,254201,,,,,
2022,2,presidente,RO,,2022-10-30T22:16:13.000Z,,0.965,22,JAIR BOLSONARO,PL,612115,,,,,
2022,2,presidente,RO,,2022-10-30T22:16:13.000Z,,0.965,13,LULA,PT,254631,,,,,
2022,2,presidente,RO,,2022-10-30T22:17:53.000Z,,0.9717,22,JAIR BOLSONARO,PL,616992,,,,,
2022,2,presidente,RO,,2022-10-30T22:17:53.000Z,,0.9717,13,LULA,PT,256097,,,,,
2022,2,presidente,RO,,2022-10-30T22:19:36.000Z,,0.9736,22,JAIR BOLSONARO,PL,618334,,,,,
2022,2,presidente,RO,,2022-10-30T22:19:36.000Z,,0.9736,13,LULA,PT,256554,,,,,
2022,2,presidente,RO,,2022-10-30T22:21:09.000Z,,0.9762,22,JAIR BOLSONARO,PL,620275,,,,,
2022,2,presidente,RO,,2022-10-30T22:21:09.000Z,,0.9762,13,LULA,PT,257021,,,,,
2022,2,presidente,RO,,2022-10-30T22:22:39.000Z,,0.9769,22,JAIR BOLSONARO,PL,620704,,,,,
2022,2,presidente,RO,,2022-10-30T22:22:39.000Z,,0.9769,13,LULA,PT,257210,,,,,
2022,2,presidente,RO,,2022-10-30T22:24:18.000Z,,0.9845,22,JAIR BOLSONARO,PL,624386,,,,,
2022,2,presidente,RO,,2022-10-30T22:24:18.000Z,,0.9845,13,LULA,PT,259284,,,,,
2022,2,presidente,RO,,2022-10-30T22:26:19.000Z,,0.9857,22,JAIR BOLSONARO,PL,625070,,,,,
2022,2,presidente,RO,,2022-10-30T22:26:19.000Z,,0.9857,13,LULA,PT,259523,,,,,
2022,2,presidente,RO,,2022-10-30T22:27:53.000Z,,0.9905,22,JAIR BOLSONARO,PL,627574,,,,,
2022,2,presidente,RO,,2022-10-30T22:27:53.000Z,,0.9905,13,LULA,PT,260840,,,,,
2022,2,presidente,RO,,2022-10-30T22:29:39.000Z,,0.9907,22,JAIR BOLSONARO,PL,627680,,,,,
2022,2,presidente,RO,,2022-10-30T22:29:39.000Z,,0.9907,13,LULA,PT,260919,,,,,
2022,2,presidente,RO,,2022-10-30T22:31:20.000Z,,0.9907,22,JAIR BOLSONARO,PL,627680,,,,,
2022,2,presidente,RO,,2022-10-30T22:31:20.000Z,,0.9907,13,LULA,PT,260919,,,,,
2022,2,presidente,RO,,2022-10-30T22:32:57.000Z,,0.9907,22,JAIR BOLSONARO,PL,627680,,,,,
2022,2,presidente,RO,,2022-10-30T22:32:57.000Z,,0.9907,13,LULA,PT,260919,,,,,
2022,2,presidente,RO,,2022-10-30T22:34:49.000Z,,0.9907,22,JAIR BOLSONARO,PL,627680,,,,,
2022,2,presidente,RO,,2022-10-30T22:34:49.000Z,,0.9907,13,LULA,PT,260919,,,,,
2022,2,presidente,RO,,2022-10-30T22:36:50.000Z,,0.9948,22,JAIR BOLSONARO,PL,630055,,,,,
2022,2,presidente,RO,,2022-10-30T22:36:50.000Z,,0.9948,13,LULA,PT,261786,,,,,
2022,2,presidente,RO,,2022-10-30T22:38:32.000Z,,0.9974,22,JAIR BOLSONARO,PL,631317,,,,,
2022,2,presidente,RO,,2022-10-30T22:38:32.000Z,,0.9974,13,LULA,PT,262390,,,,,
2022,2,presidente,RO,,2022-10-30T22:40:10.000Z,,0.9974,22,JAIR BOLSONARO,PL,631317,,,,,
2022,2,presidente,RO,,2022-10-30T22:40:10.000Z,,0.9974,13,LULA,PT,262390,,,,,
2022,2,presidente,RO,,2022-10-30T22:42:00.000Z,,0.9974,22,JAIR BOLSONARO,PL,631317,,,,,
2022,2,presidente,RO,,2022-10-30T22:42:00.000Z,,0.9974,13,LULA,PT,262390,,,,,
2022,2,presidente,RO,,2022-10-30T22:43:25.000Z,,0.9974,22,JAIR BOLSONARO,PL,631317,,,,,
2022,2,presidente,RO,,2022-10-30T22:43:25.000Z,,0.9974,13,LULA,PT,262390,,,,,
2022,2,presidente,RO,,2022-10-30T22:45:09.000Z,,0.9974,22,JAIR BOLSONARO,PL,631317,,,,,
2022,2,presidente,RO,,2022-10-30T22:45:09.000Z,,0.9974,13,LULA,PT,262390,,,,,
2022,2,presidente,RO,,2022-10-30T22:47:01.000Z,,0.9974,22,JAIR BOLSONARO,PL,631317,,,,,
2022,2,presidente,RO,,2022-10-30T22:47:01.000Z,,0.9974,13,LULA,PT,262390,,,,,
2022,2,presidente,RO,,2022-10-30T22:48:45.000Z,,0.9974,22,JAIR BOLSONARO,PL,631317,,,,,
2022,2,presidente,RO,,2022-10-30T22:48:45.000Z,,0.9974,13,LULA,PT,262390,,,,,
2022,2,presidente,RO,,2022-10-30T22:50:27.000Z,,0.9976,22,JAIR BOLSONARO,PL,631439,,,,,
2022,2,presidente,RO,,2022-10-30T22:50:27.000Z,,0.9976,13,LULA,PT,262439,,,,,
2022,2,presidente,RO,,2022-10-30T22:52:15.000Z,,0.9976,22,JAIR BOLSONARO,PL,631439,,,,,
2022,2,presidente,RO,,2022-10-30T22:52:15.000Z,,0.9976,13,LULA,PT,262439,,,,,
2022,2,presidente,RO,,2022-10-30T22:53:50.000Z,,0.9976,22,JAIR BOLSONARO,PL,631439,,,,,
2022,2,presidente,RO,,2022-10-30T22:53:50.000Z,,0.9976,13,LULA,PT,262439,,,,,
2022,2,presidente,RO,,2022-10-30T22:55:12.000Z,,0.9981,22,JAIR BOLSONARO,PL,631583,,,,,
2022,2,presidente,RO,,2022-10-30T22:55:12.000Z,,0.9981,13,LULA,PT,262637,,,,,
2022,2,presidente,RO,,2022-10-30T22:57:04.000Z,,0.9981,22,JAIR BOLSONARO,PL,631583,,,,,
2022,2,presidente,RO,,2022-10-30T22:57:04.000Z,,0.9981,13,LULA,PT,262637,,,,,
2022,2,presidente,RO,,2022-10-30T22:59:00.000Z,,0.9981,22,JAIR BOLSONARO,PL,631583,,,,,
2022,2,presidente,RO,,2022-10-30T22:59:00.000Z,,0.9981,13,LULA,PT,262637,,,,,
2022,2,presidente,RO,,2022-10-30T23:01:12.000Z,,1,22,JAIR BOLSONARO,PL,633236,,,,,
2022,2,presidente,RO,,2022-10-30T23:01:12.000Z,,1,13,LULA,PT,262904,,,,,
2022,2,presidente,RR,,2022-10-30T20:09:50.000Z,,0.0008,22,JAIR BOLSONARO,PL,22,,,,,
2022,2,presidente,RR,,2022-10-30T20:09:50.000Z,,0.0008,13,LULA,PT,127,,,,,
2022,2,presidente,RR,,2022-10-30T20:11:01.000Z,,0.0032,22,JAIR BOLSONARO,PL,399,,,,,
2022,2,presidente,RR,,2022-10-30T20:11:01.000Z,,0.0032,13,LULA,PT,238,,,,,
2022,2,presidente,RR,,2022-10-30T20:12:08.000Z,,0.0039,22,JAIR BOLSONARO,PL,520,,,,,
2022,2,presidente,RR,,2022-10-30T20:12:08.000Z,,0.0039,13,LULA,PT,330,,,,,
2022,2,presidente,RR,,2022-10-30T20:13:15.000Z,,0.0039,22,JAIR BOLSONARO,PL,520,,,,,
2022,2,presidente,RR,,2022-10-30T20:13:15.000Z,,0.0039,13,LULA,PT,330,,,,,
2022,2,presidente,RR,,2022-10-30T20:14:25.000Z,,0.0063,22,JAIR BOLSONARO,PL,690,,,,,
2022,2,presidente,RR,,2022-10-30T20:14:25.000Z,,0.0063,13,LULA,PT,672,,,,,
2022,2,presidente,RR,,2022-10-30T20:15:36.000Z,,0.0071,22,JAIR BOLSONARO,PL,837,,,,,
2022,2,presidente,RR,,2022-10-30T20:15:36.000Z,,0.0071,13,LULA,PT,711,,,,,
2022,2,presidente,RR,,2022-10-30T20:16:43.000Z,,0.0095,22,JAIR BOLSONARO,PL,1028,,,,,
2022,2,presidente,RR,,2022-10-30T20:16:43.000Z,,0.0095,13,LULA,PT,841,,,,,
2022,2,presidente,RR,,2022-10-30T20:17:49.000Z,,0.0126,22,JAIR BOLSONARO,PL,1473,,,,,
2022,2,presidente,RR,,2022-10-30T20:17:49.000Z,,0.0126,13,LULA,PT,1153,,,,,
2022,2,presidente,RR,,2022-10-30T20:19:05.000Z,,0.0126,22,JAIR BOLSONARO,PL,1473,,,,,
2022,2,presidente,RR,,2022-10-30T20:19:05.000Z,,0.0126,13,LULA,PT,1153,,,,,
2022,2,presidente,RR,,2022-10-30T20:20:10.000Z,,0.0166,22,JAIR BOLSONARO,PL,2077,,,,,
2022,2,presidente,RR,,2022-10-30T20:20:10.000Z,,0.0166,13,LULA,PT,1332,,,,,
2022,2,presidente,RR,,2022-10-30T20:21:32.000Z,,0.0268,22,JAIR BOLSONARO,PL,3506,,,,,
2022,2,presidente,RR,,2022-10-30T20:21:32.000Z,,0.0268,13,LULA,PT,1952,,,,,
2022,2,presidente,RR,,2022-10-30T20:22:42.000Z,,0.0308,22,JAIR BOLSONARO,PL,4010,,,,,
2022,2,presidente,RR,,2022-10-30T20:22:42.000Z,,0.0308,13,LULA,PT,2138,,,,,
2022,2,presidente,RR,,2022-10-30T20:23:59.000Z,,0.0371,22,JAIR BOLSONARO,PL,5165,,,,,
2022,2,presidente,RR,,2022-10-30T20:23:59.000Z,,0.0371,13,LULA,PT,2729,,,,,
2022,2,presidente,RR,,2022-10-30T20:25:11.000Z,,0.0402,22,JAIR BOLSONARO,PL,5856,,,,,
2022,2,presidente,RR,,2022-10-30T20:25:11.000Z,,0.0402,13,LULA,PT,2981,,,,,
2022,2,presidente,RR,,2022-10-30T20:26:16.000Z,,0.0639,22,JAIR BOLSONARO,PL,10740,,,,,
2022,2,presidente,RR,,2022-10-30T20:26:16.000Z,,0.0639,13,LULA,PT,4529,,,,,
2022,2,presidente,RR,,2022-10-30T20:27:23.000Z,,0.0836,22,JAIR BOLSONARO,PL,15006,,,,,
2022,2,presidente,RR,,2022-10-30T20:27:23.000Z,,0.0836,13,LULA,PT,5809,,,,,
2022,2,presidente,RR,,2022-10-30T20:28:29.000Z,,0.0946,22,JAIR BOLSONARO,PL,16954,,,,,
2022,2,presidente,RR,,2022-10-30T20:28:29.000Z,,0.0946,13,LULA,PT,6377,,,,,
2022,2,presidente,RR,,2022-10-30T20:29:40.000Z,,0.0946,22,JAIR BOLSONARO,PL,16954,,,,,
2022,2,presidente,RR,,2022-10-30T20:29:40.000Z,,0.0946,13,LULA,PT,6377,,,,,
2022,2,presidente,RR,,2022-10-30T20:30:58.000Z,,0.1136,22,JAIR BOLSONARO,PL,21262,,,,,
2022,2,presidente,RR,,2022-10-30T20:30:58.000Z,,0.1136,13,LULA,PT,7561,,,,,
2022,2,presidente,RR,,2022-10-30T20:32:09.000Z,,0.1199,22,JAIR BOLSONARO,PL,22839,,,,,
2022,2,presidente,RR,,2022-10-30T20:32:09.000Z,,0.1199,13,LULA,PT,7934,,,,,
2022,2,presidente,RR,,2022-10-30T20:33:22.000Z,,0.1317,22,JAIR BOLSONARO,PL,25179,,,,,
2022,2,presidente,RR,,2022-10-30T20:33:22.000Z,,0.1317,13,LULA,PT,8626,,,,,
2022,2,presidente,RR,,2022-10-30T20:34:38.000Z,,0.1333,22,JAIR BOLSONARO,PL,25388,,,,,
2022,2,presidente,RR,,2022-10-30T20:34:38.000Z,,0.1333,13,LULA,PT,8905,,,,,
2022,2,presidente,RR,,2022-10-30T20:35:46.000Z,,0.1412,22,JAIR BOLSONARO,PL,27074,,,,,
2022,2,presidente,RR,,2022-10-30T20:35:46.000Z,,0.1412,13,LULA,PT,9373,,,,,
2022,2,presidente,RR,,2022-10-30T20:36:54.000Z,,0.1412,22,JAIR BOLSONARO,PL,27074,,,,,
2022,2,presidente,RR,,2022-10-30T20:36:54.000Z,,0.1412,13,LULA,PT,9373,,,,,
2022,2,presidente,RR,,2022-10-30T20:38:01.000Z,,0.142,22,JAIR BOLSONARO,PL,27152,,,,,
2022,2,presidente,RR,,2022-10-30T20:38:01.000Z,,0.142,13,LULA,PT,9416,,,,,
2022,2,presidente,RR,,2022-10-30T20:39:12.000Z,,0.1467,22,JAIR BOLSONARO,PL,28396,,,,,
2022,2,presidente,RR,,2022-10-30T20:39:12.000Z,,0.1467,13,LULA,PT,9721,,,,,
2022,2,presidente,RR,,2022-10-30T20:40:22.000Z,,0.1467,22,JAIR BOLSONARO,PL,28396,,,,,
2022,2,presidente,RR,,2022-10-30T20:40:22.000Z,,0.1467,13,LULA,PT,9721,,,,,
2022,2,presidente,RR,,2022-10-30T20:41:29.000Z,,0.1538,22,JAIR BOLSONARO,PL,29598,,,,,
2022,2,presidente,RR,,2022-10-30T20:41:29.000Z,,0.1538,13,LULA,PT,10198,,,,,
2022,2,presidente,RR,,2022-10-30T20:42:35.000Z,,0.1688,22,JAIR BOLSONARO,PL,32539,,,,,
2022,2,presidente,RR,,2022-10-30T20:42:35.000Z,,0.1688,13,LULA,PT,11013,,,,,
2022,2,presidente,RR,,2022-10-30T20:43:48.000Z,,0.1877,22,JAIR BOLSONARO,PL,36307,,,,,
2022,2,presidente,RR,,2022-10-30T20:43:48.000Z,,0.1877,13,LULA,PT,12153,,,,,
2022,2,presidente,RR,,2022-10-30T20:44:58.000Z,,0.194,22,JAIR BOLSONARO,PL,38046,,,,,
2022,2,presidente,RR,,2022-10-30T20:44:58.000Z,,0.194,13,LULA,PT,12526,,,,,
2022,2,presidente,RR,,2022-10-30T20:46:07.000Z,,0.1979,22,JAIR BOLSONARO,PL,39126,,,,,
2022,2,presidente,RR,,2022-10-30T20:46:07.000Z,,0.1979,13,LULA,PT,12769,,,,,
2022,2,presidente,RR,,2022-10-30T20:47:34.000Z,,0.2216,22,JAIR BOLSONARO,PL,44665,,,,,
2022,2,presidente,RR,,2022-10-30T20:47:34.000Z,,0.2216,13,LULA,PT,14086,,,,,
2022,2,presidente,RR,,2022-10-30T20:48:56.000Z,,0.2382,22,JAIR BOLSONARO,PL,47992,,,,,
2022,2,presidente,RR,,2022-10-30T20:48:56.000Z,,0.2382,13,LULA,PT,15035,,,,,
2022,2,presidente,RR,,2022-10-30T20:50:10.000Z,,0.2429,22,JAIR BOLSONARO,PL,48951,,,,,
2022,2,presidente,RR,,2022-10-30T20:50:10.000Z,,0.2429,13,LULA,PT,15324,,,,,
2022,2,presidente,RR,,2022-10-30T20:51:22.000Z,,0.2508,22,JAIR BOLSONARO,PL,50428,,,,,
2022,2,presidente,RR,,2022-10-30T20:51:22.000Z,,0.2508,13,LULA,PT,15801,,,,,
2022,2,presidente,RR,,2022-10-30T20:52:39.000Z,,0.265,22,JAIR BOLSONARO,PL,52887,,,,,
2022,2,presidente,RR,,2022-10-30T20:52:39.000Z,,0.265,13,LULA,PT,16832,,,,,
2022,2,presidente,RR,,2022-10-30T20:53:57.000Z,,0.2808,22,JAIR BOLSONARO,PL,55917,,,,,
2022,2,presidente,RR,,2022-10-30T20:53:57.000Z,,0.2808,13,LULA,PT,17698,,,,,
2022,2,presidente,RR,,2022-10-30T20:55:20.000Z,,0.2855,22,JAIR BOLSONARO,PL,56920,,,,,
2022,2,presidente,RR,,2022-10-30T20:55:20.000Z,,0.2855,13,LULA,PT,17952,,,,,
2022,2,presidente,RR,,2022-10-30T20:56:42.000Z,,0.2989,22,JAIR BOLSONARO,PL,59351,,,,,
2022,2,presidente,RR,,2022-10-30T20:56:42.000Z,,0.2989,13,LULA,PT,19321,,,,,
2022,2,presidente,RR,,2022-10-30T20:58:04.000Z,,0.3044,22,JAIR BOLSONARO,PL,60395,,,,,
2022,2,presidente,RR,,2022-10-30T20:58:04.000Z,,0.3044,13,LULA,PT,19667,,,,,
2022,2,presidente,RR,,2022-10-30T20:59:16.000Z,,0.3249,22,JAIR BOLSONARO,PL,65054,,,,,
2022,2,presidente,RR,,2022-10-30T20:59:16.000Z,,0.3249,13,LULA,PT,20970,,,,,
2022,2,presidente,RR,,2022-10-30T21:00:46.000Z,,0.3375,22,JAIR BOLSONARO,PL,67556,,,,,
2022,2,presidente,RR,,2022-10-30T21:00:46.000Z,,0.3375,13,LULA,PT,22010,,,,,
2022,2,presidente,RR,,2022-10-30T21:02:05.000Z,,0.3596,22,JAIR BOLSONARO,PL,71532,,,,,
2022,2,presidente,RR,,2022-10-30T21:02:05.000Z,,0.3596,13,LULA,PT,23418,,,,,
2022,2,presidente,RR,,2022-10-30T21:03:29.000Z,,0.3746,22,JAIR BOLSONARO,PL,75002,,,,,
2022,2,presidente,RR,,2022-10-30T21:03:29.000Z,,0.3746,13,LULA,PT,24335,,,,,
2022,2,presidente,RR,,2022-10-30T21:04:35.000Z,,0.3959,22,JAIR BOLSONARO,PL,79446,,,,,
2022,2,presidente,RR,,2022-10-30T21:04:35.000Z,,0.3959,13,LULA,PT,25783,,,,,
2022,2,presidente,RR,,2022-10-30T21:05:46.000Z,,0.4022,22,JAIR BOLSONARO,PL,80891,,,,,
2022,2,presidente,RR,,2022-10-30T21:05:46.000Z,,0.4022,13,LULA,PT,26177,,,,,
2022,2,presidente,RR,,2022-10-30T21:07:08.000Z,,0.4062,22,JAIR BOLSONARO,PL,81663,,,,,
2022,2,presidente,RR,,2022-10-30T21:07:08.000Z,,0.4062,13,LULA,PT,26396,,,,,
2022,2,presidente,RR,,2022-10-30T21:08:26.000Z,,0.4211,22,JAIR BOLSONARO,PL,84890,,,,,
2022,2,presidente,RR,,2022-10-30T21:08:26.000Z,,0.4211,13,LULA,PT,27392,,,,,
2022,2,presidente,RR,,2022-10-30T21:09:41.000Z,,0.4314,22,JAIR BOLSONARO,PL,86833,,,,,
2022,2,presidente,RR,,2022-10-30T21:09:41.000Z,,0.4314,13,LULA,PT,27926,,,,,
2022,2,presidente,RR,,2022-10-30T21:11:02.000Z,,0.4377,22,JAIR BOLSONARO,PL,88276,,,,,
2022,2,presidente,RR,,2022-10-30T21:11:02.000Z,,0.4377,13,LULA,PT,28290,,,,,
2022,2,presidente,RR,,2022-10-30T21:12:26.000Z,,0.4511,22,JAIR BOLSONARO,PL,90929,,,,,
2022,2,presidente,RR,,2022-10-30T21:12:26.000Z,,0.4511,13,LULA,PT,29313,,,,,
2022,2,presidente,RR,,2022-10-30T21:13:36.000Z,,0.4653,22,JAIR BOLSONARO,PL,93604,,,,,
2022,2,presidente,RR,,2022-10-30T21:13:36.000Z,,0.4653,13,LULA,PT,30210,,,,,
2022,2,presidente,RR,,2022-10-30T21:14:58.000Z,,0.4661,22,JAIR BOLSONARO,PL,93791,,,,,
2022,2,presidente,RR,,2022-10-30T21:14:58.000Z,,0.4661,13,LULA,PT,30250,,,,,
2022,2,presidente,RR,,2022-10-30T21:16:19.000Z,,0.4748,22,JAIR BOLSONARO,PL,95800,,,,,
2022,2,presidente,RR,,2022-10-30T21:16:19.000Z,,0.4748,13,LULA,PT,31025,,,,,
2022,2,presidente,RR,,2022-10-30T21:17:38.000Z,,0.4858,22,JAIR BOLSONARO,PL,97772,,,,,
2022,2,presidente,RR,,2022-10-30T21:17:38.000Z,,0.4858,13,LULA,PT,31858,,,,,
2022,2,presidente,RR,,2022-10-30T21:19:10.000Z,,0.4945,22,JAIR BOLSONARO,PL,99446,,,,,
2022,2,presidente,RR,,2022-10-30T21:19:10.000Z,,0.4945,13,LULA,PT,32588,,,,,
2022,2,presidente,RR,,2022-10-30T21:20:31.000Z,,0.5008,22,JAIR BOLSONARO,PL,100950,,,,,
2022,2,presidente,RR,,2022-10-30T21:20:31.000Z,,0.5008,13,LULA,PT,33115,,,,,
2022,2,presidente,RR,,2022-10-30T21:21:50.000Z,,0.5181,22,JAIR BOLSONARO,PL,105257,,,,,
2022,2,presidente,RR,,2022-10-30T21:21:50.000Z,,0.5181,13,LULA,PT,34340,,,,,
2022,2,presidente,RR,,2022-10-30T21:23:20.000Z,,0.5394,22,JAIR BOLSONARO,PL,110125,,,,,
2022,2,presidente,RR,,2022-10-30T21:23:20.000Z,,0.5394,13,LULA,PT,35831,,,,,
2022,2,presidente,RR,,2022-10-30T21:24:44.000Z,,0.5465,22,JAIR BOLSONARO,PL,111583,,,,,
2022,2,presidente,RR,,2022-10-30T21:24:44.000Z,,0.5465,13,LULA,PT,36209,,,,,
2022,2,presidente,RR,,2022-10-30T21:26:15.000Z,,0.5733,22,JAIR BOLSONARO,PL,117618,,,,,
2022,2,presidente,RR,,2022-10-30T21:26:15.000Z,,0.5733,13,LULA,PT,37928,,,,,
2022,2,presidente,RR,,2022-10-30T21:27:37.000Z,,0.5994,22,JAIR BOLSONARO,PL,123528,,,,,
2022,2,presidente,RR,,2022-10-30T21:27:37.000Z,,0.5994,13,LULA,PT,39540,,,,,
2022,2,presidente,RR,,2022-10-30T21:29:01.000Z,,0.6207,22,JAIR BOLSONARO,PL,128869,,,,,
2022,2,presidente,RR,,2022-10-30T21:29:01.000Z,,0.6207,13,LULA,PT,40858,,,,,
2022,2,presidente,RR,,2022-10-30T21:30:26.000Z,,0.6333,22,JAIR BOLSONARO,PL,131945,,,,,
2022,2,presidente,RR,,2022-10-30T21:30:26.000Z,,0.6333,13,LULA,PT,41654,,,,,
2022,2,presidente,RR,,2022-10-30T21:31:57.000Z,,0.6617,22,JAIR BOLSONARO,PL,138562,,,,,
2022,2,presidente,RR,,2022-10-30T21:31:57.000Z,,0.6617,13,LULA,PT,43514,,,,,
2022,2,presidente,RR,,2022-10-30T21:33:16.000Z,,0.6877,22,JAIR BOLSONARO,PL,144488,,,,,
2022,2,presidente,RR,,2022-10-30T21:33:16.000Z,,0.6877,13,LULA,PT,45029,,,,,
2022,2,presidente,RR,,2022-10-30T21:34:38.000Z,,0.7035,22,JAIR BOLSONARO,PL,147858,,,,,
2022,2,presidente,RR,,2022-10-30T21:34:38.000Z,,0.7035,13,LULA,PT,45968,,,,,
2022,2,presidente,RR,,2022-10-30T21:35:54.000Z,,0.7169,22,JAIR BOLSONARO,PL,150967,,,,,
2022,2,presidente,RR,,2022-10-30T21:35:54.000Z,,0.7169,13,LULA,PT,46865,,,,,
2022,2,presidente,RR,,2022-10-30T21:37:25.000Z,,0.7287,22,JAIR BOLSONARO,PL,153300,,,,,
2022,2,presidente,RR,,2022-10-30T21:37:25.000Z,,0.7287,13,LULA,PT,47683,,,,,
2022,2,presidente,RR,,2022-10-30T21:38:55.000Z,,0.7484,22,JAIR BOLSONARO,PL,157679,,,,,
2022,2,presidente,RR,,2022-10-30T21:38:55.000Z,,0.7484,13,LULA,PT,49166,,,,,
2022,2,presidente,RR,,2022-10-30T21:40:20.000Z,,0.7744,22,JAIR BOLSONARO,PL,163756,,,,,
2022,2,presidente,RR,,2022-10-30T21:40:20.000Z,,0.7744,13,LULA,PT,50833,,,,,
2022,2,presidente,RR,,2022-10-30T21:41:53.000Z,,0.8091,22,JAIR BOLSONARO,PL,171568,,,,,
2022,2,presidente,RR,,2022-10-30T21:41:53.000Z,,0.8091,13,LULA,PT,53189,,,,,
2022,2,presidente,RR,,2022-10-30T21:43:13.000Z,,0.8139,22,JAIR BOLSONARO,PL,172414,,,,,
2022,2,presidente,RR,,2022-10-30T21:43:13.000Z,,0.8139,13,LULA,PT,53700,,,,,
2022,2,presidente,RR,,2022-10-30T21:44:29.000Z,,0.8202,22,JAIR BOLSONARO,PL,173589,,,,,
2022,2,presidente,RR,,2022-10-30T21:44:29.000Z,,0.8202,13,LULA,PT,54190,,,,,
2022,2,presidente,RR,,2022-10-30T21:45:54.000Z,,0.8265,22,JAIR BOLSONARO,PL,174900,,,,,
2022,2,presidente,RR,,2022-10-30T21:45:54.000Z,,0.8265,13,LULA,PT,54717,,,,,
2022,2,presidente,RR,,2022-10-30T21:47:11.000Z,,0.8644,22,JAIR BOLSONARO,PL,184111,,,,,
2022,2,presidente,RR,,2022-10-30T21:47:11.000Z,,0.8644,13,LULA,PT,57518,,,,,
2022,2,presidente,RR,,2022-10-30T21:48:35.000Z,,0.8762,22,JAIR BOLSONARO,PL,186770,,,,,
2022,2,presidente,RR,,2022-10-30T21:48:35.000Z,,0.8762,13,LULA,PT,58329,,,,,
2022,2,presidente,RR,,2022-10-30T21:50:20.000Z,,0.8896,22,JAIR BOLSONARO,PL,189878,,,,,
2022,2,presidente,RR,,2022-10-30T21:50:20.000Z,,0.8896,13,LULA,PT,59200,,,,,
2022,2,presidente,RR,,2022-10-30T21:51:49.000Z,,0.9014,22,JAIR BOLSONARO,PL,192613,,,,,
2022,2,presidente,RR,,2022-10-30T21:51:49.000Z,,0.9014,13,LULA,PT,59976,,,,,
2022,2,presidente,RR,,2022-10-30T21:53:25.000Z,,0.9219,22,JAIR BOLSONARO,PL,196822,,,,,
2022,2,presidente,RR,,2022-10-30T21:53:25.000Z,,0.9219,13,LULA,PT,61622,,,,,
2022,2,presidente,RR,,2022-10-30T21:54:49.000Z,,0.9298,22,JAIR BOLSONARO,PL,198890,,,,,
2022,2,presidente,RR,,2022-10-30T21:54:49.000Z,,0.9298,13,LULA,PT,62112,,,,,
2022,2,presidente,RR,,2022-10-30T21:56:23.000Z,,0.9401,22,JAIR BOLSONARO,PL,201389,,,,,
2022,2,presidente,RR,,2022-10-30T21:56:23.000Z,,0.9401,13,LULA,PT,62745,,,,,
2022,2,presidente,RR,,2022-10-30T21:57:57.000Z,,0.9472,22,JAIR BOLSONARO,PL,202453,,,,,
2022,2,presidente,RR,,2022-10-30T21:57:57.000Z,,0.9472,13,LULA,PT,63442,,,,,
2022,2,presidente,RR,,2022-10-30T21:59:24.000Z,,0.9527,22,JAIR BOLSONARO,PL,203747,,,,,
2022,2,presidente,RR,,2022-10-30T21:59:24.000Z,,0.9527,13,LULA,PT,63735,,,,,
2022,2,presidente,RR,,2022-10-30T22:01:01.000Z,,0.9543,22,JAIR BOLSONARO,PL,204044,,,,,
2022,2,presidente,RR,,2022-10-30T22:01:01.000Z,,0.9543,13,LULA,PT,63965,,,,,
2022,2,presidente,RR,,2022-10-30T22:02:25.000Z,,0.9558,22,JAIR BOLSONARO,PL,204322,,,,,
2022,2,presidente,RR,,2022-10-30T22:02:25.000Z,,0.9558,13,LULA,PT,64144,,,,,
2022,2,presidente,RR,,2022-10-30T22:03:50.000Z,,0.9582,22,JAIR BOLSONARO,PL,204672,,,,,
2022,2,presidente,RR,,2022-10-30T22:03:50.000Z,,0.9582,13,LULA,PT,64259,,,,,
2022,2,presidente,RR,,2022-10-30T22:05:12.000Z,,0.9582,22,JAIR BOLSONARO,PL,204672,,,,,
2022,2,presidente,RR,,2022-10-30T22:05:12.000Z,,0.9582,13,LULA,PT,64259,,,,,
2022,2,presidente,RR,,2022-10-30T22:06:41.000Z,,0.9582,22,JAIR BOLSONARO,PL,204672,,,,,
2022,2,presidente,RR,,2022-10-30T22:06:41.000Z,,0.9582,13,LULA,PT,64259,,,,,
2022,2,presidente,RR,,2022-10-30T22:08:08.000Z,,0.959,22,JAIR BOLSONARO,PL,204800,,,,,
2022,2,presidente,RR,,2022-10-30T22:08:08.000Z,,0.959,13,LULA,PT,64290,,,,,
2022,2,presidente,RR,,2022-10-30T22:09:28.000Z,,0.9598,22,JAIR BOLSONARO,PL,205020,,,,,
2022,2,presidente,RR,,2022-10-30T22:09:28.000Z,,0.9598,13,LULA,PT,64347,,,,,
2022,2,presidente,RR,,2022-10-30T22:11:11.000Z,,0.9606,22,JAIR BOLSONARO,PL,205225,,,,,
2022,2,presidente,RR,,2022-10-30T22:11:11.000Z,,0.9606,13,LULA,PT,64389,,,,,
2022,2,presidente,RR,,2022-10-30T22:12:57.000Z,,0.9614,22,JAIR BOLSONARO,PL,205443,,,,,
2022,2,presidente,RR,,2022-10-30T22:12:57.000Z,,0.9614,13,LULA,PT,64461,,,,,
2022,2,presidente,RR,,2022-10-30T22:14:40.000Z,,0.9614,22,JAIR BOLSONARO,PL,205443,,,,,
2022,2,presidente,RR,,2022-10-30T22:14:40.000Z,,0.9614,13,LULA,PT,64461,,,,,
2022,2,presidente,RR,,2022-10-30T22:16:15.000Z,,0.9614,22,JAIR BOLSONARO,PL,205443,,,,,
2022,2,presidente,RR,,2022-10-30T22:16:15.000Z,,0.9614,13,LULA,PT,64461,,,,,
2022,2,presidente,RR,,2022-10-30T22:17:54.000Z,,0.9614,22,JAIR BOLSONARO,PL,205443,,,,,
2022,2,presidente,RR,,2022-10-30T22:17:54.000Z,,0.9614,13,LULA,PT,64461,,,,,
2022,2,presidente,RR,,2022-10-30T22:19:37.000Z,,0.9629,22,JAIR BOLSONARO,PL,205843,,,,,
2022,2,presidente,RR,,2022-10-30T22:19:37.000Z,,0.9629,13,LULA,PT,64568,,,,,
2022,2,presidente,RR,,2022-10-30T22:21:10.000Z,,0.9708,22,JAIR BOLSONARO,PL,207670,,,,,
2022,2,presidente,RR,,2022-10-30T22:21:10.000Z,,0.9708,13,LULA,PT,65031,,,,,
2022,2,presidente,RR,,2022-10-30T22:22:40.000Z,,0.9756,22,JAIR BOLSONARO,PL,208927,,,,,
2022,2,presidente,RR,,2022-10-30T22:22:40.000Z,,0.9756,13,LULA,PT,65313,,,,,
2022,2,presidente,RR,,2022-10-30T22:24:20.000Z,,0.9763,22,JAIR BOLSONARO,PL,208976,,,,,
2022,2,presidente,RR,,2022-10-30T22:24:20.000Z,,0.9763,13,LULA,PT,65345,,,,,
2022,2,presidente,RR,,2022-10-30T22:26:20.000Z,,0.9763,22,JAIR BOLSONARO,PL,208976,,,,,
2022,2,presidente,RR,,2022-10-30T22:26:20.000Z,,0.9763,13,LULA,PT,65345,,,,,
2022,2,presidente,RR,,2022-10-30T22:27:54.000Z,,0.9882,22,JAIR BOLSONARO,PL,211982,,,,,
2022,2,presidente,RR,,2022-10-30T22:27:54.000Z,,0.9882,13,LULA,PT,66063,,,,,
2022,2,presidente,RR,,2022-10-30T22:29:39.000Z,,0.9882,22,JAIR BOLSONARO,PL,211982,,,,,
2022,2,presidente,RR,,2022-10-30T22:29:39.000Z,,0.9882,13,LULA,PT,66063,,,,,
2022,2,presidente,RR,,2022-10-30T22:31:20.000Z,,0.9882,22,JAIR BOLSONARO,PL,211982,,,,,
2022,2,presidente,RR,,2022-10-30T22:31:20.000Z,,0.9882,13,LULA,PT,66063,,,,,
2022,2,presidente,RR,,2022-10-30T22:32:58.000Z,,0.9882,22,JAIR BOLSONARO,PL,211982,,,,,
2022,2,presidente,RR,,2022-10-30T22:32:58.000Z,,0.9882,13,LULA,PT,66063,,,,,
2022,2,presidente,RR,,2022-10-30T22:34:50.000Z,,0.9882,22,JAIR BOLSONARO,PL,211982,,,,,
2022,2,presidente,RR,,2022-10-30T22:34:50.000Z,,0.9882,13,LULA,PT,66063,,,,,
2022,2,presidente,RR,,2022-10-30T22:36:52.000Z,,0.9882,22,JAIR BOLSONARO,PL,211982,,,,,
2022,2,presidente,RR,,2022-10-30T22:36:52.000Z,,0.9882,13,LULA,PT,66063,,,,,
2022,2,presidente,RR,,2022-10-30T22:38:33.000Z,,0.9882,22,JAIR BOLSONARO,PL,211982,,,,,
2022,2,presidente,RR,,2022-10-30T22:38:33.000Z,,0.9882,13,LULA,PT,66063,,,,,
2022,2,presidente,RR,,2022-10-30T22:40:11.000Z,,0.9882,22,JAIR BOLSONARO,PL,211982,,,,,
2022,2,presidente,RR,,2022-10-30T22:40:11.000Z,,0.9882,13,LULA,PT,66063,,,,,
2022,2,presidente,RR,,2022-10-30T22:42:00.000Z,,0.9882,22,JAIR BOLSONARO,PL,211982,,,,,
2022,2,presidente,RR,,2022-10-30T22:42:00.000Z,,0.9882,13,LULA,PT,66063,,,,,
2022,2,presidente,RR,,2022-10-30T22:43:25.000Z,,0.9882,22,JAIR BOLSONARO,PL,211982,,,,,
2022,2,presidente,RR,,2022-10-30T22:43:25.000Z,,0.9882,13,LULA,PT,66063,,,,,
2022,2,presidente,RR,,2022-10-30T22:45:10.000Z,,0.9921,22,JAIR BOLSONARO,PL,212473,,,,,
2022,2,presidente,RR,,2022-10-30T22:45:10.000Z,,0.9921,13,LULA,PT,66305,,,,,
2022,2,presidente,RR,,2022-10-30T22:47:03.000Z,,0.9921,22,JAIR BOLSONARO,PL,212473,,,,,
2022,2,presidente,RR,,2022-10-30T22:47:03.000Z,,0.9921,13,LULA,PT,66305,,,,,
2022,2,presidente,RR,,2022-10-30T22:48:46.000Z,,0.9921,22,JAIR BOLSONARO,PL,212473,,,,,
2022,2,presidente,RR,,2022-10-30T22:48:46.000Z,,0.9921,13,LULA,PT,66305,,,,,
2022,2,presidente,RR,,2022-10-30T22:50:28.000Z,,0.9921,22,JAIR BOLSONARO,PL,212473,,,,,
2022,2,presidente,RR,,2022-10-30T22:50:28.000Z,,0.9921,13,LULA,PT,66305,,,,,
2022,2,presidente,RR,,2022-10-30T22:52:15.000Z,,0.9921,22,JAIR BOLSONARO,PL,212473,,,,,
2022,2,presidente,RR,,2022-10-30T22:52:15.000Z,,0.9921,13,LULA,PT,66305,,,,,
2022,2,presidente,RR,,2022-10-30T22:53:50.000Z,,0.9921,22,JAIR BOLSONARO,PL,212473,,,,,
2022,2,presidente,RR,,2022-10-30T22:53:50.000Z,,0.9921,13,LULA,PT,66305,,,,,
2022,2,presidente,RR,,2022-10-30T22:55:12.000Z,,0.9921,22,JAIR BOLSONARO,PL,212473,,,,,
2022,2,presidente,RR,,2022-10-30T22:55:12.000Z,,0.9921,13,LULA,PT,66305,,,,,
2022,2,presidente,RR,,2022-10-30T22:57:05.000Z,,0.9921,22,JAIR BOLSONARO,PL,212473,,,,,
2022,2,presidente,RR,,2022-10-30T22:57:05.000Z,,0.9921,13,LULA,PT,66305,,,,,
2022,2,presidente,RR,,2022-10-30T22:59:03.000Z,,0.9921,22,JAIR BOLSONARO,PL,212473,,,,,
2022,2,presidente,RR,,2022-10-30T22:59:03.000Z,,0.9921,13,LULA,PT,66305,,,,,
2022,2,presidente,RR,,2022-10-30T23:01:14.000Z,,0.9921,22,JAIR BOLSONARO,PL,212473,,,,,
2022,2,presidente,RR,,2022-10-30T23:01:14.000Z,,0.9921,13,LULA,PT,66305,,,,,
2022,2,presidente,RR,,2022-10-30T23:03:30.000Z,,0.9921,22,JAIR BOLSONARO,PL,212473,,,,,
2022,2,presidente,RR,,2022-10-30T23:03:30.000Z,,0.9921,13,LULA,PT,66305,,,,,
2022,2,presidente,RR,,2022-10-30T23:05:06.000Z,,0.9921,22,JAIR BOLSONARO,PL,212473,,,,,
2022,2,presidente,RR,,2022-10-30T23:05:06.000Z,,0.9921,13,LULA,PT,66305,,,,,
2022,2,presidente,RR,,2022-10-30T23:07:09.000Z,,0.9921,22,JAIR BOLSONARO,PL,212473,,,,,
2022,2,presidente,RR,,2022-10-30T23:07:09.000Z,,0.9921,13,LULA,PT,66305,,,,,
2022,2,presidente,RR,,2022-10-30T23:08:52.000Z,,0.9921,22,JAIR BOLSONARO,PL,212473,,,,,
2022,2,presidente,RR,,2022-10-30T23:08:52.000Z,,0.9921,13,LULA,PT,66305,,,,,
2022,2,presidente,RR,,2022-10-30T23:10:30.000Z,,0.9921,22,JAIR BOLSONARO,PL,212473,,,,,
2022,2,presidente,RR,,2022-10-30T23:10:30.000Z,,0.9921,13,LULA,PT,66305,,,,,
2022,2,presidente,RR,,2022-10-30T23:12:33.000Z,,0.9921,22,JAIR BOLSONARO,PL,212473,,,,,
2022,2,presidente,RR,,2022-10-30T23:12:33.000Z,,0.9921,13,LULA,PT,66305,,,,,
2022,2,presidente,RR,,2022-10-30T23:14:45.000Z,,0.9921,22,JAIR BOLSONARO,PL,212473,,,,,
2022,2,presidente,RR,,2022-10-30T23:14:45.000Z,,0.9921,13,LULA,PT,66305,,,,,
2022,2,presidente,RR,,2022-10-30T23:16:47.000Z,,0.9921,22,JAIR BOLSONARO,PL,212473,,,,,
2022,2,presidente,RR,,2022-10-30T23:16:47.000Z,,0.9921,13,LULA,PT,66305,,,,,
2022,2,presidente,RR,,2022-10-30T23:19:13.000Z,,0.9929,22,JAIR BOLSONARO,PL,212535,,,,,
2022,2,presidente,RR,,2022-10-30T23:19:13.000Z,,0.9929,13,LULA,PT,66440,,,,,
2022,2,presidente,RR,,2022-10-30T23:20:57.000Z,,0.9961,22,JAIR BOLSONARO,PL,213105,,,,,
2022,2,presidente,RR,,2022-10-30T23:20:57.000Z,,0.9961,13,LULA,PT,66701,,,,,
2022,2,presidente,RR,,2022-10-30T23:22:22.000Z,,0.9984,22,JAIR BOLSONARO,PL,213443,,,,,
2022,2,presidente,RR,,2022-10-30T23:22:22.000Z,,0.9984,13,LULA,PT,66824,,,,,
2022,2,presidente,RR,,2022-10-30T23:24:05.000Z,,0.9984,22,JAIR BOLSONARO,PL,213443,,,,,
2022,2,presidente,RR,,2022-10-30T23:24:05.000Z,,0.9984,13,LULA,PT,66824,,,,,
2022,2,presidente,RR,,2022-10-30T23:25:31.000Z,,0.9984,22,JAIR BOLSONARO,PL,213443,,,,,
2022,2,presidente,RR,,2022-10-30T23:25:31.000Z,,0.9984,13,LULA,PT,66824,,,,,
2022,2,presidente,RR,,2022-10-30T23:27:01.000Z,,0.9984,22,JAIR BOLSONARO,PL,213443,,,,,
2022,2,presidente,RR,,2022-10-30T23:27:01.000Z,,0.9984,13,LULA,PT,66824,,,,,
2022,2,presidente,RR,,2022-10-30T23:28:42.000Z,,0.9984,22,JAIR BOLSONARO,PL,213443,,,,,
2022,2,presidente,RR,,2022-10-30T23:28:42.000Z,,0.9984,13,LULA,PT,66824,,,,,
2022,2,presidente,RR,,2022-10-30T23:30:34.000Z,,0.9984,22,JAIR BOLSONARO,PL,213443,,,,,
2022,2,presidente,RR,,2022-10-30T23:30:34.000Z,,0.9984,13,LULA,PT,66824,,,,,
2022,2,presidente,RR,,2022-10-30T23:32:15.000Z,,0.9984,22,JAIR BOLSONARO,PL,213443,,,,,
2022,2,presidente,RR,,2022-10-30T23:32:15.000Z,,0.9984,13,LULA,PT,66824,,,,,
2022,2,presidente,RR,,2022-10-30T23:34:12.000Z,,0.9984,22,JAIR BOLSONARO,PL,213443,,,,,
2022,2,presidente,RR,,2022-10-30T23:34:12.000Z,,0.9984,13,LULA,PT,66824,,,,,
2022,2,presidente,RR,,2022-10-30T23:35:49.000Z,,0.9984,22,JAIR BOLSONARO,PL,213443,,,,,
2022,2,presidente,RR,,2022-10-30T23:35:49.000Z,,0.9984,13,LULA,PT,66824,,,,,
2022,2,presidente,RR,,2022-10-30T23:37:23.000Z,,0.9984,22,JAIR BOLSONARO,PL,213443,,,,,
2022,2,presidente,RR,,2022-10-30T23:37:23.000Z,,0.9984,13,LULA,PT,66824,,,,,
2022,2,presidente,RR,,2022-10-30T23:39:47.000Z,,0.9984,22,JAIR BOLSONARO,PL,213443,,,,,
2022,2,presidente,RR,,2022-10-30T23:39:47.000Z,,0.9984,13,LULA,PT,66824,,,,,
2022,2,presidente,RR,,2022-10-30T23:41:49.000Z,,0.9984,22,JAIR BOLSONARO,PL,213443,,,,,
2022,2,presidente,RR,,2022-10-30T23:41:49.000Z,,0.9984,13,LULA,PT,66824,,,,,
2022,2,presidente,RR,,2022-10-30T23:43:30.000Z,,0.9984,22,JAIR BOLSONARO,PL,213443,,,,,
2022,2,presidente,RR,,2022-10-30T23:43:30.000Z,,0.9984,13,LULA,PT,66824,,,,,
2022,2,presidente,RR,,2022-10-30T23:45:32.000Z,,0.9984,22,JAIR BOLSONARO,PL,213443,,,,,
2022,2,presidente,RR,,2022-10-30T23:45:32.000Z,,0.9984,13,LULA,PT,66824,,,,,
2022,2,presidente,RR,,2022-10-30T23:47:29.000Z,,0.9984,22,JAIR BOLSONARO,PL,213443,,,,,
2022,2,presidente,RR,,2022-10-30T23:47:29.000Z,,0.9984,13,LULA,PT,66824,,,,,
2022,2,presidente,RR,,2022-10-30T23:48:59.000Z,,0.9984,22,JAIR BOLSONARO,PL,213443,,,,,
2022,2,presidente,RR,,2022-10-30T23:48:59.000Z,,0.9984,13,LULA,PT,66824,,,,,
2022,2,presidente,RR,,2022-10-30T23:50:52.000Z,,0.9984,22,JAIR BOLSONARO,PL,213443,,,,,
2022,2,presidente,RR,,2022-10-30T23:50:52.000Z,,0.9984,13,LULA,PT,66824,,,,,
2022,2,presidente,RR,,2022-10-30T23:53:01.000Z,,0.9984,22,JAIR BOLSONARO,PL,213443,,,,,
2022,2,presidente,RR,,2022-10-30T23:53:01.000Z,,0.9984,13,LULA,PT,66824,,,,,
2022,2,presidente,RR,,2022-10-30T23:54:49.000Z,,0.9984,22,JAIR BOLSONARO,PL,213443,,,,,
2022,2,presidente,RR,,2022-10-30T23:54:49.000Z,,0.9984,13,LULA,PT,66824,,,,,
2022,2,presidente,RR,,2022-10-30T23:56:40.000Z,,0.9984,22,JAIR BOLSONARO,PL,213443,,,,,
2022,2,presidente,RR,,2022-10-30T23:56:40.000Z,,0.9984,13,LULA,PT,66824,,,,,
2022,2,presidente,RR,,2022-10-30T23:58:59.000Z,,0.9984,22,JAIR BOLSONARO,PL,213443,,,,,
2022,2,presidente,RR,,2022-10-30T23:58:59.000Z,,0.9984,13,LULA,PT,66824,,,,,
2022,2,presidente,RR,,2022-10-31T00:00:28.000Z,,1,22,JAIR BOLSONARO,PL,213518,,,,,
2022,2,presidente,RR,,2022-10-31T00:00:28.000Z,,1,13,LULA,PT,67128,,,,,
2022,2,presidente,RS,,2022-10-30T20:17:45.000Z,,0.0053,22,JAIR BOLSONARO,PL,21370,,,,,
2022,2,presidente,RS,,2022-10-30T20:17:45.000Z,,0.0053,13,LULA,PT,13693,,,,,
2022,2,presidente,RS,,2022-10-30T20:18:58.000Z,,0.0067,22,JAIR BOLSONARO,PL,26959,,,,,
2022,2,presidente,RS,,2022-10-30T20:18:58.000Z,,0.0067,13,LULA,PT,16945,,,,,
2022,2,presidente,RS,,2022-10-30T20:20:08.000Z,,0.008,22,JAIR BOLSONARO,PL,32611,,,,,
2022,2,presidente,RS,,2022-10-30T20:20:08.000Z,,0.008,13,LULA,PT,20558,,,,,
2022,2,presidente,RS,,2022-10-30T20:21:24.000Z,,0.0181,22,JAIR BOLSONARO,PL,77044,,,,,
2022,2,presidente,RS,,2022-10-30T20:21:24.000Z,,0.0181,13,LULA,PT,46313,,,,,
2022,2,presidente,RS,,2022-10-30T20:22:35.000Z,,0.0258,22,JAIR BOLSONARO,PL,108251,,,,,
2022,2,presidente,RS,,2022-10-30T20:22:35.000Z,,0.0258,13,LULA,PT,67701,,,,,
2022,2,presidente,RS,,2022-10-30T20:23:45.000Z,,0.032,22,JAIR BOLSONARO,PL,135138,,,,,
2022,2,presidente,RS,,2022-10-30T20:23:45.000Z,,0.032,13,LULA,PT,84321,,,,,
2022,2,presidente,RS,,2022-10-30T20:25:08.000Z,,0.0396,22,JAIR BOLSONARO,PL,167944,,,,,
2022,2,presidente,RS,,2022-10-30T20:25:08.000Z,,0.0396,13,LULA,PT,104042,,,,,
2022,2,presidente,RS,,2022-10-30T20:26:14.000Z,,0.0465,22,JAIR BOLSONARO,PL,195001,,,,,
2022,2,presidente,RS,,2022-10-30T20:26:14.000Z,,0.0465,13,LULA,PT,122949,,,,,
2022,2,presidente,RS,,2022-10-30T20:27:20.000Z,,0.0613,22,JAIR BOLSONARO,PL,257841,,,,,
2022,2,presidente,RS,,2022-10-30T20:27:20.000Z,,0.0613,13,LULA,PT,161696,,,,,
2022,2,presidente,RS,,2022-10-30T20:28:26.000Z,,0.0739,22,JAIR BOLSONARO,PL,311312,,,,,
2022,2,presidente,RS,,2022-10-30T20:28:26.000Z,,0.0739,13,LULA,PT,195418,,,,,
2022,2,presidente,RS,,2022-10-30T20:29:37.000Z,,0.0854,22,JAIR BOLSONARO,PL,356295,,,,,
2022,2,presidente,RS,,2022-10-30T20:29:37.000Z,,0.0854,13,LULA,PT,229269,,,,,
2022,2,presidente,RS,,2022-10-30T20:30:44.000Z,,0.1035,22,JAIR BOLSONARO,PL,426462,,,,,
2022,2,presidente,RS,,2022-10-30T20:30:44.000Z,,0.1035,13,LULA,PT,279727,,,,,
2022,2,presidente,RS,,2022-10-30T20:32:01.000Z,,0.1167,22,JAIR BOLSONARO,PL,477654,,,,,
2022,2,presidente,RS,,2022-10-30T20:32:01.000Z,,0.1167,13,LULA,PT,318653,,,,,
2022,2,presidente,RS,,2022-10-30T20:33:18.000Z,,0.1287,22,JAIR BOLSONARO,PL,525045,,,,,
2022,2,presidente,RS,,2022-10-30T20:33:18.000Z,,0.1287,13,LULA,PT,351651,,,,,
2022,2,presidente,RS,,2022-10-30T20:34:25.000Z,,0.139,22,JAIR BOLSONARO,PL,566254,,,,,
2022,2,presidente,RS,,2022-10-30T20:34:25.000Z,,0.139,13,LULA,PT,378361,,,,,
2022,2,presidente,RS,,2022-10-30T20:35:42.000Z,,0.1508,22,JAIR BOLSONARO,PL,613758,,,,,
2022,2,presidente,RS,,2022-10-30T20:35:42.000Z,,0.1508,13,LULA,PT,409951,,,,,
2022,2,presidente,RS,,2022-10-30T20:36:51.000Z,,0.1596,22,JAIR BOLSONARO,PL,649452,,,,,
2022,2,presidente,RS,,2022-10-30T20:36:51.000Z,,0.1596,13,LULA,PT,433635,,,,,
2022,2,presidente,RS,,2022-10-30T20:37:58.000Z,,0.169,22,JAIR BOLSONARO,PL,684747,,,,,
2022,2,presidente,RS,,2022-10-30T20:37:58.000Z,,0.169,13,LULA,PT,460166,,,,,
2022,2,presidente,RS,,2022-10-30T20:39:09.000Z,,0.178,22,JAIR BOLSONARO,PL,719387,,,,,
2022,2,presidente,RS,,2022-10-30T20:39:09.000Z,,0.178,13,LULA,PT,484190,,,,,
2022,2,presidente,RS,,2022-10-30T20:40:14.000Z,,0.1964,22,JAIR BOLSONARO,PL,788681,,,,,
2022,2,presidente,RS,,2022-10-30T20:40:14.000Z,,0.1964,13,LULA,PT,537941,,,,,
2022,2,presidente,RS,,2022-10-30T20:41:25.000Z,,0.206,22,JAIR BOLSONARO,PL,824438,,,,,
2022,2,presidente,RS,,2022-10-30T20:41:25.000Z,,0.206,13,LULA,PT,565175,,,,,
2022,2,presidente,RS,,2022-10-30T20:42:32.000Z,,0.2175,22,JAIR BOLSONARO,PL,868218,,,,,
2022,2,presidente,RS,,2022-10-30T20:42:32.000Z,,0.2175,13,LULA,PT,598989,,,,,
2022,2,presidente,RS,,2022-10-30T20:43:39.000Z,,0.2175,22,JAIR BOLSONARO,PL,868218,,,,,
2022,2,presidente,RS,,2022-10-30T20:43:39.000Z,,0.2175,13,LULA,PT,598989,,,,,
2022,2,presidente,RS,,2022-10-30T20:44:53.000Z,,0.2314,22,JAIR BOLSONARO,PL,923986,,,,,
2022,2,presidente,RS,,2022-10-30T20:44:53.000Z,,0.2314,13,LULA,PT,637052,,,,,
2022,2,presidente,RS,,2022-10-30T20:46:04.000Z,,0.2505,22,JAIR BOLSONARO,PL,996778,,,,,
2022,2,presidente,RS,,2022-10-30T20:46:04.000Z,,0.2505,13,LULA,PT,691545,,,,,
2022,2,presidente,RS,,2022-10-30T20:47:16.000Z,,0.264,22,JAIR BOLSONARO,PL,1047371,,,,,
2022,2,presidente,RS,,2022-10-30T20:47:16.000Z,,0.264,13,LULA,PT,728894,,,,,
2022,2,presidente,RS,,2022-10-30T20:48:49.000Z,,0.2752,22,JAIR BOLSONARO,PL,1091170,,,,,
2022,2,presidente,RS,,2022-10-30T20:48:49.000Z,,0.2752,13,LULA,PT,759393,,,,,
2022,2,presidente,RS,,2022-10-30T20:50:04.000Z,,0.2976,22,JAIR BOLSONARO,PL,1174419,,,,,
2022,2,presidente,RS,,2022-10-30T20:50:04.000Z,,0.2976,13,LULA,PT,826356,,,,,
2022,2,presidente,RS,,2022-10-30T20:51:16.000Z,,0.2976,22,JAIR BOLSONARO,PL,1174419,,,,,
2022,2,presidente,RS,,2022-10-30T20:51:16.000Z,,0.2976,13,LULA,PT,826356,,,,,
2022,2,presidente,RS,,2022-10-30T20:52:30.000Z,,0.3191,22,JAIR BOLSONARO,PL,1252250,,,,,
2022,2,presidente,RS,,2022-10-30T20:52:30.000Z,,0.3191,13,LULA,PT,888008,,,,,
2022,2,presidente,RS,,2022-10-30T20:53:47.000Z,,0.3276,22,JAIR BOLSONARO,PL,1285004,,,,,
2022,2,presidente,RS,,2022-10-30T20:53:47.000Z,,0.3276,13,LULA,PT,912847,,,,,
2022,2,presidente,RS,,2022-10-30T20:55:05.000Z,,0.3336,22,JAIR BOLSONARO,PL,1307752,,,,,
2022,2,presidente,RS,,2022-10-30T20:55:05.000Z,,0.3336,13,LULA,PT,930867,,,,,
2022,2,presidente,RS,,2022-10-30T20:56:27.000Z,,0.3424,22,JAIR BOLSONARO,PL,1341004,,,,,
2022,2,presidente,RS,,2022-10-30T20:56:27.000Z,,0.3424,13,LULA,PT,955888,,,,,
2022,2,presidente,RS,,2022-10-30T20:57:51.000Z,,0.3656,22,JAIR BOLSONARO,PL,1430177,,,,,
2022,2,presidente,RS,,2022-10-30T20:57:51.000Z,,0.3656,13,LULA,PT,1026148,,,,,
2022,2,presidente,RS,,2022-10-30T20:59:12.000Z,,0.3781,22,JAIR BOLSONARO,PL,1476343,,,,,
2022,2,presidente,RS,,2022-10-30T20:59:12.000Z,,0.3781,13,LULA,PT,1064067,,,,,
2022,2,presidente,RS,,2022-10-30T21:00:27.000Z,,0.4037,22,JAIR BOLSONARO,PL,1576681,,,,,
2022,2,presidente,RS,,2022-10-30T21:00:27.000Z,,0.4037,13,LULA,PT,1136934,,,,,
2022,2,presidente,RS,,2022-10-30T21:01:57.000Z,,0.4126,22,JAIR BOLSONARO,PL,1610448,,,,,
2022,2,presidente,RS,,2022-10-30T21:01:57.000Z,,0.4126,13,LULA,PT,1163153,,,,,
2022,2,presidente,RS,,2022-10-30T21:03:19.000Z,,0.4202,22,JAIR BOLSONARO,PL,1636605,,,,,
2022,2,presidente,RS,,2022-10-30T21:03:19.000Z,,0.4202,13,LULA,PT,1185045,,,,,
2022,2,presidente,RS,,2022-10-30T21:04:32.000Z,,0.4272,22,JAIR BOLSONARO,PL,1662143,,,,,
2022,2,presidente,RS,,2022-10-30T21:04:32.000Z,,0.4272,13,LULA,PT,1206322,,,,,
2022,2,presidente,RS,,2022-10-30T21:05:40.000Z,,0.436,22,JAIR BOLSONARO,PL,1692753,,,,,
2022,2,presidente,RS,,2022-10-30T21:05:40.000Z,,0.436,13,LULA,PT,1235063,,,,,
2022,2,presidente,RS,,2022-10-30T21:06:58.000Z,,0.454,22,JAIR BOLSONARO,PL,1760925,,,,,
2022,2,presidente,RS,,2022-10-30T21:06:58.000Z,,0.454,13,LULA,PT,1285998,,,,,
2022,2,presidente,RS,,2022-10-30T21:08:16.000Z,,0.454,22,JAIR BOLSONARO,PL,1760925,,,,,
2022,2,presidente,RS,,2022-10-30T21:08:16.000Z,,0.454,13,LULA,PT,1285998,,,,,
2022,2,presidente,RS,,2022-10-30T21:09:36.000Z,,0.4695,22,JAIR BOLSONARO,PL,1815041,,,,,
2022,2,presidente,RS,,2022-10-30T21:09:36.000Z,,0.4695,13,LULA,PT,1332992,,,,,
2022,2,presidente,RS,,2022-10-30T21:10:53.000Z,,0.4778,22,JAIR BOLSONARO,PL,1844158,,,,,
2022,2,presidente,RS,,2022-10-30T21:10:53.000Z,,0.4778,13,LULA,PT,1356086,,,,,
2022,2,presidente,RS,,2022-10-30T21:12:18.000Z,,0.4853,22,JAIR BOLSONARO,PL,1872048,,,,,
2022,2,presidente,RS,,2022-10-30T21:12:18.000Z,,0.4853,13,LULA,PT,1378886,,,,,
2022,2,presidente,RS,,2022-10-30T21:13:33.000Z,,0.4933,22,JAIR BOLSONARO,PL,1901868,,,,,
2022,2,presidente,RS,,2022-10-30T21:13:33.000Z,,0.4933,13,LULA,PT,1401917,,,,,
2022,2,presidente,RS,,2022-10-30T21:14:41.000Z,,0.503,22,JAIR BOLSONARO,PL,1938385,,,,,
2022,2,presidente,RS,,2022-10-30T21:14:41.000Z,,0.503,13,LULA,PT,1429102,,,,,
2022,2,presidente,RS,,2022-10-30T21:16:10.000Z,,0.5199,22,JAIR BOLSONARO,PL,2000960,,,,,
2022,2,presidente,RS,,2022-10-30T21:16:10.000Z,,0.5199,13,LULA,PT,1481550,,,,,
2022,2,presidente,RS,,2022-10-30T21:17:28.000Z,,0.5292,22,JAIR BOLSONARO,PL,2035682,,,,,
2022,2,presidente,RS,,2022-10-30T21:17:28.000Z,,0.5292,13,LULA,PT,1509196,,,,,
2022,2,presidente,RS,,2022-10-30T21:18:59.000Z,,0.5372,22,JAIR BOLSONARO,PL,2065045,,,,,
2022,2,presidente,RS,,2022-10-30T21:18:59.000Z,,0.5372,13,LULA,PT,1534378,,,,,
2022,2,presidente,RS,,2022-10-30T21:20:20.000Z,,0.544,22,JAIR BOLSONARO,PL,2090600,,,,,
2022,2,presidente,RS,,2022-10-30T21:20:20.000Z,,0.544,13,LULA,PT,1553811,,,,,
2022,2,presidente,RS,,2022-10-30T21:21:42.000Z,,0.5624,22,JAIR BOLSONARO,PL,2154551,,,,,
2022,2,presidente,RS,,2022-10-30T21:21:42.000Z,,0.5624,13,LULA,PT,1611408,,,,,
2022,2,presidente,RS,,2022-10-30T21:23:08.000Z,,0.5726,22,JAIR BOLSONARO,PL,2192516,,,,,
2022,2,presidente,RS,,2022-10-30T21:23:08.000Z,,0.5726,13,LULA,PT,1643075,,,,,
2022,2,presidente,RS,,2022-10-30T21:24:30.000Z,,0.5903,22,JAIR BOLSONARO,PL,2255569,,,,,
2022,2,presidente,RS,,2022-10-30T21:24:30.000Z,,0.5903,13,LULA,PT,1694897,,,,,
2022,2,presidente,RS,,2022-10-30T21:25:55.000Z,,0.5983,22,JAIR BOLSONARO,PL,2284120,,,,,
2022,2,presidente,RS,,2022-10-30T21:25:55.000Z,,0.5983,13,LULA,PT,1721222,,,,,
2022,2,presidente,RS,,2022-10-30T21:27:27.000Z,,0.6079,22,JAIR BOLSONARO,PL,2321638,,,,,
2022,2,presidente,RS,,2022-10-30T21:27:27.000Z,,0.6079,13,LULA,PT,1749317,,,,,
2022,2,presidente,RS,,2022-10-30T21:28:45.000Z,,0.6185,22,JAIR BOLSONARO,PL,2361569,,,,,
2022,2,presidente,RS,,2022-10-30T21:28:45.000Z,,0.6185,13,LULA,PT,1779662,,,,,
2022,2,presidente,RS,,2022-10-30T21:30:10.000Z,,0.6405,22,JAIR BOLSONARO,PL,2439190,,,,,
2022,2,presidente,RS,,2022-10-30T21:30:10.000Z,,0.6405,13,LULA,PT,1848955,,,,,
2022,2,presidente,RS,,2022-10-30T21:31:41.000Z,,0.6508,22,JAIR BOLSONARO,PL,2478208,,,,,
2022,2,presidente,RS,,2022-10-30T21:31:41.000Z,,0.6508,13,LULA,PT,1878861,,,,,
2022,2,presidente,RS,,2022-10-30T21:33:07.000Z,,0.6609,22,JAIR BOLSONARO,PL,2516523,,,,,
2022,2,presidente,RS,,2022-10-30T21:33:07.000Z,,0.6609,13,LULA,PT,1907429,,,,,
2022,2,presidente,RS,,2022-10-30T21:34:26.000Z,,0.6833,22,JAIR BOLSONARO,PL,2599499,,,,,
2022,2,presidente,RS,,2022-10-30T21:34:26.000Z,,0.6833,13,LULA,PT,1977434,,,,,
2022,2,presidente,RS,,2022-10-30T21:35:47.000Z,,0.696,22,JAIR BOLSONARO,PL,2649404,,,,,
2022,2,presidente,RS,,2022-10-30T21:35:47.000Z,,0.696,13,LULA,PT,2014748,,,,,
2022,2,presidente,RS,,2022-10-30T21:37:12.000Z,,0.7052,22,JAIR BOLSONARO,PL,2684244,,,,,
2022,2,presidente,RS,,2022-10-30T21:37:12.000Z,,0.7052,13,LULA,PT,2043536,,,,,
2022,2,presidente,RS,,2022-10-30T21:38:39.000Z,,0.7137,22,JAIR BOLSONARO,PL,2715599,,,,,
2022,2,presidente,RS,,2022-10-30T21:38:39.000Z,,0.7137,13,LULA,PT,2069722,,,,,
2022,2,presidente,RS,,2022-10-30T21:40:08.000Z,,0.7339,22,JAIR BOLSONARO,PL,2790796,,,,,
2022,2,presidente,RS,,2022-10-30T21:40:08.000Z,,0.7339,13,LULA,PT,2126383,,,,,
2022,2,presidente,RS,,2022-10-30T21:41:39.000Z,,0.7441,22,JAIR BOLSONARO,PL,2827905,,,,,
2022,2,presidente,RS,,2022-10-30T21:41:39.000Z,,0.7441,13,LULA,PT,2157091,,,,,
2022,2,presidente,RS,,2022-10-30T21:43:01.000Z,,0.7548,22,JAIR BOLSONARO,PL,2865383,,,,,
2022,2,presidente,RS,,2022-10-30T21:43:01.000Z,,0.7548,13,LULA,PT,2190336,,,,,
2022,2,presidente,RS,,2022-10-30T21:44:20.000Z,,0.7649,22,JAIR BOLSONARO,PL,2902354,,,,,
2022,2,presidente,RS,,2022-10-30T21:44:20.000Z,,0.7649,13,LULA,PT,2220264,,,,,
2022,2,presidente,RS,,2022-10-30T21:45:42.000Z,,0.7773,22,JAIR BOLSONARO,PL,2947820,,,,,
2022,2,presidente,RS,,2022-10-30T21:45:42.000Z,,0.7773,13,LULA,PT,2255107,,,,,
2022,2,presidente,RS,,2022-10-30T21:47:01.000Z,,0.7907,22,JAIR BOLSONARO,PL,2993915,,,,,
2022,2,presidente,RS,,2022-10-30T21:47:01.000Z,,0.7907,13,LULA,PT,2295510,,,,,
2022,2,presidente,RS,,2022-10-30T21:48:24.000Z,,0.8016,22,JAIR BOLSONARO,PL,3032920,,,,,
2022,2,presidente,RS,,2022-10-30T21:48:24.000Z,,0.8016,13,LULA,PT,2328454,,,,,
2022,2,presidente,RS,,2022-10-30T21:50:01.000Z,,0.8216,22,JAIR BOLSONARO,PL,3103632,,,,,
2022,2,presidente,RS,,2022-10-30T21:50:01.000Z,,0.8216,13,LULA,PT,2386361,,,,,
2022,2,presidente,RS,,2022-10-30T21:51:38.000Z,,0.8287,22,JAIR BOLSONARO,PL,3130455,,,,,
2022,2,presidente,RS,,2022-10-30T21:51:38.000Z,,0.8287,13,LULA,PT,2408027,,,,,
2022,2,presidente,RS,,2022-10-30T21:53:12.000Z,,0.8378,22,JAIR BOLSONARO,PL,3163782,,,,,
2022,2,presidente,RS,,2022-10-30T21:53:12.000Z,,0.8378,13,LULA,PT,2434353,,,,,
2022,2,presidente,RS,,2022-10-30T21:54:38.000Z,,0.8603,22,JAIR BOLSONARO,PL,3243691,,,,,
2022,2,presidente,RS,,2022-10-30T21:54:38.000Z,,0.8603,13,LULA,PT,2503896,,,,,
2022,2,presidente,RS,,2022-10-30T21:56:08.000Z,,0.8704,22,JAIR BOLSONARO,PL,3279099,,,,,
2022,2,presidente,RS,,2022-10-30T21:56:08.000Z,,0.8704,13,LULA,PT,2535793,,,,,
2022,2,presidente,RS,,2022-10-30T21:57:40.000Z,,0.8783,22,JAIR BOLSONARO,PL,3306850,,,,,
2022,2,presidente,RS,,2022-10-30T21:57:40.000Z,,0.8783,13,LULA,PT,2559889,,,,,
2022,2,presidente,RS,,2022-10-30T21:59:12.000Z,,0.8963,22,JAIR BOLSONARO,PL,3372274,,,,,
2022,2,presidente,RS,,2022-10-30T21:59:12.000Z,,0.8963,13,LULA,PT,2614177,,,,,
2022,2,presidente,RS,,2022-10-30T22:00:44.000Z,,0.9042,22,JAIR BOLSONARO,PL,3399379,,,,,
2022,2,presidente,RS,,2022-10-30T22:00:44.000Z,,0.9042,13,LULA,PT,2636666,,,,,
2022,2,presidente,RS,,2022-10-30T22:02:14.000Z,,0.9176,22,JAIR BOLSONARO,PL,3447426,,,,,
2022,2,presidente,RS,,2022-10-30T22:02:14.000Z,,0.9176,13,LULA,PT,2674847,,,,,
2022,2,presidente,RS,,2022-10-30T22:03:37.000Z,,0.9244,22,JAIR BOLSONARO,PL,3472660,,,,,
2022,2,presidente,RS,,2022-10-30T22:03:37.000Z,,0.9244,13,LULA,PT,2693711,,,,,
2022,2,presidente,RS,,2022-10-30T22:05:04.000Z,,0.9292,22,JAIR BOLSONARO,PL,3489517,,,,,
2022,2,presidente,RS,,2022-10-30T22:05:04.000Z,,0.9292,13,LULA,PT,2706294,,,,,
2022,2,presidente,RS,,2022-10-30T22:06:24.000Z,,0.9351,22,JAIR BOLSONARO,PL,3511385,,,,,
2022,2,presidente,RS,,2022-10-30T22:06:24.000Z,,0.9351,13,LULA,PT,2722959,,,,,
2022,2,presidente,RS,,2022-10-30T22:07:55.000Z,,0.9467,22,JAIR BOLSONARO,PL,3552292,,,,,
2022,2,presidente,RS,,2022-10-30T22:07:55.000Z,,0.9467,13,LULA,PT,2753048,,,,,
2022,2,presidente,RS,,2022-10-30T22:09:18.000Z,,0.951,22,JAIR BOLSONARO,PL,3567154,,,,,
2022,2,presidente,RS,,2022-10-30T22:09:18.000Z,,0.951,13,LULA,PT,2765042,,,,,
2022,2,presidente,RS,,2022-10-30T22:10:47.000Z,,0.9544,22,JAIR BOLSONARO,PL,3580243,,,,,
2022,2,presidente,RS,,2022-10-30T22:10:47.000Z,,0.9544,13,LULA,PT,2773835,,,,,
2022,2,presidente,RS,,2022-10-30T22:12:34.000Z,,0.9593,22,JAIR BOLSONARO,PL,3596777,,,,,
2022,2,presidente,RS,,2022-10-30T22:12:34.000Z,,0.9593,13,LULA,PT,2786758,,,,,
2022,2,presidente,RS,,2022-10-30T22:14:18.000Z,,0.9617,22,JAIR BOLSONARO,PL,3605262,,,,,
2022,2,presidente,RS,,2022-10-30T22:14:18.000Z,,0.9617,13,LULA,PT,2793025,,,,,
2022,2,presidente,RS,,2022-10-30T22:15:56.000Z,,0.9675,22,JAIR BOLSONARO,PL,3626491,,,,,
2022,2,presidente,RS,,2022-10-30T22:15:56.000Z,,0.9675,13,LULA,PT,2808111,,,,,
2022,2,presidente,RS,,2022-10-30T22:17:38.000Z,,0.9716,22,JAIR BOLSONARO,PL,3641324,,,,,
2022,2,presidente,RS,,2022-10-30T22:17:38.000Z,,0.9716,13,LULA,PT,2818600,,,,,
2022,2,presidente,RS,,2022-10-30T22:19:19.000Z,,0.9733,22,JAIR BOLSONARO,PL,3647781,,,,,
2022,2,presidente,RS,,2022-10-30T22:19:19.000Z,,0.9733,13,LULA,PT,2822491,,,,,
2022,2,presidente,RS,,2022-10-30T22:20:56.000Z,,0.9747,22,JAIR BOLSONARO,PL,3653084,,,,,
2022,2,presidente,RS,,2022-10-30T22:20:56.000Z,,0.9747,13,LULA,PT,2826201,,,,,
2022,2,presidente,RS,,2022-10-30T22:22:29.000Z,,0.9802,22,JAIR BOLSONARO,PL,3672135,,,,,
2022,2,presidente,RS,,2022-10-30T22:22:29.000Z,,0.9802,13,LULA,PT,2840603,,,,,
2022,2,presidente,RS,,2022-10-30T22:24:00.000Z,,0.9819,22,JAIR BOLSONARO,PL,3677297,,,,,
2022,2,presidente,RS,,2022-10-30T22:24:00.000Z,,0.9819,13,LULA,PT,2845462,,,,,
2022,2,presidente,RS,,2022-10-30T22:25:47.000Z,,0.9839,22,JAIR BOLSONARO,PL,3683397,,,,,
2022,2,presidente,RS,,2022-10-30T22:25:47.000Z,,0.9839,13,LULA,PT,2850532,,,,,
2022,2,presidente,RS,,2022-10-30T22:27:38.000Z,,0.9913,22,JAIR BOLSONARO,PL,3707474,,,,,
2022,2,presidente,RS,,2022-10-30T22:27:38.000Z,,0.9913,13,LULA,PT,2869668,,,,,
2022,2,presidente,RS,,2022-10-30T22:29:13.000Z,,0.9918,22,JAIR BOLSONARO,PL,3708883,,,,,
2022,2,presidente,RS,,2022-10-30T22:29:13.000Z,,0.9918,13,LULA,PT,2871084,,,,,
2022,2,presidente,RS,,2022-10-30T22:31:02.000Z,,0.9919,22,JAIR BOLSONARO,PL,3708927,,,,,
2022,2,presidente,RS,,2022-10-30T22:31:02.000Z,,0.9919,13,LULA,PT,2871144,,,,,
2022,2,presidente,RS,,2022-10-30T22:32:38.000Z,,0.992,22,JAIR BOLSONARO,PL,3709382,,,,,
2022,2,presidente,RS,,2022-10-30T22:32:38.000Z,,0.992,13,LULA,PT,2871364,,,,,
2022,2,presidente,RS,,2022-10-30T22:34:24.000Z,,0.9924,22,JAIR BOLSONARO,PL,3710191,,,,,
2022,2,presidente,RS,,2022-10-30T22:34:24.000Z,,0.9924,13,LULA,PT,2872382,,,,,
2022,2,presidente,RS,,2022-10-30T22:36:15.000Z,,0.9936,22,JAIR BOLSONARO,PL,3714615,,,,,
2022,2,presidente,RS,,2022-10-30T22:36:15.000Z,,0.9936,13,LULA,PT,2874970,,,,,
2022,2,presidente,RS,,2022-10-30T22:38:19.000Z,,0.994,22,JAIR BOLSONARO,PL,3715722,,,,,
2022,2,presidente,RS,,2022-10-30T22:38:19.000Z,,0.994,13,LULA,PT,2875991,,,,,
2022,2,presidente,RS,,2022-10-30T22:39:49.000Z,,0.9947,22,JAIR BOLSONARO,PL,3718191,,,,,
2022,2,presidente,RS,,2022-10-30T22:39:49.000Z,,0.9947,13,LULA,PT,2877292,,,,,
2022,2,presidente,RS,,2022-10-30T22:41:42.000Z,,0.9963,22,JAIR BOLSONARO,PL,3724106,,,,,
2022,2,presidente,RS,,2022-10-30T22:41:42.000Z,,0.9963,13,LULA,PT,2880970,,,,,
2022,2,presidente,RS,,2022-10-30T22:43:09.000Z,,0.9968,22,JAIR BOLSONARO,PL,3725053,,,,,
2022,2,presidente,RS,,2022-10-30T22:43:09.000Z,,0.9968,13,LULA,PT,2882457,,,,,
2022,2,presidente,RS,,2022-10-30T22:44:48.000Z,,0.997,22,JAIR BOLSONARO,PL,3725465,,,,,
2022,2,presidente,RS,,2022-10-30T22:44:48.000Z,,0.997,13,LULA,PT,2882799,,,,,
2022,2,presidente,RS,,2022-10-30T22:46:44.000Z,,0.9973,22,JAIR BOLSONARO,PL,3726118,,,,,
2022,2,presidente,RS,,2022-10-30T22:46:44.000Z,,0.9973,13,LULA,PT,2883483,,,,,
2022,2,presidente,RS,,2022-10-30T22:48:29.000Z,,0.9979,22,JAIR BOLSONARO,PL,3727675,,,,,
2022,2,presidente,RS,,2022-10-30T22:48:29.000Z,,0.9979,13,LULA,PT,2885125,,,,,
2022,2,presidente,RS,,2022-10-30T22:50:08.000Z,,0.9979,22,JAIR BOLSONARO,PL,3727675,,,,,
2022,2,presidente,RS,,2022-10-30T22:50:08.000Z,,0.9979,13,LULA,PT,2885125,,,,,
2022,2,presidente,RS,,2022-10-30T22:51:54.000Z,,0.9979,22,JAIR BOLSONARO,PL,3727785,,,,,
2022,2,presidente,RS,,2022-10-30T22:51:54.000Z,,0.9979,13,LULA,PT,2885327,,,,,
2022,2,presidente,RS,,2022-10-30T22:53:28.000Z,,0.9979,22,JAIR BOLSONARO,PL,3727785,,,,,
2022,2,presidente,RS,,2022-10-30T22:53:28.000Z,,0.9979,13,LULA,PT,2885327,,,,,
2022,2,presidente,RS,,2022-10-30T22:55:02.000Z,,0.9982,22,JAIR BOLSONARO,PL,3728565,,,,,
2022,2,presidente,RS,,2022-10-30T22:55:02.000Z,,0.9982,13,LULA,PT,2886304,,,,,
2022,2,presidente,RS,,2022-10-30T22:56:44.000Z,,0.9982,22,JAIR BOLSONARO,PL,3728565,,,,,
2022,2,presidente,RS,,2022-10-30T22:56:44.000Z,,0.9982,13,LULA,PT,2886304,,,,,
2022,2,presidente,RS,,2022-10-30T22:58:23.000Z,,0.9982,22,JAIR BOLSONARO,PL,3728565,,,,,
2022,2,presidente,RS,,2022-10-30T22:58:23.000Z,,0.9982,13,LULA,PT,2886304,,,,,
2022,2,presidente,RS,,2022-10-30T23:00:34.000Z,,0.9986,22,JAIR BOLSONARO,PL,3729661,,,,,
2022,2,presidente,RS,,2022-10-30T23:00:34.000Z,,0.9986,13,LULA,PT,2887429,,,,,
2022,2,presidente,RS,,2022-10-30T23:02:49.000Z,,0.9987,22,JAIR BOLSONARO,PL,3730093,,,,,
2022,2,presidente,RS,,2022-10-30T23:02:49.000Z,,0.9987,13,LULA,PT,2887840,,,,,
2022,2,presidente,RS,,2022-10-30T23:04:44.000Z,,0.9988,22,JAIR BOLSONARO,PL,3730284,,,,,
2022,2,presidente,RS,,2022-10-30T23:04:44.000Z,,0.9988,13,LULA,PT,2888105,,,,,
2022,2,presidente,RS,,2022-10-30T23:06:38.000Z,,0.999,22,JAIR BOLSONARO,PL,3730574,,,,,
2022,2,presidente,RS,,2022-10-30T23:06:38.000Z,,0.999,13,LULA,PT,2888377,,,,,
2022,2,presidente,RS,,2022-10-30T23:08:25.000Z,,0.999,22,JAIR BOLSONARO,PL,3730574,,,,,
2022,2,presidente,RS,,2022-10-30T23:08:25.000Z,,0.999,13,LULA,PT,2888377,,,,,
2022,2,presidente,RS,,2022-10-30T23:10:02.000Z,,0.9993,22,JAIR BOLSONARO,PL,3731250,,,,,
2022,2,presidente,RS,,2022-10-30T23:10:02.000Z,,0.9993,13,LULA,PT,2889221,,,,,
2022,2,presidente,RS,,2022-10-30T23:11:57.000Z,,0.9993,22,JAIR BOLSONARO,PL,3731250,,,,,
2022,2,presidente,RS,,2022-10-30T23:11:57.000Z,,0.9993,13,LULA,PT,2889221,,,,,
2022,2,presidente,RS,,2022-10-30T23:14:03.000Z,,0.9996,22,JAIR BOLSONARO,PL,3732234,,,,,
2022,2,presidente,RS,,2022-10-30T23:14:03.000Z,,0.9996,13,LULA,PT,2890254,,,,,
2022,2,presidente,RS,,2022-10-30T23:16:10.000Z,,0.9998,22,JAIR BOLSONARO,PL,3732892,,,,,
2022,2,presidente,RS,,2022-10-30T23:16:10.000Z,,0.9998,13,LULA,PT,2891117,,,,,
2022,2,presidente,RS,,2022-10-30T23:18:44.000Z,,0.9998,22,JAIR BOLSONARO,PL,3732963,,,,,
2022,2,presidente,RS,,2022-10-30T23:18:44.000Z,,0.9998,13,LULA,PT,2891166,,,,,
2022,2,presidente,RS,,2022-10-30T23:20:47.000Z,,0.9998,22,JAIR BOLSONARO,PL,3732963,,,,,
2022,2,presidente,RS,,2022-10-30T23:20:47.000Z,,0.9998,13,LULA,PT,2891166,,,,,
2022,2,presidente,RS,,2022-10-30T23:22:09.000Z,,0.9998,22,JAIR BOLSONARO,PL,3732963,,,,,
2022,2,presidente,RS,,2022-10-30T23:22:09.000Z,,0.9998,13,LULA,PT,2891166,,,,,
2022,2,presidente,RS,,2022-10-30T23:23:46.000Z,,0.9998,22,JAIR BOLSONARO,PL,3732963,,,,,
2022,2,presidente,RS,,2022-10-30T23:23:46.000Z,,0.9998,13,LULA,PT,2891166,,,,,
2022,2,presidente,RS,,2022-10-30T23:25:09.000Z,,0.9999,22,JAIR BOLSONARO,PL,3733073,,,,,
2022,2,presidente,RS,,2022-10-30T23:25:09.000Z,,0.9999,13,LULA,PT,2891503,,,,,
2022,2,presidente,RS,,2022-10-30T23:26:48.000Z,,0.9999,22,JAIR BOLSONARO,PL,3733080,,,,,
2022,2,presidente,RS,,2022-10-30T23:26:48.000Z,,0.9999,13,LULA,PT,2891556,,,,,
2022,2,presidente,RS,,2022-10-30T23:28:21.000Z,,0.9999,22,JAIR BOLSONARO,PL,3733080,,,,,
2022,2,presidente,RS,,2022-10-30T23:28:21.000Z,,0.9999,13,LULA,PT,2891556,,,,,
2022,2,presidente,RS,,2022-10-30T23:30:18.000Z,,0.9999,22,JAIR BOLSONARO,PL,3733080,,,,,
2022,2,presidente,RS,,2022-10-30T23:30:18.000Z,,0.9999,13,LULA,PT,2891556,,,,,
2022,2,presidente,RS,,2022-10-30T23:32:04.000Z,,0.9999,22,JAIR BOLSONARO,PL,3733080,,,,,
2022,2,presidente,RS,,2022-10-30T23:32:04.000Z,,0.9999,13,LULA,PT,2891556,,,,,
2022,2,presidente,RS,,2022-10-30T23:33:54.000Z,,0.9999,22,JAIR BOLSONARO,PL,3733080,,,,,
2022,2,presidente,RS,,2022-10-30T23:33:54.000Z,,0.9999,13,LULA,PT,2891556,,,,,
2022,2,presidente,RS,,2022-10-30T23:35:25.000Z,,1,22,JAIR BOLSONARO,PL,3733185,,,,,
2022,2,presidente,RS,,2022-10-30T23:35:25.000Z,,1,13,LULA,PT,2891851,,,,,
2022,2,presidente,SC,,2022-10-30T20:08:38.000Z,,0.0001,22,JAIR BOLSONARO,PL,235,,,,,
2022,2,presidente,SC,,2022-10-30T20:08:38.000Z,,0.0001,13,LULA,PT,89,,,,,
2022,2,presidente,SC,,2022-10-30T20:09:48.000Z,,0.0001,22,JAIR BOLSONARO,PL,235,,,,,
2022,2,presidente,SC,,2022-10-30T20:09:48.000Z,,0.0001,13,LULA,PT,89,,,,,
2022,2,presidente,SC,,2022-10-30T20:11:00.000Z,,0.0001,22,JAIR BOLSONARO,PL,235,,,,,
2022,2,presidente,SC,,2022-10-30T20:11:00.000Z,,0.0001,13,LULA,PT,89,,,,,
2022,2,presidente,SC,,2022-10-30T20:12:06.000Z,,0.0001,22,JAIR BOLSONARO,PL,235,,,,,
2022,2,presidente,SC,,2022-10-30T20:12:06.000Z,,0.0001,13,LULA,PT,89,,,,,
2022,2,presidente,SC,,2022-10-30T20:13:14.000Z,,0.0002,22,JAIR BOLSONARO,PL,569,,,,,
2022,2,presidente,SC,,2022-10-30T20:13:14.000Z,,0.0002,13,LULA,PT,272,,,,,
2022,2,presidente,SC,,2022-10-30T20:14:24.000Z,,0.0004,22,JAIR BOLSONARO,PL,1257,,,,,
2022,2,presidente,SC,,2022-10-30T20:14:24.000Z,,0.0004,13,LULA,PT,639,,,,,
2022,2,presidente,SC,,2022-10-30T20:15:35.000Z,,0.0004,22,JAIR BOLSONARO,PL,1257,,,,,
2022,2,presidente,SC,,2022-10-30T20:15:35.000Z,,0.0004,13,LULA,PT,639,,,,,
2022,2,presidente,SC,,2022-10-30T20:16:41.000Z,,0.0005,22,JAIR BOLSONARO,PL,1265,,,,,
2022,2,presidente,SC,,2022-10-30T20:16:41.000Z,,0.0005,13,LULA,PT,650,,,,,
2022,2,presidente,SC,,2022-10-30T20:17:48.000Z,,0.0005,22,JAIR BOLSONARO,PL,1265,,,,,
2022,2,presidente,SC,,2022-10-30T20:17:48.000Z,,0.0005,13,LULA,PT,650,,,,,
2022,2,presidente,SC,,2022-10-30T20:19:04.000Z,,0.0005,22,JAIR BOLSONARO,PL,1265,,,,,
2022,2,presidente,SC,,2022-10-30T20:19:04.000Z,,0.0005,13,LULA,PT,650,,,,,
2022,2,presidente,SC,,2022-10-30T20:20:09.000Z,,0.0006,22,JAIR BOLSONARO,PL,1414,,,,,
2022,2,presidente,SC,,2022-10-30T20:20:09.000Z,,0.0006,13,LULA,PT,780,,,,,
2022,2,presidente,SC,,2022-10-30T20:21:30.000Z,,0.0007,22,JAIR BOLSONARO,PL,1645,,,,,
2022,2,presidente,SC,,2022-10-30T20:21:30.000Z,,0.0007,13,LULA,PT,860,,,,,
2022,2,presidente,SC,,2022-10-30T20:22:36.000Z,,0.001,22,JAIR BOLSONARO,PL,2551,,,,,
2022,2,presidente,SC,,2022-10-30T20:22:36.000Z,,0.001,13,LULA,PT,1248,,,,,
2022,2,presidente,SC,,2022-10-30T20:23:53.000Z,,0.001,22,JAIR BOLSONARO,PL,2773,,,,,
2022,2,presidente,SC,,2022-10-30T20:23:53.000Z,,0.001,13,LULA,PT,1325,,,,,
2022,2,presidente,SC,,2022-10-30T20:25:09.000Z,,0.0013,22,JAIR BOLSONARO,PL,3426,,,,,
2022,2,presidente,SC,,2022-10-30T20:25:09.000Z,,0.0013,13,LULA,PT,1837,,,,,
2022,2,presidente,SC,,2022-10-30T20:26:15.000Z,,0.0027,22,JAIR BOLSONARO,PL,7359,,,,,
2022,2,presidente,SC,,2022-10-30T20:26:15.000Z,,0.0027,13,LULA,PT,4180,,,,,
2022,2,presidente,SC,,2022-10-30T20:27:22.000Z,,0.0044,22,JAIR BOLSONARO,PL,11871,,,,,
2022,2,presidente,SC,,2022-10-30T20:27:22.000Z,,0.0044,13,LULA,PT,6659,,,,,
2022,2,presidente,SC,,2022-10-30T20:28:28.000Z,,0.0052,22,JAIR BOLSONARO,PL,13636,,,,,
2022,2,presidente,SC,,2022-10-30T20:28:28.000Z,,0.0052,13,LULA,PT,7824,,,,,
2022,2,presidente,SC,,2022-10-30T20:29:39.000Z,,0.0062,22,JAIR BOLSONARO,PL,15975,,,,,
2022,2,presidente,SC,,2022-10-30T20:29:39.000Z,,0.0062,13,LULA,PT,8978,,,,,
2022,2,presidente,SC,,2022-10-30T20:30:51.000Z,,0.0069,22,JAIR BOLSONARO,PL,17896,,,,,
2022,2,presidente,SC,,2022-10-30T20:30:51.000Z,,0.0069,13,LULA,PT,9997,,,,,
2022,2,presidente,SC,,2022-10-30T20:32:08.000Z,,0.0077,22,JAIR BOLSONARO,PL,19814,,,,,
2022,2,presidente,SC,,2022-10-30T20:32:08.000Z,,0.0077,13,LULA,PT,11115,,,,,
2022,2,presidente,SC,,2022-10-30T20:33:21.000Z,,0.0091,22,JAIR BOLSONARO,PL,23376,,,,,
2022,2,presidente,SC,,2022-10-30T20:33:21.000Z,,0.0091,13,LULA,PT,13060,,,,,
2022,2,presidente,SC,,2022-10-30T20:34:32.000Z,,0.0105,22,JAIR BOLSONARO,PL,27228,,,,,
2022,2,presidente,SC,,2022-10-30T20:34:32.000Z,,0.0105,13,LULA,PT,15013,,,,,
2022,2,presidente,SC,,2022-10-30T20:35:44.000Z,,0.0121,22,JAIR BOLSONARO,PL,31727,,,,,
2022,2,presidente,SC,,2022-10-30T20:35:44.000Z,,0.0121,13,LULA,PT,17728,,,,,
2022,2,presidente,SC,,2022-10-30T20:36:53.000Z,,0.0147,22,JAIR BOLSONARO,PL,38599,,,,,
2022,2,presidente,SC,,2022-10-30T20:36:53.000Z,,0.0147,13,LULA,PT,21459,,,,,
2022,2,presidente,SC,,2022-10-30T20:38:00.000Z,,0.0161,22,JAIR BOLSONARO,PL,42712,,,,,
2022,2,presidente,SC,,2022-10-30T20:38:00.000Z,,0.0161,13,LULA,PT,23373,,,,,
2022,2,presidente,SC,,2022-10-30T20:39:10.000Z,,0.0161,22,JAIR BOLSONARO,PL,42712,,,,,
2022,2,presidente,SC,,2022-10-30T20:39:10.000Z,,0.0161,13,LULA,PT,23373,,,,,
2022,2,presidente,SC,,2022-10-30T20:40:15.000Z,,0.0191,22,JAIR BOLSONARO,PL,50970,,,,,
2022,2,presidente,SC,,2022-10-30T20:40:15.000Z,,0.0191,13,LULA,PT,27858,,,,,
2022,2,presidente,SC,,2022-10-30T20:41:27.000Z,,0.0215,22,JAIR BOLSONARO,PL,57213,,,,,
2022,2,presidente,SC,,2022-10-30T20:41:27.000Z,,0.0215,13,LULA,PT,31049,,,,,
2022,2,presidente,SC,,2022-10-30T20:42:34.000Z,,0.0233,22,JAIR BOLSONARO,PL,62181,,,,,
2022,2,presidente,SC,,2022-10-30T20:42:34.000Z,,0.0233,13,LULA,PT,33544,,,,,
2022,2,presidente,SC,,2022-10-30T20:43:46.000Z,,0.0257,22,JAIR BOLSONARO,PL,68144,,,,,
2022,2,presidente,SC,,2022-10-30T20:43:46.000Z,,0.0257,13,LULA,PT,37120,,,,,
2022,2,presidente,SC,,2022-10-30T20:44:57.000Z,,0.0279,22,JAIR BOLSONARO,PL,74655,,,,,
2022,2,presidente,SC,,2022-10-30T20:44:57.000Z,,0.0279,13,LULA,PT,40197,,,,,
2022,2,presidente,SC,,2022-10-30T20:46:05.000Z,,0.0296,22,JAIR BOLSONARO,PL,79708,,,,,
2022,2,presidente,SC,,2022-10-30T20:46:05.000Z,,0.0296,13,LULA,PT,42549,,,,,
2022,2,presidente,SC,,2022-10-30T20:47:24.000Z,,0.0329,22,JAIR BOLSONARO,PL,90398,,,,,
2022,2,presidente,SC,,2022-10-30T20:47:24.000Z,,0.0329,13,LULA,PT,46892,,,,,
2022,2,presidente,SC,,2022-10-30T20:48:53.000Z,,0.0392,22,JAIR BOLSONARO,PL,108095,,,,,
2022,2,presidente,SC,,2022-10-30T20:48:53.000Z,,0.0392,13,LULA,PT,55304,,,,,
2022,2,presidente,SC,,2022-10-30T20:50:07.000Z,,0.0433,22,JAIR BOLSONARO,PL,119966,,,,,
2022,2,presidente,SC,,2022-10-30T20:50:07.000Z,,0.0433,13,LULA,PT,60809,,,,,
2022,2,presidente,SC,,2022-10-30T20:51:19.000Z,,0.0469,22,JAIR BOLSONARO,PL,130023,,,,,
2022,2,presidente,SC,,2022-10-30T20:51:19.000Z,,0.0469,13,LULA,PT,65493,,,,,
2022,2,presidente,SC,,2022-10-30T20:52:35.000Z,,0.0506,22,JAIR BOLSONARO,PL,141214,,,,,
2022,2,presidente,SC,,2022-10-30T20:52:35.000Z,,0.0506,13,LULA,PT,70192,,,,,
2022,2,presidente,SC,,2022-10-30T20:53:53.000Z,,0.0545,22,JAIR BOLSONARO,PL,152707,,,,,
2022,2,presidente,SC,,2022-10-30T20:53:53.000Z,,0.0545,13,LULA,PT,75126,,,,,
2022,2,presidente,SC,,2022-10-30T20:55:11.000Z,,0.0624,22,JAIR BOLSONARO,PL,177041,,,,,
2022,2,presidente,SC,,2022-10-30T20:55:11.000Z,,0.0624,13,LULA,PT,85202,,,,,
2022,2,presidente,SC,,2022-10-30T20:56:33.000Z,,0.0669,22,JAIR BOLSONARO,PL,191057,,,,,
2022,2,presidente,SC,,2022-10-30T20:56:33.000Z,,0.0669,13,LULA,PT,91232,,,,,
2022,2,presidente,SC,,2022-10-30T20:58:02.000Z,,0.0704,22,JAIR BOLSONARO,PL,201962,,,,,
2022,2,presidente,SC,,2022-10-30T20:58:02.000Z,,0.0704,13,LULA,PT,95750,,,,,
2022,2,presidente,SC,,2022-10-30T20:59:14.000Z,,0.0757,22,JAIR BOLSONARO,PL,219366,,,,,
2022,2,presidente,SC,,2022-10-30T20:59:14.000Z,,0.0757,13,LULA,PT,102295,,,,,
2022,2,presidente,SC,,2022-10-30T21:00:33.000Z,,0.085,22,JAIR BOLSONARO,PL,248853,,,,,
2022,2,presidente,SC,,2022-10-30T21:00:33.000Z,,0.085,13,LULA,PT,114142,,,,,
2022,2,presidente,SC,,2022-10-30T21:02:00.000Z,,0.0895,22,JAIR BOLSONARO,PL,264329,,,,,
2022,2,presidente,SC,,2022-10-30T21:02:00.000Z,,0.0895,13,LULA,PT,120418,,,,,
2022,2,presidente,SC,,2022-10-30T21:03:24.000Z,,0.095,22,JAIR BOLSONARO,PL,282547,,,,,
2022,2,presidente,SC,,2022-10-30T21:03:24.000Z,,0.095,13,LULA,PT,127579,,,,,
2022,2,presidente,SC,,2022-10-30T21:04:33.000Z,,0.1005,22,JAIR BOLSONARO,PL,299741,,,,,
2022,2,presidente,SC,,2022-10-30T21:04:33.000Z,,0.1005,13,LULA,PT,135106,,,,,
2022,2,presidente,SC,,2022-10-30T21:05:43.000Z,,0.1057,22,JAIR BOLSONARO,PL,315834,,,,,
2022,2,presidente,SC,,2022-10-30T21:05:43.000Z,,0.1057,13,LULA,PT,141758,,,,,
2022,2,presidente,SC,,2022-10-30T21:07:03.000Z,,0.117,22,JAIR BOLSONARO,PL,352157,,,,,
2022,2,presidente,SC,,2022-10-30T21:07:03.000Z,,0.117,13,LULA,PT,156385,,,,,
2022,2,presidente,SC,,2022-10-30T21:08:21.000Z,,0.117,22,JAIR BOLSONARO,PL,352157,,,,,
2022,2,presidente,SC,,2022-10-30T21:08:21.000Z,,0.117,13,LULA,PT,156385,,,,,
2022,2,presidente,SC,,2022-10-30T21:09:39.000Z,,0.1311,22,JAIR BOLSONARO,PL,395641,,,,,
2022,2,presidente,SC,,2022-10-30T21:09:39.000Z,,0.1311,13,LULA,PT,174236,,,,,
2022,2,presidente,SC,,2022-10-30T21:10:58.000Z,,0.138,22,JAIR BOLSONARO,PL,416507,,,,,
2022,2,presidente,SC,,2022-10-30T21:10:58.000Z,,0.138,13,LULA,PT,183706,,,,,
2022,2,presidente,SC,,2022-10-30T21:12:22.000Z,,0.1445,22,JAIR BOLSONARO,PL,435983,,,,,
2022,2,presidente,SC,,2022-10-30T21:12:22.000Z,,0.1445,13,LULA,PT,192083,,,,,
2022,2,presidente,SC,,2022-10-30T21:13:34.000Z,,0.1523,22,JAIR BOLSONARO,PL,459936,,,,,
2022,2,presidente,SC,,2022-10-30T21:13:34.000Z,,0.1523,13,LULA,PT,202819,,,,,
2022,2,presidente,SC,,2022-10-30T21:14:53.000Z,,0.1593,22,JAIR BOLSONARO,PL,482069,,,,,
2022,2,presidente,SC,,2022-10-30T21:14:53.000Z,,0.1593,13,LULA,PT,211974,,,,,
2022,2,presidente,SC,,2022-10-30T21:16:15.000Z,,0.1781,22,JAIR BOLSONARO,PL,540315,,,,,
2022,2,presidente,SC,,2022-10-30T21:16:15.000Z,,0.1781,13,LULA,PT,236565,,,,,
2022,2,presidente,SC,,2022-10-30T21:17:31.000Z,,0.1861,22,JAIR BOLSONARO,PL,565269,,,,,
2022,2,presidente,SC,,2022-10-30T21:17:31.000Z,,0.1861,13,LULA,PT,247026,,,,,
2022,2,presidente,SC,,2022-10-30T21:19:05.000Z,,0.1952,22,JAIR BOLSONARO,PL,595001,,,,,
2022,2,presidente,SC,,2022-10-30T21:19:05.000Z,,0.1952,13,LULA,PT,258646,,,,,
2022,2,presidente,SC,,2022-10-30T21:20:27.000Z,,0.2123,22,JAIR BOLSONARO,PL,649952,,,,,
2022,2,presidente,SC,,2022-10-30T21:20:27.000Z,,0.2123,13,LULA,PT,281055,,,,,
2022,2,presidente,SC,,2022-10-30T21:21:47.000Z,,0.2234,22,JAIR BOLSONARO,PL,684337,,,,,
2022,2,presidente,SC,,2022-10-30T21:21:47.000Z,,0.2234,13,LULA,PT,295537,,,,,
2022,2,presidente,SC,,2022-10-30T21:23:15.000Z,,0.2305,22,JAIR BOLSONARO,PL,706530,,,,,
2022,2,presidente,SC,,2022-10-30T21:23:15.000Z,,0.2305,13,LULA,PT,304967,,,,,
2022,2,presidente,SC,,2022-10-30T21:24:39.000Z,,0.2512,22,JAIR BOLSONARO,PL,771442,,,,,
2022,2,presidente,SC,,2022-10-30T21:24:39.000Z,,0.2512,13,LULA,PT,332230,,,,,
2022,2,presidente,SC,,2022-10-30T21:26:06.000Z,,0.2625,22,JAIR BOLSONARO,PL,805240,,,,,
2022,2,presidente,SC,,2022-10-30T21:26:06.000Z,,0.2625,13,LULA,PT,347370,,,,,
2022,2,presidente,SC,,2022-10-30T21:27:33.000Z,,0.2757,22,JAIR BOLSONARO,PL,846855,,,,,
2022,2,presidente,SC,,2022-10-30T21:27:33.000Z,,0.2757,13,LULA,PT,364919,,,,,
2022,2,presidente,SC,,2022-10-30T21:28:56.000Z,,0.2908,22,JAIR BOLSONARO,PL,893548,,,,,
2022,2,presidente,SC,,2022-10-30T21:28:56.000Z,,0.2908,13,LULA,PT,385459,,,,,
2022,2,presidente,SC,,2022-10-30T21:30:19.000Z,,0.302,22,JAIR BOLSONARO,PL,928974,,,,,
2022,2,presidente,SC,,2022-10-30T21:30:19.000Z,,0.302,13,LULA,PT,401253,,,,,
2022,2,presidente,SC,,2022-10-30T21:31:47.000Z,,0.3325,22,JAIR BOLSONARO,PL,1022083,,,,,
2022,2,presidente,SC,,2022-10-30T21:31:47.000Z,,0.3325,13,LULA,PT,442104,,,,,
2022,2,presidente,SC,,2022-10-30T21:33:12.000Z,,0.3465,22,JAIR BOLSONARO,PL,1064896,,,,,
2022,2,presidente,SC,,2022-10-30T21:33:12.000Z,,0.3465,13,LULA,PT,460457,,,,,
2022,2,presidente,SC,,2022-10-30T21:34:33.000Z,,0.3723,22,JAIR BOLSONARO,PL,1142325,,,,,
2022,2,presidente,SC,,2022-10-30T21:34:33.000Z,,0.3723,13,LULA,PT,495539,,,,,
2022,2,presidente,SC,,2022-10-30T21:35:51.000Z,,0.3723,22,JAIR BOLSONARO,PL,1142325,,,,,
2022,2,presidente,SC,,2022-10-30T21:35:51.000Z,,0.3723,13,LULA,PT,495539,,,,,
2022,2,presidente,SC,,2022-10-30T21:37:16.000Z,,0.402,22,JAIR BOLSONARO,PL,1235360,,,,,
2022,2,presidente,SC,,2022-10-30T21:37:16.000Z,,0.402,13,LULA,PT,536062,,,,,
2022,2,presidente,SC,,2022-10-30T21:38:50.000Z,,0.4187,22,JAIR BOLSONARO,PL,1285912,,,,,
2022,2,presidente,SC,,2022-10-30T21:38:50.000Z,,0.4187,13,LULA,PT,558998,,,,,
2022,2,presidente,SC,,2022-10-30T21:40:15.000Z,,0.4491,22,JAIR BOLSONARO,PL,1377306,,,,,
2022,2,presidente,SC,,2022-10-30T21:40:15.000Z,,0.4491,13,LULA,PT,600956,,,,,
2022,2,presidente,SC,,2022-10-30T21:41:46.000Z,,0.4647,22,JAIR BOLSONARO,PL,1424292,,,,,
2022,2,presidente,SC,,2022-10-30T21:41:46.000Z,,0.4647,13,LULA,PT,622503,,,,,
2022,2,presidente,SC,,2022-10-30T21:43:08.000Z,,0.4788,22,JAIR BOLSONARO,PL,1467467,,,,,
2022,2,presidente,SC,,2022-10-30T21:43:08.000Z,,0.4788,13,LULA,PT,640792,,,,,
2022,2,presidente,SC,,2022-10-30T21:44:26.000Z,,0.5091,22,JAIR BOLSONARO,PL,1560424,,,,,
2022,2,presidente,SC,,2022-10-30T21:44:26.000Z,,0.5091,13,LULA,PT,682357,,,,,
2022,2,presidente,SC,,2022-10-30T21:45:49.000Z,,0.5196,22,JAIR BOLSONARO,PL,1590075,,,,,
2022,2,presidente,SC,,2022-10-30T21:45:49.000Z,,0.5196,13,LULA,PT,696299,,,,,
2022,2,presidente,SC,,2022-10-30T21:47:04.000Z,,0.5413,22,JAIR BOLSONARO,PL,1656811,,,,,
2022,2,presidente,SC,,2022-10-30T21:47:04.000Z,,0.5413,13,LULA,PT,725641,,,,,
2022,2,presidente,SC,,2022-10-30T21:48:30.000Z,,0.5591,22,JAIR BOLSONARO,PL,1712888,,,,,
2022,2,presidente,SC,,2022-10-30T21:48:30.000Z,,0.5591,13,LULA,PT,750255,,,,,
2022,2,presidente,SC,,2022-10-30T21:50:07.000Z,,0.5938,22,JAIR BOLSONARO,PL,1821804,,,,,
2022,2,presidente,SC,,2022-10-30T21:50:07.000Z,,0.5938,13,LULA,PT,797255,,,,,
2022,2,presidente,SC,,2022-10-30T21:51:44.000Z,,0.6068,22,JAIR BOLSONARO,PL,1860943,,,,,
2022,2,presidente,SC,,2022-10-30T21:51:44.000Z,,0.6068,13,LULA,PT,814639,,,,,
2022,2,presidente,SC,,2022-10-30T21:53:19.000Z,,0.6204,22,JAIR BOLSONARO,PL,1902777,,,,,
2022,2,presidente,SC,,2022-10-30T21:53:19.000Z,,0.6204,13,LULA,PT,833445,,,,,
2022,2,presidente,SC,,2022-10-30T21:54:44.000Z,,0.6554,22,JAIR BOLSONARO,PL,2010712,,,,,
2022,2,presidente,SC,,2022-10-30T21:54:44.000Z,,0.6554,13,LULA,PT,881235,,,,,
2022,2,presidente,SC,,2022-10-30T21:56:17.000Z,,0.6713,22,JAIR BOLSONARO,PL,2058042,,,,,
2022,2,presidente,SC,,2022-10-30T21:56:17.000Z,,0.6713,13,LULA,PT,903333,,,,,
2022,2,presidente,SC,,2022-10-30T21:57:52.000Z,,0.7078,22,JAIR BOLSONARO,PL,2170681,,,,,
2022,2,presidente,SC,,2022-10-30T21:57:52.000Z,,0.7078,13,LULA,PT,954649,,,,,
2022,2,presidente,SC,,2022-10-30T21:59:19.000Z,,0.7217,22,JAIR BOLSONARO,PL,2211694,,,,,
2022,2,presidente,SC,,2022-10-30T21:59:19.000Z,,0.7217,13,LULA,PT,973702,,,,,
2022,2,presidente,SC,,2022-10-30T22:00:55.000Z,,0.7423,22,JAIR BOLSONARO,PL,2274288,,,,,
2022,2,presidente,SC,,2022-10-30T22:00:55.000Z,,0.7423,13,LULA,PT,1002428,,,,,
2022,2,presidente,SC,,2022-10-30T22:02:20.000Z,,0.761,22,JAIR BOLSONARO,PL,2330614,,,,,
2022,2,presidente,SC,,2022-10-30T22:02:20.000Z,,0.761,13,LULA,PT,1028285,,,,,
2022,2,presidente,SC,,2022-10-30T22:03:44.000Z,,0.7918,22,JAIR BOLSONARO,PL,2421323,,,,,
2022,2,presidente,SC,,2022-10-30T22:03:44.000Z,,0.7918,13,LULA,PT,1071353,,,,,
2022,2,presidente,SC,,2022-10-30T22:05:08.000Z,,0.8027,22,JAIR BOLSONARO,PL,2454228,,,,,
2022,2,presidente,SC,,2022-10-30T22:05:08.000Z,,0.8027,13,LULA,PT,1085673,,,,,
2022,2,presidente,SC,,2022-10-30T22:06:30.000Z,,0.8165,22,JAIR BOLSONARO,PL,2496098,,,,,
2022,2,presidente,SC,,2022-10-30T22:06:30.000Z,,0.8165,13,LULA,PT,1104623,,,,,
2022,2,presidente,SC,,2022-10-30T22:08:00.000Z,,0.8314,22,JAIR BOLSONARO,PL,2540572,,,,,
2022,2,presidente,SC,,2022-10-30T22:08:00.000Z,,0.8314,13,LULA,PT,1125107,,,,,
2022,2,presidente,SC,,2022-10-30T22:09:24.000Z,,0.8501,22,JAIR BOLSONARO,PL,2597385,,,,,
2022,2,presidente,SC,,2022-10-30T22:09:24.000Z,,0.8501,13,LULA,PT,1150447,,,,,
2022,2,presidente,SC,,2022-10-30T22:11:00.000Z,,0.8602,22,JAIR BOLSONARO,PL,2627999,,,,,
2022,2,presidente,SC,,2022-10-30T22:11:00.000Z,,0.8602,13,LULA,PT,1164589,,,,,
2022,2,presidente,SC,,2022-10-30T22:12:41.000Z,,0.8734,22,JAIR BOLSONARO,PL,2667945,,,,,
2022,2,presidente,SC,,2022-10-30T22:12:41.000Z,,0.8734,13,LULA,PT,1182261,,,,,
2022,2,presidente,SC,,2022-10-30T22:14:26.000Z,,0.8805,22,JAIR BOLSONARO,PL,2689371,,,,,
2022,2,presidente,SC,,2022-10-30T22:14:26.000Z,,0.8805,13,LULA,PT,1191997,,,,,
2022,2,presidente,SC,,2022-10-30T22:16:05.000Z,,0.8961,22,JAIR BOLSONARO,PL,2735157,,,,,
2022,2,presidente,SC,,2022-10-30T22:16:05.000Z,,0.8961,13,LULA,PT,1214363,,,,,
2022,2,presidente,SC,,2022-10-30T22:17:47.000Z,,0.9072,22,JAIR BOLSONARO,PL,2769407,,,,,
2022,2,presidente,SC,,2022-10-30T22:17:47.000Z,,0.9072,13,LULA,PT,1229056,,,,,
2022,2,presidente,SC,,2022-10-30T22:19:30.000Z,,0.9112,22,JAIR BOLSONARO,PL,2780733,,,,,
2022,2,presidente,SC,,2022-10-30T22:19:30.000Z,,0.9112,13,LULA,PT,1234617,,,,,
2022,2,presidente,SC,,2022-10-30T22:21:04.000Z,,0.915,22,JAIR BOLSONARO,PL,2793369,,,,,
2022,2,presidente,SC,,2022-10-30T22:21:04.000Z,,0.915,13,LULA,PT,1239786,,,,,
2022,2,presidente,SC,,2022-10-30T22:22:36.000Z,,0.9313,22,JAIR BOLSONARO,PL,2840450,,,,,
2022,2,presidente,SC,,2022-10-30T22:22:36.000Z,,0.9313,13,LULA,PT,1262002,,,,,
2022,2,presidente,SC,,2022-10-30T22:24:14.000Z,,0.9374,22,JAIR BOLSONARO,PL,2859176,,,,,
2022,2,presidente,SC,,2022-10-30T22:24:14.000Z,,0.9374,13,LULA,PT,1270331,,,,,
2022,2,presidente,SC,,2022-10-30T22:25:59.000Z,,0.9416,22,JAIR BOLSONARO,PL,2871625,,,,,
2022,2,presidente,SC,,2022-10-30T22:25:59.000Z,,0.9416,13,LULA,PT,1275858,,,,,
2022,2,presidente,SC,,2022-10-30T22:27:47.000Z,,0.9583,22,JAIR BOLSONARO,PL,2923131,,,,,
2022,2,presidente,SC,,2022-10-30T22:27:47.000Z,,0.9583,13,LULA,PT,1297922,,,,,
2022,2,presidente,SC,,2022-10-30T22:29:35.000Z,,0.9698,22,JAIR BOLSONARO,PL,2956122,,,,,
2022,2,presidente,SC,,2022-10-30T22:29:35.000Z,,0.9698,13,LULA,PT,1312581,,,,,
2022,2,presidente,SC,,2022-10-30T22:31:15.000Z,,0.9706,22,JAIR BOLSONARO,PL,2958790,,,,,
2022,2,presidente,SC,,2022-10-30T22:31:15.000Z,,0.9706,13,LULA,PT,1313782,,,,,
2022,2,presidente,SC,,2022-10-30T22:32:50.000Z,,0.9722,22,JAIR BOLSONARO,PL,2963420,,,,,
2022,2,presidente,SC,,2022-10-30T22:32:50.000Z,,0.9722,13,LULA,PT,1315734,,,,,
2022,2,presidente,SC,,2022-10-30T22:34:40.000Z,,0.9776,22,JAIR BOLSONARO,PL,2978741,,,,,
2022,2,presidente,SC,,2022-10-30T22:34:40.000Z,,0.9776,13,LULA,PT,1322927,,,,,
2022,2,presidente,SC,,2022-10-30T22:36:30.000Z,,0.9807,22,JAIR BOLSONARO,PL,2987740,,,,,
2022,2,presidente,SC,,2022-10-30T22:36:30.000Z,,0.9807,13,LULA,PT,1327275,,,,,
2022,2,presidente,SC,,2022-10-30T22:38:29.000Z,,0.9819,22,JAIR BOLSONARO,PL,2991314,,,,,
2022,2,presidente,SC,,2022-10-30T22:38:29.000Z,,0.9819,13,LULA,PT,1329136,,,,,
2022,2,presidente,SC,,2022-10-30T22:40:01.000Z,,0.9837,22,JAIR BOLSONARO,PL,2996606,,,,,
2022,2,presidente,SC,,2022-10-30T22:40:01.000Z,,0.9837,13,LULA,PT,1331787,,,,,
2022,2,presidente,SC,,2022-10-30T22:41:52.000Z,,0.9853,22,JAIR BOLSONARO,PL,3001060,,,,,
2022,2,presidente,SC,,2022-10-30T22:41:52.000Z,,0.9853,13,LULA,PT,1334280,,,,,
2022,2,presidente,SC,,2022-10-30T22:43:22.000Z,,0.9861,22,JAIR BOLSONARO,PL,3003912,,,,,
2022,2,presidente,SC,,2022-10-30T22:43:22.000Z,,0.9861,13,LULA,PT,1335482,,,,,
2022,2,presidente,SC,,2022-10-30T22:45:02.000Z,,0.987,22,JAIR BOLSONARO,PL,3006788,,,,,
2022,2,presidente,SC,,2022-10-30T22:45:02.000Z,,0.987,13,LULA,PT,1336873,,,,,
2022,2,presidente,SC,,2022-10-30T22:46:54.000Z,,0.9873,22,JAIR BOLSONARO,PL,3007762,,,,,
2022,2,presidente,SC,,2022-10-30T22:46:54.000Z,,0.9873,13,LULA,PT,1337340,,,,,
2022,2,presidente,SC,,2022-10-30T22:48:36.000Z,,0.9881,22,JAIR BOLSONARO,PL,3010171,,,,,
2022,2,presidente,SC,,2022-10-30T22:48:36.000Z,,0.9881,13,LULA,PT,1338562,,,,,
2022,2,presidente,SC,,2022-10-30T22:50:25.000Z,,0.9885,22,JAIR BOLSONARO,PL,3011275,,,,,
2022,2,presidente,SC,,2022-10-30T22:50:25.000Z,,0.9885,13,LULA,PT,1339031,,,,,
2022,2,presidente,SC,,2022-10-30T22:52:10.000Z,,0.9899,22,JAIR BOLSONARO,PL,3016480,,,,,
2022,2,presidente,SC,,2022-10-30T22:52:10.000Z,,0.9899,13,LULA,PT,1340689,,,,,
2022,2,presidente,SC,,2022-10-30T22:53:43.000Z,,0.9954,22,JAIR BOLSONARO,PL,3034592,,,,,
2022,2,presidente,SC,,2022-10-30T22:53:43.000Z,,0.9954,13,LULA,PT,1346706,,,,,
2022,2,presidente,SC,,2022-10-30T22:55:07.000Z,,0.9974,22,JAIR BOLSONARO,PL,3039915,,,,,
2022,2,presidente,SC,,2022-10-30T22:55:07.000Z,,0.9974,13,LULA,PT,1348857,,,,,
2022,2,presidente,SC,,2022-10-30T22:57:00.000Z,,0.9983,22,JAIR BOLSONARO,PL,3042318,,,,,
2022,2,presidente,SC,,2022-10-30T22:57:00.000Z,,0.9983,13,LULA,PT,1350117,,,,,
2022,2,presidente,SC,,2022-10-30T22:58:45.000Z,,0.9985,22,JAIR BOLSONARO,PL,3042719,,,,,
2022,2,presidente,SC,,2022-10-30T22:58:45.000Z,,0.9985,13,LULA,PT,1350296,,,,,
2022,2,presidente,SC,,2022-10-30T23:00:55.000Z,,0.9987,22,JAIR BOLSONARO,PL,3043507,,,,,
2022,2,presidente,SC,,2022-10-30T23:00:55.000Z,,0.9987,13,LULA,PT,1350635,,,,,
2022,2,presidente,SC,,2022-10-30T23:03:03.000Z,,0.999,22,JAIR BOLSONARO,PL,3044276,,,,,
2022,2,presidente,SC,,2022-10-30T23:03:03.000Z,,0.999,13,LULA,PT,1350909,,,,,
2022,2,presidente,SC,,2022-10-30T23:04:57.000Z,,0.9993,22,JAIR BOLSONARO,PL,3045219,,,,,
2022,2,presidente,SC,,2022-10-30T23:04:57.000Z,,0.9993,13,LULA,PT,1351253,,,,,
2022,2,presidente,SC,,2022-10-30T23:07:01.000Z,,0.9994,22,JAIR BOLSONARO,PL,3045602,,,,,
2022,2,presidente,SC,,2022-10-30T23:07:01.000Z,,0.9994,13,LULA,PT,1351428,,,,,
2022,2,presidente,SC,,2022-10-30T23:08:47.000Z,,0.9994,22,JAIR BOLSONARO,PL,3045832,,,,,
2022,2,presidente,SC,,2022-10-30T23:08:47.000Z,,0.9994,13,LULA,PT,1351509,,,,,
2022,2,presidente,SC,,2022-10-30T23:10:20.000Z,,0.9994,22,JAIR BOLSONARO,PL,3045832,,,,,
2022,2,presidente,SC,,2022-10-30T23:10:20.000Z,,0.9994,13,LULA,PT,1351509,,,,,
2022,2,presidente,SC,,2022-10-30T23:12:11.000Z,,0.9994,22,JAIR BOLSONARO,PL,3045832,,,,,
2022,2,presidente,SC,,2022-10-30T23:12:11.000Z,,0.9994,13,LULA,PT,1351509,,,,,
2022,2,presidente,SC,,2022-10-30T23:14:21.000Z,,0.9994,22,JAIR BOLSONARO,PL,3045832,,,,,
2022,2,presidente,SC,,2022-10-30T23:14:21.000Z,,0.9994,13,LULA,PT,1351509,,,,,
2022,2,presidente,SC,,2022-10-30T23:16:24.000Z,,0.9994,22,JAIR BOLSONARO,PL,3045832,,,,,
2022,2,presidente,SC,,2022-10-30T23:16:24.000Z,,0.9994,13,LULA,PT,1351509,,,,,
2022,2,presidente,SC,,2022-10-30T23:19:07.000Z,,0.9994,22,JAIR BOLSONARO,PL,3045832,,,,,
2022,2,presidente,SC,,2022-10-30T23:19:07.000Z,,0.9994,13,LULA,PT,1351509,,,,,
2022,2,presidente,SC,,2022-10-30T23:20:50.000Z,,0.9994,22,JAIR BOLSONARO,PL,3045832,,,,,
2022,2,presidente,SC,,2022-10-30T23:20:50.000Z,,0.9994,13,LULA,PT,1351509,,,,,
2022,2,presidente,SC,,2022-10-30T23:22:15.000Z,,0.9995,22,JAIR BOLSONARO,PL,3046082,,,,,
2022,2,presidente,SC,,2022-10-30T23:22:15.000Z,,0.9995,13,LULA,PT,1351572,,,,,
2022,2,presidente,SC,,2022-10-30T23:23:48.000Z,,0.9995,22,JAIR BOLSONARO,PL,3046082,,,,,
2022,2,presidente,SC,,2022-10-30T23:23:48.000Z,,0.9995,13,LULA,PT,1351572,,,,,
2022,2,presidente,SC,,2022-10-30T23:25:10.000Z,,0.9995,22,JAIR BOLSONARO,PL,3046082,,,,,
2022,2,presidente,SC,,2022-10-30T23:25:10.000Z,,0.9995,13,LULA,PT,1351572,,,,,
2022,2,presidente,SC,,2022-10-30T23:26:55.000Z,,0.9995,22,JAIR BOLSONARO,PL,3046082,,,,,
2022,2,presidente,SC,,2022-10-30T23:26:55.000Z,,0.9995,13,LULA,PT,1351572,,,,,
2022,2,presidente,SC,,2022-10-30T23:28:24.000Z,,0.9995,22,JAIR BOLSONARO,PL,3046082,,,,,
2022,2,presidente,SC,,2022-10-30T23:28:24.000Z,,0.9995,13,LULA,PT,1351572,,,,,
2022,2,presidente,SC,,2022-10-30T23:30:25.000Z,,0.9995,22,JAIR BOLSONARO,PL,3046082,,,,,
2022,2,presidente,SC,,2022-10-30T23:30:25.000Z,,0.9995,13,LULA,PT,1351572,,,,,
2022,2,presidente,SC,,2022-10-30T23:32:08.000Z,,0.9995,22,JAIR BOLSONARO,PL,3046082,,,,,
2022,2,presidente,SC,,2022-10-30T23:32:08.000Z,,0.9995,13,LULA,PT,1351572,,,,,
2022,2,presidente,SC,,2022-10-30T23:34:01.000Z,,0.9995,22,JAIR BOLSONARO,PL,3046082,,,,,
2022,2,presidente,SC,,2022-10-30T23:34:01.000Z,,0.9995,13,LULA,PT,1351572,,,,,
2022,2,presidente,SC,,2022-10-30T23:35:38.000Z,,0.9995,22,JAIR BOLSONARO,PL,3046082,,,,,
2022,2,presidente,SC,,2022-10-30T23:35:38.000Z,,0.9995,13,LULA,PT,1351572,,,,,
2022,2,presidente,SC,,2022-10-30T23:37:11.000Z,,0.9995,22,JAIR BOLSONARO,PL,3046082,,,,,
2022,2,presidente,SC,,2022-10-30T23:37:11.000Z,,0.9995,13,LULA,PT,1351572,,,,,
2022,2,presidente,SC,,2022-10-30T23:39:14.000Z,,0.9995,22,JAIR BOLSONARO,PL,3046082,,,,,
2022,2,presidente,SC,,2022-10-30T23:39:14.000Z,,0.9995,13,LULA,PT,1351572,,,,,
2022,2,presidente,SC,,2022-10-30T23:41:37.000Z,,0.9995,22,JAIR BOLSONARO,PL,3046082,,,,,
2022,2,presidente,SC,,2022-10-30T23:41:37.000Z,,0.9995,13,LULA,PT,1351572,,,,,
2022,2,presidente,SC,,2022-10-30T23:43:09.000Z,,0.9995,22,JAIR BOLSONARO,PL,3046082,,,,,
2022,2,presidente,SC,,2022-10-30T23:43:09.000Z,,0.9995,13,LULA,PT,1351572,,,,,
2022,2,presidente,SC,,2022-10-30T23:45:28.000Z,,0.9995,22,JAIR BOLSONARO,PL,3046082,,,,,
2022,2,presidente,SC,,2022-10-30T23:45:28.000Z,,0.9995,13,LULA,PT,1351572,,,,,
2022,2,presidente,SC,,2022-10-30T23:47:18.000Z,,0.9995,22,JAIR BOLSONARO,PL,3046082,,,,,
2022,2,presidente,SC,,2022-10-30T23:47:18.000Z,,0.9995,13,LULA,PT,1351572,,,,,
2022,2,presidente,SC,,2022-10-30T23:48:53.000Z,,0.9995,22,JAIR BOLSONARO,PL,3046082,,,,,
2022,2,presidente,SC,,2022-10-30T23:48:53.000Z,,0.9995,13,LULA,PT,1351572,,,,,
2022,2,presidente,SC,,2022-10-30T23:50:50.000Z,,0.9995,22,JAIR BOLSONARO,PL,3046082,,,,,
2022,2,presidente,SC,,2022-10-30T23:50:50.000Z,,0.9995,13,LULA,PT,1351572,,,,,
2022,2,presidente,SC,,2022-10-30T23:52:44.000Z,,0.9995,22,JAIR BOLSONARO,PL,3046082,,,,,
2022,2,presidente,SC,,2022-10-30T23:52:44.000Z,,0.9995,13,LULA,PT,1351572,,,,,
2022,2,presidente,SC,,2022-10-30T23:54:36.000Z,,0.9995,22,JAIR BOLSONARO,PL,3046082,,,,,
2022,2,presidente,SC,,2022-10-30T23:54:36.000Z,,0.9995,13,LULA,PT,1351572,,,,,
2022,2,presidente,SC,,2022-10-30T23:56:29.000Z,,0.9995,22,JAIR BOLSONARO,PL,3046082,,,,,
2022,2,presidente,SC,,2022-10-30T23:56:29.000Z,,0.9995,13,LULA,PT,1351572,,,,,
2022,2,presidente,SC,,2022-10-30T23:58:52.000Z,,0.9995,22,JAIR BOLSONARO,PL,3046082,,,,,
2022,2,presidente,SC,,2022-10-30T23:58:52.000Z,,0.9995,13,LULA,PT,1351572,,,,,
2022,2,presidente,SC,,2022-10-31T00:00:24.000Z,,0.9995,22,JAIR BOLSONARO,PL,3046082,,,,,
2022,2,presidente,SC,,2022-10-31T00:00:24.000Z,,0.9995,13,LULA,PT,1351572,,,,,
2022,2,presidente,SC,,2022-10-31T00:01:54.000Z,,0.9995,22,JAIR BOLSONARO,PL,3046082,,,,,
2022,2,presidente,SC,,2022-10-31T00:01:54.000Z,,0.9995,13,LULA,PT,1351572,,,,,
2022,2,presidente,SC,,2022-10-31T00:04:16.000Z,,0.9995,22,JAIR BOLSONARO,PL,3046082,,,,,
2022,2,presidente,SC,,2022-10-31T00:04:16.000Z,,0.9995,13,LULA,PT,1351572,,,,,
2022,2,presidente,SC,,2022-10-31T00:06:45.000Z,,0.9995,22,JAIR BOLSONARO,PL,3046082,,,,,
2022,2,presidente,SC,,2022-10-31T00:06:45.000Z,,0.9995,13,LULA,PT,1351572,,,,,
2022,2,presidente,SC,,2022-10-31T00:08:42.000Z,,0.9995,22,JAIR BOLSONARO,PL,3046082,,,,,
2022,2,presidente,SC,,2022-10-31T00:08:42.000Z,,0.9995,13,LULA,PT,1351572,,,,,
2022,2,presidente,SC,,2022-10-31T00:11:11.000Z,,0.9995,22,JAIR BOLSONARO,PL,3046082,,,,,
2022,2,presidente,SC,,2022-10-31T00:11:11.000Z,,0.9995,13,LULA,PT,1351572,,,,,
2022,2,presidente,SC,,2022-10-31T00:13:21.000Z,,0.9996,22,JAIR BOLSONARO,PL,3046276,,,,,
2022,2,presidente,SC,,2022-10-31T00:13:21.000Z,,0.9996,13,LULA,PT,1351604,,,,,
2022,2,presidente,SC,,2022-10-31T00:15:05.000Z,,0.9997,22,JAIR BOLSONARO,PL,3046624,,,,,
2022,2,presidente,SC,,2022-10-31T00:15:05.000Z,,0.9997,13,LULA,PT,1351718,,,,,
2022,2,presidente,SC,,2022-10-31T00:16:55.000Z,,1,22,JAIR BOLSONARO,PL,3047630,,,,,
2022,2,presidente,SC,,2022-10-31T00:16:55.000Z,,1,13,LULA,PT,1351918,,,,,
2022,2,presidente,SE,,2022-10-30T20:22:33.000Z,,0.0002,22,JAIR BOLSONARO,PL,86,,,,,
2022,2,presidente,SE,,2022-10-30T20:22:33.000Z,,0.0002,13,LULA,PT,90,,,,,
2022,2,presidente,SE,,2022-10-30T20:23:44.000Z,,0.0011,22,JAIR BOLSONARO,PL,564,,,,,
2022,2,presidente,SE,,2022-10-30T20:23:44.000Z,,0.0011,13,LULA,PT,522,,,,,
2022,2,presidente,SE,,2022-10-30T20:25:06.000Z,,0.0013,22,JAIR BOLSONARO,PL,665,,,,,
2022,2,presidente,SE,,2022-10-30T20:25:06.000Z,,0.0013,13,LULA,PT,616,,,,,
2022,2,presidente,SE,,2022-10-30T20:26:12.000Z,,0.0013,22,JAIR BOLSONARO,PL,665,,,,,
2022,2,presidente,SE,,2022-10-30T20:26:12.000Z,,0.0013,13,LULA,PT,616,,,,,
2022,2,presidente,SE,,2022-10-30T20:27:19.000Z,,0.0035,22,JAIR BOLSONARO,PL,1968,,,,,
2022,2,presidente,SE,,2022-10-30T20:27:19.000Z,,0.0035,13,LULA,PT,2117,,,,,
2022,2,presidente,SE,,2022-10-30T20:28:24.000Z,,0.006,22,JAIR BOLSONARO,PL,3512,,,,,
2022,2,presidente,SE,,2022-10-30T20:28:24.000Z,,0.006,13,LULA,PT,3878,,,,,
2022,2,presidente,SE,,2022-10-30T20:29:35.000Z,,0.0082,22,JAIR BOLSONARO,PL,4530,,,,,
2022,2,presidente,SE,,2022-10-30T20:29:35.000Z,,0.0082,13,LULA,PT,5498,,,,,
2022,2,presidente,SE,,2022-10-30T20:30:41.000Z,,0.0082,22,JAIR BOLSONARO,PL,4530,,,,,
2022,2,presidente,SE,,2022-10-30T20:30:41.000Z,,0.0082,13,LULA,PT,5498,,,,,
2022,2,presidente,SE,,2022-10-30T20:31:59.000Z,,0.0118,22,JAIR BOLSONARO,PL,6904,,,,,
2022,2,presidente,SE,,2022-10-30T20:31:59.000Z,,0.0118,13,LULA,PT,8492,,,,,
2022,2,presidente,SE,,2022-10-30T20:33:10.000Z,,0.016,22,JAIR BOLSONARO,PL,9268,,,,,
2022,2,presidente,SE,,2022-10-30T20:33:10.000Z,,0.016,13,LULA,PT,11278,,,,,
2022,2,presidente,SE,,2022-10-30T20:34:23.000Z,,0.0195,22,JAIR BOLSONARO,PL,11310,,,,,
2022,2,presidente,SE,,2022-10-30T20:34:23.000Z,,0.0195,13,LULA,PT,13674,,,,,
2022,2,presidente,SE,,2022-10-30T20:35:40.000Z,,0.024,22,JAIR BOLSONARO,PL,13386,,,,,
2022,2,presidente,SE,,2022-10-30T20:35:40.000Z,,0.024,13,LULA,PT,17456,,,,,
2022,2,presidente,SE,,2022-10-30T20:36:49.000Z,,0.03,22,JAIR BOLSONARO,PL,16533,,,,,
2022,2,presidente,SE,,2022-10-30T20:36:49.000Z,,0.03,13,LULA,PT,22036,,,,,
2022,2,presidente,SE,,2022-10-30T20:37:56.000Z,,0.0327,22,JAIR BOLSONARO,PL,17810,,,,,
2022,2,presidente,SE,,2022-10-30T20:37:56.000Z,,0.0327,13,LULA,PT,24273,,,,,
2022,2,presidente,SE,,2022-10-30T20:39:07.000Z,,0.0327,22,JAIR BOLSONARO,PL,17810,,,,,
2022,2,presidente,SE,,2022-10-30T20:39:07.000Z,,0.0327,13,LULA,PT,24273,,,,,
2022,2,presidente,SE,,2022-10-30T20:40:13.000Z,,0.0378,22,JAIR BOLSONARO,PL,20334,,,,,
2022,2,presidente,SE,,2022-10-30T20:40:13.000Z,,0.0378,13,LULA,PT,28151,,,,,
2022,2,presidente,SE,,2022-10-30T20:41:24.000Z,,0.0586,22,JAIR BOLSONARO,PL,30219,,,,,
2022,2,presidente,SE,,2022-10-30T20:41:24.000Z,,0.0586,13,LULA,PT,43725,,,,,
2022,2,presidente,SE,,2022-10-30T20:42:30.000Z,,0.0655,22,JAIR BOLSONARO,PL,33233,,,,,
2022,2,presidente,SE,,2022-10-30T20:42:30.000Z,,0.0655,13,LULA,PT,49201,,,,,
2022,2,presidente,SE,,2022-10-30T20:43:37.000Z,,0.0655,22,JAIR BOLSONARO,PL,33233,,,,,
2022,2,presidente,SE,,2022-10-30T20:43:37.000Z,,0.0655,13,LULA,PT,49201,,,,,
2022,2,presidente,SE,,2022-10-30T20:44:51.000Z,,0.0737,22,JAIR BOLSONARO,PL,37470,,,,,
2022,2,presidente,SE,,2022-10-30T20:44:51.000Z,,0.0737,13,LULA,PT,55943,,,,,
2022,2,presidente,SE,,2022-10-30T20:46:00.000Z,,0.0828,22,JAIR BOLSONARO,PL,41834,,,,,
2022,2,presidente,SE,,2022-10-30T20:46:00.000Z,,0.0828,13,LULA,PT,63307,,,,,
2022,2,presidente,SE,,2022-10-30T20:47:11.000Z,,0.0955,22,JAIR BOLSONARO,PL,48351,,,,,
2022,2,presidente,SE,,2022-10-30T20:47:11.000Z,,0.0955,13,LULA,PT,74170,,,,,
2022,2,presidente,SE,,2022-10-30T20:48:43.000Z,,0.0999,22,JAIR BOLSONARO,PL,50184,,,,,
2022,2,presidente,SE,,2022-10-30T20:48:43.000Z,,0.0999,13,LULA,PT,77581,,,,,
2022,2,presidente,SE,,2022-10-30T20:50:00.000Z,,0.1117,22,JAIR BOLSONARO,PL,54956,,,,,
2022,2,presidente,SE,,2022-10-30T20:50:00.000Z,,0.1117,13,LULA,PT,88430,,,,,
2022,2,presidente,SE,,2022-10-30T20:51:13.000Z,,0.1213,22,JAIR BOLSONARO,PL,59213,,,,,
2022,2,presidente,SE,,2022-10-30T20:51:13.000Z,,0.1213,13,LULA,PT,96129,,,,,
2022,2,presidente,SE,,2022-10-30T20:52:26.000Z,,0.1377,22,JAIR BOLSONARO,PL,66418,,,,,
2022,2,presidente,SE,,2022-10-30T20:52:26.000Z,,0.1377,13,LULA,PT,109431,,,,,
2022,2,presidente,SE,,2022-10-30T20:53:44.000Z,,0.1437,22,JAIR BOLSONARO,PL,69512,,,,,
2022,2,presidente,SE,,2022-10-30T20:53:44.000Z,,0.1437,13,LULA,PT,113927,,,,,
2022,2,presidente,SE,,2022-10-30T20:55:01.000Z,,0.1488,22,JAIR BOLSONARO,PL,72077,,,,,
2022,2,presidente,SE,,2022-10-30T20:55:01.000Z,,0.1488,13,LULA,PT,118626,,,,,
2022,2,presidente,SE,,2022-10-30T20:56:24.000Z,,0.1541,22,JAIR BOLSONARO,PL,75135,,,,,
2022,2,presidente,SE,,2022-10-30T20:56:24.000Z,,0.1541,13,LULA,PT,122949,,,,,
2022,2,presidente,SE,,2022-10-30T20:57:47.000Z,,0.1772,22,JAIR BOLSONARO,PL,87237,,,,,
2022,2,presidente,SE,,2022-10-30T20:57:47.000Z,,0.1772,13,LULA,PT,141986,,,,,
2022,2,presidente,SE,,2022-10-30T20:59:11.000Z,,0.1893,22,JAIR BOLSONARO,PL,93001,,,,,
2022,2,presidente,SE,,2022-10-30T20:59:11.000Z,,0.1893,13,LULA,PT,153546,,,,,
2022,2,presidente,SE,,2022-10-30T21:00:20.000Z,,0.201,22,JAIR BOLSONARO,PL,98605,,,,,
2022,2,presidente,SE,,2022-10-30T21:00:20.000Z,,0.201,13,LULA,PT,163111,,,,,
2022,2,presidente,SE,,2022-10-30T21:01:52.000Z,,0.2101,22,JAIR BOLSONARO,PL,103184,,,,,
2022,2,presidente,SE,,2022-10-30T21:01:52.000Z,,0.2101,13,LULA,PT,170493,,,,,
2022,2,presidente,SE,,2022-10-30T21:03:09.000Z,,0.2406,22,JAIR BOLSONARO,PL,116897,,,,,
2022,2,presidente,SE,,2022-10-30T21:03:09.000Z,,0.2406,13,LULA,PT,196002,,,,,
2022,2,presidente,SE,,2022-10-30T21:04:30.000Z,,0.2503,22,JAIR BOLSONARO,PL,121840,,,,,
2022,2,presidente,SE,,2022-10-30T21:04:30.000Z,,0.2503,13,LULA,PT,203885,,,,,
2022,2,presidente,SE,,2022-10-30T21:05:37.000Z,,0.2623,22,JAIR BOLSONARO,PL,126675,,,,,
2022,2,presidente,SE,,2022-10-30T21:05:37.000Z,,0.2623,13,LULA,PT,214023,,,,,
2022,2,presidente,SE,,2022-10-30T21:06:55.000Z,,0.2736,22,JAIR BOLSONARO,PL,132175,,,,,
2022,2,presidente,SE,,2022-10-30T21:06:55.000Z,,0.2736,13,LULA,PT,223987,,,,,
2022,2,presidente,SE,,2022-10-30T21:08:11.000Z,,0.2887,22,JAIR BOLSONARO,PL,139853,,,,,
2022,2,presidente,SE,,2022-10-30T21:08:11.000Z,,0.2887,13,LULA,PT,236482,,,,,
2022,2,presidente,SE,,2022-10-30T21:09:34.000Z,,0.3117,22,JAIR BOLSONARO,PL,150431,,,,,
2022,2,presidente,SE,,2022-10-30T21:09:34.000Z,,0.3117,13,LULA,PT,255789,,,,,
2022,2,presidente,SE,,2022-10-30T21:10:44.000Z,,0.3298,22,JAIR BOLSONARO,PL,158037,,,,,
2022,2,presidente,SE,,2022-10-30T21:10:44.000Z,,0.3298,13,LULA,PT,271613,,,,,
2022,2,presidente,SE,,2022-10-30T21:12:07.000Z,,0.3403,22,JAIR BOLSONARO,PL,163155,,,,,
2022,2,presidente,SE,,2022-10-30T21:12:07.000Z,,0.3403,13,LULA,PT,280916,,,,,
2022,2,presidente,SE,,2022-10-30T21:13:29.000Z,,0.3563,22,JAIR BOLSONARO,PL,171179,,,,,
2022,2,presidente,SE,,2022-10-30T21:13:29.000Z,,0.3563,13,LULA,PT,295661,,,,,
2022,2,presidente,SE,,2022-10-30T21:14:39.000Z,,0.3725,22,JAIR BOLSONARO,PL,178582,,,,,
2022,2,presidente,SE,,2022-10-30T21:14:39.000Z,,0.3725,13,LULA,PT,308768,,,,,
2022,2,presidente,SE,,2022-10-30T21:16:06.000Z,,0.4049,22,JAIR BOLSONARO,PL,192623,,,,,
2022,2,presidente,SE,,2022-10-30T21:16:06.000Z,,0.4049,13,LULA,PT,335550,,,,,
2022,2,presidente,SE,,2022-10-30T21:17:27.000Z,,0.4169,22,JAIR BOLSONARO,PL,198373,,,,,
2022,2,presidente,SE,,2022-10-30T21:17:27.000Z,,0.4169,13,LULA,PT,345951,,,,,
2022,2,presidente,SE,,2022-10-30T21:18:47.000Z,,0.4347,22,JAIR BOLSONARO,PL,207532,,,,,
2022,2,presidente,SE,,2022-10-30T21:18:47.000Z,,0.4347,13,LULA,PT,360589,,,,,
2022,2,presidente,SE,,2022-10-30T21:20:15.000Z,,0.4538,22,JAIR BOLSONARO,PL,217292,,,,,
2022,2,presidente,SE,,2022-10-30T21:20:15.000Z,,0.4538,13,LULA,PT,377743,,,,,
2022,2,presidente,SE,,2022-10-30T21:21:38.000Z,,0.4631,22,JAIR BOLSONARO,PL,221430,,,,,
2022,2,presidente,SE,,2022-10-30T21:21:38.000Z,,0.4631,13,LULA,PT,386059,,,,,
2022,2,presidente,SE,,2022-10-30T21:23:01.000Z,,0.4696,22,JAIR BOLSONARO,PL,224015,,,,,
2022,2,presidente,SE,,2022-10-30T21:23:01.000Z,,0.4696,13,LULA,PT,392095,,,,,
2022,2,presidente,SE,,2022-10-30T21:24:25.000Z,,0.4867,22,JAIR BOLSONARO,PL,232277,,,,,
2022,2,presidente,SE,,2022-10-30T21:24:25.000Z,,0.4867,13,LULA,PT,406128,,,,,
2022,2,presidente,SE,,2022-10-30T21:25:49.000Z,,0.5175,22,JAIR BOLSONARO,PL,245598,,,,,
2022,2,presidente,SE,,2022-10-30T21:25:49.000Z,,0.5175,13,LULA,PT,434273,,,,,
2022,2,presidente,SE,,2022-10-30T21:27:21.000Z,,0.5315,22,JAIR BOLSONARO,PL,251867,,,,,
2022,2,presidente,SE,,2022-10-30T21:27:21.000Z,,0.5315,13,LULA,PT,446840,,,,,
2022,2,presidente,SE,,2022-10-30T21:28:42.000Z,,0.5498,22,JAIR BOLSONARO,PL,258565,,,,,
2022,2,presidente,SE,,2022-10-30T21:28:42.000Z,,0.5498,13,LULA,PT,462558,,,,,
2022,2,presidente,SE,,2022-10-30T21:30:05.000Z,,0.572,22,JAIR BOLSONARO,PL,268546,,,,,
2022,2,presidente,SE,,2022-10-30T21:30:05.000Z,,0.572,13,LULA,PT,482828,,,,,
2022,2,presidente,SE,,2022-10-30T21:31:35.000Z,,0.5835,22,JAIR BOLSONARO,PL,272960,,,,,
2022,2,presidente,SE,,2022-10-30T21:31:35.000Z,,0.5835,13,LULA,PT,492930,,,,,
2022,2,presidente,SE,,2022-10-30T21:33:02.000Z,,0.6051,22,JAIR BOLSONARO,PL,280497,,,,,
2022,2,presidente,SE,,2022-10-30T21:33:02.000Z,,0.6051,13,LULA,PT,511127,,,,,
2022,2,presidente,SE,,2022-10-30T21:34:20.000Z,,0.624,22,JAIR BOLSONARO,PL,288678,,,,,
2022,2,presidente,SE,,2022-10-30T21:34:20.000Z,,0.624,13,LULA,PT,528219,,,,,
2022,2,presidente,SE,,2022-10-30T21:35:41.000Z,,0.631,22,JAIR BOLSONARO,PL,291705,,,,,
2022,2,presidente,SE,,2022-10-30T21:35:41.000Z,,0.631,13,LULA,PT,534119,,,,,
2022,2,presidente,SE,,2022-10-30T21:37:00.000Z,,0.6602,22,JAIR BOLSONARO,PL,303533,,,,,
2022,2,presidente,SE,,2022-10-30T21:37:00.000Z,,0.6602,13,LULA,PT,560737,,,,,
2022,2,presidente,SE,,2022-10-30T21:38:32.000Z,,0.6797,22,JAIR BOLSONARO,PL,310014,,,,,
2022,2,presidente,SE,,2022-10-30T21:38:32.000Z,,0.6797,13,LULA,PT,578566,,,,,
2022,2,presidente,SE,,2022-10-30T21:40:02.000Z,,0.7037,22,JAIR BOLSONARO,PL,318392,,,,,
2022,2,presidente,SE,,2022-10-30T21:40:02.000Z,,0.7037,13,LULA,PT,600525,,,,,
2022,2,presidente,SE,,2022-10-30T21:41:32.000Z,,0.7188,22,JAIR BOLSONARO,PL,324127,,,,,
2022,2,presidente,SE,,2022-10-30T21:41:32.000Z,,0.7188,13,LULA,PT,614079,,,,,
2022,2,presidente,SE,,2022-10-30T21:42:57.000Z,,0.7277,22,JAIR BOLSONARO,PL,327721,,,,,
2022,2,presidente,SE,,2022-10-30T21:42:57.000Z,,0.7277,13,LULA,PT,621847,,,,,
2022,2,presidente,SE,,2022-10-30T21:44:16.000Z,,0.7366,22,JAIR BOLSONARO,PL,330159,,,,,
2022,2,presidente,SE,,2022-10-30T21:44:16.000Z,,0.7366,13,LULA,PT,629966,,,,,
2022,2,presidente,SE,,2022-10-30T21:45:35.000Z,,0.7494,22,JAIR BOLSONARO,PL,335146,,,,,
2022,2,presidente,SE,,2022-10-30T21:45:35.000Z,,0.7494,13,LULA,PT,641025,,,,,
2022,2,presidente,SE,,2022-10-30T21:46:58.000Z,,0.7652,22,JAIR BOLSONARO,PL,341053,,,,,
2022,2,presidente,SE,,2022-10-30T21:46:58.000Z,,0.7652,13,LULA,PT,655369,,,,,
2022,2,presidente,SE,,2022-10-30T21:48:16.000Z,,0.7817,22,JAIR BOLSONARO,PL,346871,,,,,
2022,2,presidente,SE,,2022-10-30T21:48:16.000Z,,0.7817,13,LULA,PT,670601,,,,,
2022,2,presidente,SE,,2022-10-30T21:49:48.000Z,,0.8012,22,JAIR BOLSONARO,PL,354150,,,,,
2022,2,presidente,SE,,2022-10-30T21:49:48.000Z,,0.8012,13,LULA,PT,687398,,,,,
2022,2,presidente,SE,,2022-10-30T21:51:31.000Z,,0.8254,22,JAIR BOLSONARO,PL,360838,,,,,
2022,2,presidente,SE,,2022-10-30T21:51:31.000Z,,0.8254,13,LULA,PT,708569,,,,,
2022,2,presidente,SE,,2022-10-30T21:53:05.000Z,,0.8452,22,JAIR BOLSONARO,PL,368313,,,,,
2022,2,presidente,SE,,2022-10-30T21:53:05.000Z,,0.8452,13,LULA,PT,726138,,,,,
2022,2,presidente,SE,,2022-10-30T21:54:31.000Z,,0.8714,22,JAIR BOLSONARO,PL,377531,,,,,
2022,2,presidente,SE,,2022-10-30T21:54:31.000Z,,0.8714,13,LULA,PT,748913,,,,,
2022,2,presidente,SE,,2022-10-30T21:55:57.000Z,,0.883,22,JAIR BOLSONARO,PL,381075,,,,,
2022,2,presidente,SE,,2022-10-30T21:55:57.000Z,,0.883,13,LULA,PT,759023,,,,,
2022,2,presidente,SE,,2022-10-30T21:57:29.000Z,,0.8941,22,JAIR BOLSONARO,PL,384498,,,,,
2022,2,presidente,SE,,2022-10-30T21:57:29.000Z,,0.8941,13,LULA,PT,769596,,,,,
2022,2,presidente,SE,,2022-10-30T21:59:05.000Z,,0.9187,22,JAIR BOLSONARO,PL,392448,,,,,
2022,2,presidente,SE,,2022-10-30T21:59:05.000Z,,0.9187,13,LULA,PT,791081,,,,,
2022,2,presidente,SE,,2022-10-30T22:00:30.000Z,,0.9269,22,JAIR BOLSONARO,PL,395285,,,,,
2022,2,presidente,SE,,2022-10-30T22:00:30.000Z,,0.9269,13,LULA,PT,798042,,,,,
2022,2,presidente,SE,,2022-10-30T22:02:08.000Z,,0.9393,22,JAIR BOLSONARO,PL,399301,,,,,
2022,2,presidente,SE,,2022-10-30T22:02:08.000Z,,0.9393,13,LULA,PT,808892,,,,,
2022,2,presidente,SE,,2022-10-30T22:03:30.000Z,,0.9493,22,JAIR BOLSONARO,PL,402720,,,,,
2022,2,presidente,SE,,2022-10-30T22:03:30.000Z,,0.9493,13,LULA,PT,817069,,,,,
2022,2,presidente,SE,,2022-10-30T22:04:54.000Z,,0.9553,22,JAIR BOLSONARO,PL,404905,,,,,
2022,2,presidente,SE,,2022-10-30T22:04:54.000Z,,0.9553,13,LULA,PT,822632,,,,,
2022,2,presidente,SE,,2022-10-30T22:06:18.000Z,,0.9605,22,JAIR BOLSONARO,PL,406595,,,,,
2022,2,presidente,SE,,2022-10-30T22:06:18.000Z,,0.9605,13,LULA,PT,827238,,,,,
2022,2,presidente,SE,,2022-10-30T22:07:50.000Z,,0.964,22,JAIR BOLSONARO,PL,407905,,,,,
2022,2,presidente,SE,,2022-10-30T22:07:50.000Z,,0.964,13,LULA,PT,830317,,,,,
2022,2,presidente,SE,,2022-10-30T22:09:12.000Z,,0.97,22,JAIR BOLSONARO,PL,410306,,,,,
2022,2,presidente,SE,,2022-10-30T22:09:12.000Z,,0.97,13,LULA,PT,835281,,,,,
2022,2,presidente,SE,,2022-10-30T22:10:34.000Z,,0.9713,22,JAIR BOLSONARO,PL,410813,,,,,
2022,2,presidente,SE,,2022-10-30T22:10:34.000Z,,0.9713,13,LULA,PT,836554,,,,,
2022,2,presidente,SE,,2022-10-30T22:12:23.000Z,,0.9767,22,JAIR BOLSONARO,PL,412624,,,,,
2022,2,presidente,SE,,2022-10-30T22:12:23.000Z,,0.9767,13,LULA,PT,841497,,,,,
2022,2,presidente,SE,,2022-10-30T22:14:06.000Z,,0.9789,22,JAIR BOLSONARO,PL,413438,,,,,
2022,2,presidente,SE,,2022-10-30T22:14:06.000Z,,0.9789,13,LULA,PT,843218,,,,,
2022,2,presidente,SE,,2022-10-30T22:15:48.000Z,,0.9842,22,JAIR BOLSONARO,PL,415196,,,,,
2022,2,presidente,SE,,2022-10-30T22:15:48.000Z,,0.9842,13,LULA,PT,847906,,,,,
2022,2,presidente,SE,,2022-10-30T22:17:30.000Z,,0.9853,22,JAIR BOLSONARO,PL,415599,,,,,
2022,2,presidente,SE,,2022-10-30T22:17:30.000Z,,0.9853,13,LULA,PT,849046,,,,,
2022,2,presidente,SE,,2022-10-30T22:19:02.000Z,,0.9862,22,JAIR BOLSONARO,PL,415908,,,,,
2022,2,presidente,SE,,2022-10-30T22:19:02.000Z,,0.9862,13,LULA,PT,849911,,,,,
2022,2,presidente,SE,,2022-10-30T22:20:44.000Z,,0.9874,22,JAIR BOLSONARO,PL,416317,,,,,
2022,2,presidente,SE,,2022-10-30T22:20:44.000Z,,0.9874,13,LULA,PT,851271,,,,,
2022,2,presidente,SE,,2022-10-30T22:22:23.000Z,,0.9905,22,JAIR BOLSONARO,PL,417502,,,,,
2022,2,presidente,SE,,2022-10-30T22:22:23.000Z,,0.9905,13,LULA,PT,853781,,,,,
2022,2,presidente,SE,,2022-10-30T22:23:48.000Z,,0.9907,22,JAIR BOLSONARO,PL,417566,,,,,
2022,2,presidente,SE,,2022-10-30T22:23:48.000Z,,0.9907,13,LULA,PT,853947,,,,,
2022,2,presidente,SE,,2022-10-30T22:25:35.000Z,,0.9935,22,JAIR BOLSONARO,PL,418646,,,,,
2022,2,presidente,SE,,2022-10-30T22:25:35.000Z,,0.9935,13,LULA,PT,856393,,,,,
2022,2,presidente,SE,,2022-10-30T22:27:28.000Z,,0.996,22,JAIR BOLSONARO,PL,419575,,,,,
2022,2,presidente,SE,,2022-10-30T22:27:28.000Z,,0.996,13,LULA,PT,859026,,,,,
2022,2,presidente,SE,,2022-10-30T22:29:05.000Z,,0.9978,22,JAIR BOLSONARO,PL,420259,,,,,
2022,2,presidente,SE,,2022-10-30T22:29:05.000Z,,0.9978,13,LULA,PT,860981,,,,,
2022,2,presidente,SE,,2022-10-30T22:30:52.000Z,,0.9985,22,JAIR BOLSONARO,PL,420397,,,,,
2022,2,presidente,SE,,2022-10-30T22:30:52.000Z,,0.9985,13,LULA,PT,861636,,,,,
2022,2,presidente,SE,,2022-10-30T22:32:29.000Z,,0.9985,22,JAIR BOLSONARO,PL,420397,,,,,
2022,2,presidente,SE,,2022-10-30T22:32:29.000Z,,0.9985,13,LULA,PT,861636,,,,,
2022,2,presidente,SE,,2022-10-30T22:34:08.000Z,,0.9985,22,JAIR BOLSONARO,PL,420397,,,,,
2022,2,presidente,SE,,2022-10-30T22:34:08.000Z,,0.9985,13,LULA,PT,861636,,,,,
2022,2,presidente,SE,,2022-10-30T22:35:59.000Z,,0.9985,22,JAIR BOLSONARO,PL,420397,,,,,
2022,2,presidente,SE,,2022-10-30T22:35:59.000Z,,0.9985,13,LULA,PT,861636,,,,,
2022,2,presidente,SE,,2022-10-30T22:38:03.000Z,,0.9987,22,JAIR BOLSONARO,PL,420444,,,,,
2022,2,presidente,SE,,2022-10-30T22:38:03.000Z,,0.9987,13,LULA,PT,861850,,,,,
2022,2,presidente,SE,,2022-10-30T22:39:37.000Z,,0.9987,22,JAIR BOLSONARO,PL,420444,,,,,
2022,2,presidente,SE,,2022-10-30T22:39:37.000Z,,0.9987,13,LULA,PT,861850,,,,,
2022,2,presidente,SE,,2022-10-30T22:41:26.000Z,,0.9987,22,JAIR BOLSONARO,PL,420444,,,,,
2022,2,presidente,SE,,2022-10-30T22:41:26.000Z,,0.9987,13,LULA,PT,861850,,,,,
2022,2,presidente,SE,,2022-10-30T22:43:04.000Z,,0.9991,22,JAIR BOLSONARO,PL,420577,,,,,
2022,2,presidente,SE,,2022-10-30T22:43:04.000Z,,0.9991,13,LULA,PT,862171,,,,,
2022,2,presidente,SE,,2022-10-30T22:44:38.000Z,,0.9991,22,JAIR BOLSONARO,PL,420577,,,,,
2022,2,presidente,SE,,2022-10-30T22:44:38.000Z,,0.9991,13,LULA,PT,862171,,,,,
2022,2,presidente,SE,,2022-10-30T22:46:34.000Z,,0.9993,22,JAIR BOLSONARO,PL,420702,,,,,
2022,2,presidente,SE,,2022-10-30T22:46:34.000Z,,0.9993,13,LULA,PT,862328,,,,,
2022,2,presidente,SE,,2022-10-30T22:48:09.000Z,,0.9996,22,JAIR BOLSONARO,PL,420950,,,,,
2022,2,presidente,SE,,2022-10-30T22:48:09.000Z,,0.9996,13,LULA,PT,862636,,,,,
2022,2,presidente,SE,,2022-10-30T22:49:55.000Z,,0.9996,22,JAIR BOLSONARO,PL,420950,,,,,
2022,2,presidente,SE,,2022-10-30T22:49:55.000Z,,0.9996,13,LULA,PT,862636,,,,,
2022,2,presidente,SE,,2022-10-30T22:51:45.000Z,,0.9996,22,JAIR BOLSONARO,PL,420950,,,,,
2022,2,presidente,SE,,2022-10-30T22:51:45.000Z,,0.9996,13,LULA,PT,862636,,,,,
2022,2,presidente,SE,,2022-10-30T22:53:20.000Z,,0.9998,22,JAIR BOLSONARO,PL,421000,,,,,
2022,2,presidente,SE,,2022-10-30T22:53:20.000Z,,0.9998,13,LULA,PT,862791,,,,,
2022,2,presidente,SE,,2022-10-30T22:54:56.000Z,,1,22,JAIR BOLSONARO,PL,421086,,,,,
2022,2,presidente,SE,,2022-10-30T22:54:56.000Z,,1,13,LULA,PT,862951,,,,,
2022,2,presidente,SP,,2022-10-30T20:12:06.000Z,,0.0001,22,JAIR BOLSONARO,PL,1465,,,,,
2022,2,presidente,SP,,2022-10-30T20:12:06.000Z,,0.0001,13,LULA,PT,1194,,,,,
2022,2,presidente,SP,,2022-10-30T20:13:13.000Z,,0.0002,22,JAIR BOLSONARO,PL,2677,,,,,
2022,2,presidente,SP,,2022-10-30T20:13:13.000Z,,0.0002,13,LULA,PT,2091,,,,,
2022,2,presidente,SP,,2022-10-30T20:14:24.000Z,,0.0003,22,JAIR BOLSONARO,PL,3600,,,,,
2022,2,presidente,SP,,2022-10-30T20:14:24.000Z,,0.0003,13,LULA,PT,3269,,,,,
2022,2,presidente,SP,,2022-10-30T20:15:35.000Z,,0.0005,22,JAIR BOLSONARO,PL,5369,,,,,
2022,2,presidente,SP,,2022-10-30T20:15:35.000Z,,0.0005,13,LULA,PT,5209,,,,,
2022,2,presidente,SP,,2022-10-30T20:16:41.000Z,,0.0005,22,JAIR BOLSONARO,PL,5745,,,,,
2022,2,presidente,SP,,2022-10-30T20:16:41.000Z,,0.0005,13,LULA,PT,5688,,,,,
2022,2,presidente,SP,,2022-10-30T20:17:48.000Z,,0.0006,22,JAIR BOLSONARO,PL,6783,,,,,
2022,2,presidente,SP,,2022-10-30T20:17:48.000Z,,0.0006,13,LULA,PT,6623,,,,,
2022,2,presidente,SP,,2022-10-30T20:19:04.000Z,,0.0009,22,JAIR BOLSONARO,PL,10952,,,,,
2022,2,presidente,SP,,2022-10-30T20:19:04.000Z,,0.0009,13,LULA,PT,9164,,,,,
2022,2,presidente,SP,,2022-10-30T20:20:09.000Z,,0.0009,22,JAIR BOLSONARO,PL,10952,,,,,
2022,2,presidente,SP,,2022-10-30T20:20:09.000Z,,0.0009,13,LULA,PT,9164,,,,,
2022,2,presidente,SP,,2022-10-30T20:21:30.000Z,,0.0017,22,JAIR BOLSONARO,PL,23221,,,,,
2022,2,presidente,SP,,2022-10-30T20:21:30.000Z,,0.0017,13,LULA,PT,17004,,,,,
2022,2,presidente,SP,,2022-10-30T20:22:36.000Z,,0.0021,22,JAIR BOLSONARO,PL,29817,,,,,
2022,2,presidente,SP,,2022-10-30T20:22:36.000Z,,0.0021,13,LULA,PT,20844,,,,,
2022,2,presidente,SP,,2022-10-30T20:23:52.000Z,,0.0024,22,JAIR BOLSONARO,PL,34262,,,,,
2022,2,presidente,SP,,2022-10-30T20:23:52.000Z,,0.0024,13,LULA,PT,23395,,,,,
2022,2,presidente,SP,,2022-10-30T20:25:09.000Z,,0.0032,22,JAIR BOLSONARO,PL,45706,,,,,
2022,2,presidente,SP,,2022-10-30T20:25:09.000Z,,0.0032,13,LULA,PT,29851,,,,,
2022,2,presidente,SP,,2022-10-30T20:26:15.000Z,,0.0054,22,JAIR BOLSONARO,PL,75006,,,,,
2022,2,presidente,SP,,2022-10-30T20:26:15.000Z,,0.0054,13,LULA,PT,50217,,,,,
2022,2,presidente,SP,,2022-10-30T20:27:21.000Z,,0.0067,22,JAIR BOLSONARO,PL,92949,,,,,
2022,2,presidente,SP,,2022-10-30T20:27:21.000Z,,0.0067,13,LULA,PT,62954,,,,,
2022,2,presidente,SP,,2022-10-30T20:28:27.000Z,,0.0081,22,JAIR BOLSONARO,PL,113819,,,,,
2022,2,presidente,SP,,2022-10-30T20:28:27.000Z,,0.0081,13,LULA,PT,76091,,,,,
2022,2,presidente,SP,,2022-10-30T20:29:38.000Z,,0.0081,22,JAIR BOLSONARO,PL,113819,,,,,
2022,2,presidente,SP,,2022-10-30T20:29:38.000Z,,0.0081,13,LULA,PT,76091,,,,,
2022,2,presidente,SP,,2022-10-30T20:30:51.000Z,,0.0118,22,JAIR BOLSONARO,PL,169640,,,,,
2022,2,presidente,SP,,2022-10-30T20:30:51.000Z,,0.0118,13,LULA,PT,114039,,,,,
2022,2,presidente,SP,,2022-10-30T20:32:08.000Z,,0.0136,22,JAIR BOLSONARO,PL,194241,,,,,
2022,2,presidente,SP,,2022-10-30T20:32:08.000Z,,0.0136,13,LULA,PT,132400,,,,,
2022,2,presidente,SP,,2022-10-30T20:33:20.000Z,,0.0161,22,JAIR BOLSONARO,PL,229360,,,,,
2022,2,presidente,SP,,2022-10-30T20:33:20.000Z,,0.0161,13,LULA,PT,159405,,,,,
2022,2,presidente,SP,,2022-10-30T20:34:31.000Z,,0.018,22,JAIR BOLSONARO,PL,258605,,,,,
2022,2,presidente,SP,,2022-10-30T20:34:31.000Z,,0.018,13,LULA,PT,178178,,,,,
2022,2,presidente,SP,,2022-10-30T20:35:44.000Z,,0.0204,22,JAIR BOLSONARO,PL,292345,,,,,
2022,2,presidente,SP,,2022-10-30T20:35:44.000Z,,0.0204,13,LULA,PT,202878,,,,,
2022,2,presidente,SP,,2022-10-30T20:36:52.000Z,,0.0253,22,JAIR BOLSONARO,PL,364432,,,,,
2022,2,presidente,SP,,2022-10-30T20:36:52.000Z,,0.0253,13,LULA,PT,256262,,,,,
2022,2,presidente,SP,,2022-10-30T20:37:59.000Z,,0.0284,22,JAIR BOLSONARO,PL,409687,,,,,
2022,2,presidente,SP,,2022-10-30T20:37:59.000Z,,0.0284,13,LULA,PT,289767,,,,,
2022,2,presidente,SP,,2022-10-30T20:39:10.000Z,,0.0284,22,JAIR BOLSONARO,PL,409687,,,,,
2022,2,presidente,SP,,2022-10-30T20:39:10.000Z,,0.0284,13,LULA,PT,289767,,,,,
2022,2,presidente,SP,,2022-10-30T20:40:15.000Z,,0.0362,22,JAIR BOLSONARO,PL,522060,,,,,
2022,2,presidente,SP,,2022-10-30T20:40:15.000Z,,0.0362,13,LULA,PT,372835,,,,,
2022,2,presidente,SP,,2022-10-30T20:41:27.000Z,,0.0401,22,JAIR BOLSONARO,PL,578742,,,,,
2022,2,presidente,SP,,2022-10-30T20:41:27.000Z,,0.0401,13,LULA,PT,411836,,,,,
2022,2,presidente,SP,,2022-10-30T20:42:34.000Z,,0.0435,22,JAIR BOLSONARO,PL,626329,,,,,
2022,2,presidente,SP,,2022-10-30T20:42:34.000Z,,0.0435,13,LULA,PT,447573,,,,,
2022,2,presidente,SP,,2022-10-30T20:43:41.000Z,,0.0486,22,JAIR BOLSONARO,PL,700361,,,,,
2022,2,presidente,SP,,2022-10-30T20:43:41.000Z,,0.0486,13,LULA,PT,499692,,,,,
2022,2,presidente,SP,,2022-10-30T20:44:56.000Z,,0.0538,22,JAIR BOLSONARO,PL,774015,,,,,
2022,2,presidente,SP,,2022-10-30T20:44:56.000Z,,0.0538,13,LULA,PT,554327,,,,,
2022,2,presidente,SP,,2022-10-30T20:46:05.000Z,,0.0574,22,JAIR BOLSONARO,PL,827438,,,,,
2022,2,presidente,SP,,2022-10-30T20:46:05.000Z,,0.0574,13,LULA,PT,589545,,,,,
2022,2,presidente,SP,,2022-10-30T20:47:23.000Z,,0.0626,22,JAIR BOLSONARO,PL,901423,,,,,
2022,2,presidente,SP,,2022-10-30T20:47:23.000Z,,0.0626,13,LULA,PT,641372,,,,,
2022,2,presidente,SP,,2022-10-30T20:48:52.000Z,,0.0714,22,JAIR BOLSONARO,PL,1026008,,,,,
2022,2,presidente,SP,,2022-10-30T20:48:52.000Z,,0.0714,13,LULA,PT,732797,,,,,
2022,2,presidente,SP,,2022-10-30T20:50:07.000Z,,0.0762,22,JAIR BOLSONARO,PL,1091893,,,,,
2022,2,presidente,SP,,2022-10-30T20:50:07.000Z,,0.0762,13,LULA,PT,781928,,,,,
2022,2,presidente,SP,,2022-10-30T20:51:19.000Z,,0.0823,22,JAIR BOLSONARO,PL,1181037,,,,,
2022,2,presidente,SP,,2022-10-30T20:51:19.000Z,,0.0823,13,LULA,PT,845621,,,,,
2022,2,presidente,SP,,2022-10-30T20:52:35.000Z,,0.0889,22,JAIR BOLSONARO,PL,1276185,,,,,
2022,2,presidente,SP,,2022-10-30T20:52:35.000Z,,0.0889,13,LULA,PT,920087,,,,,
2022,2,presidente,SP,,2022-10-30T20:53:52.000Z,,0.0938,22,JAIR BOLSONARO,PL,1343253,,,,,
2022,2,presidente,SP,,2022-10-30T20:53:52.000Z,,0.0938,13,LULA,PT,971314,,,,,
2022,2,presidente,SP,,2022-10-30T20:55:10.000Z,,0.104,22,JAIR BOLSONARO,PL,1487650,,,,,
2022,2,presidente,SP,,2022-10-30T20:55:10.000Z,,0.104,13,LULA,PT,1082793,,,,,
2022,2,presidente,SP,,2022-10-30T20:56:33.000Z,,0.1093,22,JAIR BOLSONARO,PL,1564342,,,,,
2022,2,presidente,SP,,2022-10-30T20:56:33.000Z,,0.1093,13,LULA,PT,1138867,,,,,
2022,2,presidente,SP,,2022-10-30T20:58:01.000Z,,0.1155,22,JAIR BOLSONARO,PL,1656454,,,,,
2022,2,presidente,SP,,2022-10-30T20:58:01.000Z,,0.1155,13,LULA,PT,1200417,,,,,
2022,2,presidente,SP,,2022-10-30T20:59:14.000Z,,0.1228,22,JAIR BOLSONARO,PL,1759285,,,,,
2022,2,presidente,SP,,2022-10-30T20:59:14.000Z,,0.1228,13,LULA,PT,1277091,,,,,
2022,2,presidente,SP,,2022-10-30T21:00:32.000Z,,0.135,22,JAIR BOLSONARO,PL,1938721,,,,,
2022,2,presidente,SP,,2022-10-30T21:00:32.000Z,,0.135,13,LULA,PT,1399951,,,,,
2022,2,presidente,SP,,2022-10-30T21:02:00.000Z,,0.1429,22,JAIR BOLSONARO,PL,2047468,,,,,
2022,2,presidente,SP,,2022-10-30T21:02:00.000Z,,0.1429,13,LULA,PT,1479907,,,,,
2022,2,presidente,SP,,2022-10-30T21:03:23.000Z,,0.1495,22,JAIR BOLSONARO,PL,2141922,,,,,
2022,2,presidente,SP,,2022-10-30T21:03:23.000Z,,0.1495,13,LULA,PT,1548141,,,,,
2022,2,presidente,SP,,2022-10-30T21:04:33.000Z,,0.1618,22,JAIR BOLSONARO,PL,2315439,,,,,
2022,2,presidente,SP,,2022-10-30T21:04:33.000Z,,0.1618,13,LULA,PT,1678429,,,,,
2022,2,presidente,SP,,2022-10-30T21:05:43.000Z,,0.1679,22,JAIR BOLSONARO,PL,2403423,,,,,
2022,2,presidente,SP,,2022-10-30T21:05:43.000Z,,0.1679,13,LULA,PT,1744653,,,,,
2022,2,presidente,SP,,2022-10-30T21:07:03.000Z,,0.1746,22,JAIR BOLSONARO,PL,2501279,,,,,
2022,2,presidente,SP,,2022-10-30T21:07:03.000Z,,0.1746,13,LULA,PT,1818548,,,,,
2022,2,presidente,SP,,2022-10-30T21:08:20.000Z,,0.1822,22,JAIR BOLSONARO,PL,2608608,,,,,
2022,2,presidente,SP,,2022-10-30T21:08:20.000Z,,0.1822,13,LULA,PT,1900987,,,,,
2022,2,presidente,SP,,2022-10-30T21:09:38.000Z,,0.1885,22,JAIR BOLSONARO,PL,2700452,,,,,
2022,2,presidente,SP,,2022-10-30T21:09:38.000Z,,0.1885,13,LULA,PT,1967887,,,,,
2022,2,presidente,SP,,2022-10-30T21:10:58.000Z,,0.205,22,JAIR BOLSONARO,PL,2933943,,,,,
2022,2,presidente,SP,,2022-10-30T21:10:58.000Z,,0.205,13,LULA,PT,2143159,,,,,
2022,2,presidente,SP,,2022-10-30T21:12:22.000Z,,0.205,22,JAIR BOLSONARO,PL,2933943,,,,,
2022,2,presidente,SP,,2022-10-30T21:12:22.000Z,,0.205,13,LULA,PT,2143159,,,,,
2022,2,presidente,SP,,2022-10-30T21:13:34.000Z,,0.2246,22,JAIR BOLSONARO,PL,3216689,,,,,
2022,2,presidente,SP,,2022-10-30T21:13:34.000Z,,0.2246,13,LULA,PT,2360235,,,,,
2022,2,presidente,SP,,2022-10-30T21:14:52.000Z,,0.2329,22,JAIR BOLSONARO,PL,3339039,,,,,
2022,2,presidente,SP,,2022-10-30T21:14:52.000Z,,0.2329,13,LULA,PT,2453966,,,,,
2022,2,presidente,SP,,2022-10-30T21:16:15.000Z,,0.2419,22,JAIR BOLSONARO,PL,3467412,,,,,
2022,2,presidente,SP,,2022-10-30T21:16:15.000Z,,0.2419,13,LULA,PT,2557780,,,,,
2022,2,presidente,SP,,2022-10-30T21:17:30.000Z,,0.2598,22,JAIR BOLSONARO,PL,3728049,,,,,
2022,2,presidente,SP,,2022-10-30T21:17:30.000Z,,0.2598,13,LULA,PT,2754407,,,,,
2022,2,presidente,SP,,2022-10-30T21:19:04.000Z,,0.2706,22,JAIR BOLSONARO,PL,3879211,,,,,
2022,2,presidente,SP,,2022-10-30T21:19:04.000Z,,0.2706,13,LULA,PT,2871188,,,,,
2022,2,presidente,SP,,2022-10-30T21:20:26.000Z,,0.2776,22,JAIR BOLSONARO,PL,3977822,,,,,
2022,2,presidente,SP,,2022-10-30T21:20:26.000Z,,0.2776,13,LULA,PT,2950358,,,,,
2022,2,presidente,SP,,2022-10-30T21:21:46.000Z,,0.2871,22,JAIR BOLSONARO,PL,4112889,,,,,
2022,2,presidente,SP,,2022-10-30T21:21:46.000Z,,0.2871,13,LULA,PT,3060772,,,,,
2022,2,presidente,SP,,2022-10-30T21:23:14.000Z,,0.3091,22,JAIR BOLSONARO,PL,4426331,,,,,
2022,2,presidente,SP,,2022-10-30T21:23:14.000Z,,0.3091,13,LULA,PT,3311734,,,,,
2022,2,presidente,SP,,2022-10-30T21:24:39.000Z,,0.3234,22,JAIR BOLSONARO,PL,4626283,,,,,
2022,2,presidente,SP,,2022-10-30T21:24:39.000Z,,0.3234,13,LULA,PT,3474652,,,,,
2022,2,presidente,SP,,2022-10-30T21:26:05.000Z,,0.3362,22,JAIR BOLSONARO,PL,4805031,,,,,
2022,2,presidente,SP,,2022-10-30T21:26:05.000Z,,0.3362,13,LULA,PT,3621868,,,,,
2022,2,presidente,SP,,2022-10-30T21:27:32.000Z,,0.3653,22,JAIR BOLSONARO,PL,5215737,,,,,
2022,2,presidente,SP,,2022-10-30T21:27:32.000Z,,0.3653,13,LULA,PT,3956700,,,,,
2022,2,presidente,SP,,2022-10-30T21:28:55.000Z,,0.3769,22,JAIR BOLSONARO,PL,5378820,,,,,
2022,2,presidente,SP,,2022-10-30T21:28:55.000Z,,0.3769,13,LULA,PT,4094042,,,,,
2022,2,presidente,SP,,2022-10-30T21:30:19.000Z,,0.3899,22,JAIR BOLSONARO,PL,5562308,,,,,
2022,2,presidente,SP,,2022-10-30T21:30:19.000Z,,0.3899,13,LULA,PT,4245208,,,,,
2022,2,presidente,SP,,2022-10-30T21:31:45.000Z,,0.4052,22,JAIR BOLSONARO,PL,5780375,,,,,
2022,2,presidente,SP,,2022-10-30T21:31:45.000Z,,0.4052,13,LULA,PT,4422733,,,,,
2022,2,presidente,SP,,2022-10-30T21:33:11.000Z,,0.4314,22,JAIR BOLSONARO,PL,6156351,,,,,
2022,2,presidente,SP,,2022-10-30T21:33:11.000Z,,0.4314,13,LULA,PT,4717036,,,,,
2022,2,presidente,SP,,2022-10-30T21:34:32.000Z,,0.4427,22,JAIR BOLSONARO,PL,6317920,,,,,
2022,2,presidente,SP,,2022-10-30T21:34:32.000Z,,0.4427,13,LULA,PT,4848319,,,,,
2022,2,presidente,SP,,2022-10-30T21:35:50.000Z,,0.4586,22,JAIR BOLSONARO,PL,6539049,,,,,
2022,2,presidente,SP,,2022-10-30T21:35:50.000Z,,0.4586,13,LULA,PT,5040314,,,,,
2022,2,presidente,SP,,2022-10-30T21:37:16.000Z,,0.4732,22,JAIR BOLSONARO,PL,6752061,,,,,
2022,2,presidente,SP,,2022-10-30T21:37:16.000Z,,0.4732,13,LULA,PT,5206932,,,,,
2022,2,presidente,SP,,2022-10-30T21:38:49.000Z,,0.5038,22,JAIR BOLSONARO,PL,7192407,,,,,
2022,2,presidente,SP,,2022-10-30T21:38:49.000Z,,0.5038,13,LULA,PT,5564288,,,,,
2022,2,presidente,SP,,2022-10-30T21:40:14.000Z,,0.52,22,JAIR BOLSONARO,PL,7421495,,,,,
2022,2,presidente,SP,,2022-10-30T21:40:14.000Z,,0.52,13,LULA,PT,5751999,,,,,
2022,2,presidente,SP,,2022-10-30T21:41:45.000Z,,0.5368,22,JAIR BOLSONARO,PL,7658334,,,,,
2022,2,presidente,SP,,2022-10-30T21:41:45.000Z,,0.5368,13,LULA,PT,5946227,,,,,
2022,2,presidente,SP,,2022-10-30T21:43:08.000Z,,0.5515,22,JAIR BOLSONARO,PL,7864234,,,,,
2022,2,presidente,SP,,2022-10-30T21:43:08.000Z,,0.5515,13,LULA,PT,6113795,,,,,
2022,2,presidente,SP,,2022-10-30T21:44:25.000Z,,0.581,22,JAIR BOLSONARO,PL,8280412,,,,,
2022,2,presidente,SP,,2022-10-30T21:44:25.000Z,,0.581,13,LULA,PT,6444744,,,,,
2022,2,presidente,SP,,2022-10-30T21:45:48.000Z,,0.5918,22,JAIR BOLSONARO,PL,8437206,,,,,
2022,2,presidente,SP,,2022-10-30T21:45:48.000Z,,0.5918,13,LULA,PT,6571099,,,,,
2022,2,presidente,SP,,2022-10-30T21:47:04.000Z,,0.6077,22,JAIR BOLSONARO,PL,8666042,,,,,
2022,2,presidente,SP,,2022-10-30T21:47:04.000Z,,0.6077,13,LULA,PT,6757958,,,,,
2022,2,presidente,SP,,2022-10-30T21:48:29.000Z,,0.6218,22,JAIR BOLSONARO,PL,8866776,,,,,
2022,2,presidente,SP,,2022-10-30T21:48:29.000Z,,0.6218,13,LULA,PT,6923447,,,,,
2022,2,presidente,SP,,2022-10-30T21:50:07.000Z,,0.6531,22,JAIR BOLSONARO,PL,9309331,,,,,
2022,2,presidente,SP,,2022-10-30T21:50:07.000Z,,0.6531,13,LULA,PT,7300041,,,,,
2022,2,presidente,SP,,2022-10-30T21:51:43.000Z,,0.6628,22,JAIR BOLSONARO,PL,9447186,,,,,
2022,2,presidente,SP,,2022-10-30T21:51:43.000Z,,0.6628,13,LULA,PT,7416076,,,,,
2022,2,presidente,SP,,2022-10-30T21:53:18.000Z,,0.673,22,JAIR BOLSONARO,PL,9586812,,,,,
2022,2,presidente,SP,,2022-10-30T21:53:18.000Z,,0.673,13,LULA,PT,7538888,,,,,
2022,2,presidente,SP,,2022-10-30T21:54:43.000Z,,0.7027,22,JAIR BOLSONARO,PL,10004724,,,,,
2022,2,presidente,SP,,2022-10-30T21:54:43.000Z,,0.7027,13,LULA,PT,7893384,,,,,
2022,2,presidente,SP,,2022-10-30T21:56:16.000Z,,0.7183,22,JAIR BOLSONARO,PL,10228229,,,,,
2022,2,presidente,SP,,2022-10-30T21:56:16.000Z,,0.7183,13,LULA,PT,8076918,,,,,
2022,2,presidente,SP,,2022-10-30T21:57:51.000Z,,0.7466,22,JAIR BOLSONARO,PL,10622400,,,,,
2022,2,presidente,SP,,2022-10-30T21:57:51.000Z,,0.7466,13,LULA,PT,8419987,,,,,
2022,2,presidente,SP,,2022-10-30T21:59:18.000Z,,0.7606,22,JAIR BOLSONARO,PL,10816547,,,,,
2022,2,presidente,SP,,2022-10-30T21:59:18.000Z,,0.7606,13,LULA,PT,8593444,,,,,
2022,2,presidente,SP,,2022-10-30T22:00:54.000Z,,0.7901,22,JAIR BOLSONARO,PL,11233658,,,,,
2022,2,presidente,SP,,2022-10-30T22:00:54.000Z,,0.7901,13,LULA,PT,8951749,,,,,
2022,2,presidente,SP,,2022-10-30T22:02:19.000Z,,0.7984,22,JAIR BOLSONARO,PL,11348614,,,,,
2022,2,presidente,SP,,2022-10-30T22:02:19.000Z,,0.7984,13,LULA,PT,9052191,,,,,
2022,2,presidente,SP,,2022-10-30T22:03:44.000Z,,0.8113,22,JAIR BOLSONARO,PL,11530228,,,,,
2022,2,presidente,SP,,2022-10-30T22:03:44.000Z,,0.8113,13,LULA,PT,9210111,,,,,
2022,2,presidente,SP,,2022-10-30T22:05:07.000Z,,0.8203,22,JAIR BOLSONARO,PL,11656948,,,,,
2022,2,presidente,SP,,2022-10-30T22:05:07.000Z,,0.8203,13,LULA,PT,9323257,,,,,
2022,2,presidente,SP,,2022-10-30T22:06:30.000Z,,0.8311,22,JAIR BOLSONARO,PL,11806470,,,,,
2022,2,presidente,SP,,2022-10-30T22:06:30.000Z,,0.8311,13,LULA,PT,9457151,,,,,
2022,2,presidente,SP,,2022-10-30T22:07:59.000Z,,0.8526,22,JAIR BOLSONARO,PL,12108249,,,,,
2022,2,presidente,SP,,2022-10-30T22:07:59.000Z,,0.8526,13,LULA,PT,9721308,,,,,
2022,2,presidente,SP,,2022-10-30T22:09:23.000Z,,0.858,22,JAIR BOLSONARO,PL,12186532,,,,,
2022,2,presidente,SP,,2022-10-30T22:09:23.000Z,,0.858,13,LULA,PT,9785154,,,,,
2022,2,presidente,SP,,2022-10-30T22:10:59.000Z,,0.866,22,JAIR BOLSONARO,PL,12302251,,,,,
2022,2,presidente,SP,,2022-10-30T22:10:59.000Z,,0.866,13,LULA,PT,9880213,,,,,
2022,2,presidente,SP,,2022-10-30T22:12:41.000Z,,0.879,22,JAIR BOLSONARO,PL,12484732,,,,,
2022,2,presidente,SP,,2022-10-30T22:12:41.000Z,,0.879,13,LULA,PT,10039637,,,,,
2022,2,presidente,SP,,2022-10-30T22:14:25.000Z,,0.8911,22,JAIR BOLSONARO,PL,12654487,,,,,
2022,2,presidente,SP,,2022-10-30T22:14:25.000Z,,0.8911,13,LULA,PT,10186915,,,,,
2022,2,presidente,SP,,2022-10-30T22:16:03.000Z,,0.8987,22,JAIR BOLSONARO,PL,12761538,,,,,
2022,2,presidente,SP,,2022-10-30T22:16:03.000Z,,0.8987,13,LULA,PT,10279570,,,,,
2022,2,presidente,SP,,2022-10-30T22:17:46.000Z,,0.909,22,JAIR BOLSONARO,PL,12911086,,,,,
2022,2,presidente,SP,,2022-10-30T22:17:46.000Z,,0.909,13,LULA,PT,10406964,,,,,
2022,2,presidente,SP,,2022-10-30T22:19:29.000Z,,0.9143,22,JAIR BOLSONARO,PL,12986181,,,,,
2022,2,presidente,SP,,2022-10-30T22:19:29.000Z,,0.9143,13,LULA,PT,10471400,,,,,
2022,2,presidente,SP,,2022-10-30T22:21:03.000Z,,0.9163,22,JAIR BOLSONARO,PL,13015362,,,,,
2022,2,presidente,SP,,2022-10-30T22:21:03.000Z,,0.9163,13,LULA,PT,10498373,,,,,
2022,2,presidente,SP,,2022-10-30T22:22:35.000Z,,0.9289,22,JAIR BOLSONARO,PL,13194293,,,,,
2022,2,presidente,SP,,2022-10-30T22:22:35.000Z,,0.9289,13,LULA,PT,10655061,,,,,
2022,2,presidente,SP,,2022-10-30T22:24:13.000Z,,0.9359,22,JAIR BOLSONARO,PL,13296595,,,,,
2022,2,presidente,SP,,2022-10-30T22:24:13.000Z,,0.9359,13,LULA,PT,10740334,,,,,
2022,2,presidente,SP,,2022-10-30T22:25:58.000Z,,0.9386,22,JAIR BOLSONARO,PL,13335670,,,,,
2022,2,presidente,SP,,2022-10-30T22:25:58.000Z,,0.9386,13,LULA,PT,10770315,,,,,
2022,2,presidente,SP,,2022-10-30T22:27:45.000Z,,0.9582,22,JAIR BOLSONARO,PL,13612223,,,,,
2022,2,presidente,SP,,2022-10-30T22:27:45.000Z,,0.9582,13,LULA,PT,11016955,,,,,
2022,2,presidente,SP,,2022-10-30T22:29:35.000Z,,0.9619,22,JAIR BOLSONARO,PL,13666001,,,,,
2022,2,presidente,SP,,2022-10-30T22:29:35.000Z,,0.9619,13,LULA,PT,11063765,,,,,
2022,2,presidente,SP,,2022-10-30T22:31:14.000Z,,0.9629,22,JAIR BOLSONARO,PL,13681874,,,,,
2022,2,presidente,SP,,2022-10-30T22:31:14.000Z,,0.9629,13,LULA,PT,11075582,,,,,
2022,2,presidente,SP,,2022-10-30T22:32:48.000Z,,0.9655,22,JAIR BOLSONARO,PL,13719890,,,,,
2022,2,presidente,SP,,2022-10-30T22:32:48.000Z,,0.9655,13,LULA,PT,11105088,,,,,
2022,2,presidente,SP,,2022-10-30T22:34:34.000Z,,0.9667,22,JAIR BOLSONARO,PL,13736197,,,,,
2022,2,presidente,SP,,2022-10-30T22:34:34.000Z,,0.9667,13,LULA,PT,11118002,,,,,
2022,2,presidente,SP,,2022-10-30T22:36:28.000Z,,0.9682,22,JAIR BOLSONARO,PL,13759291,,,,,
2022,2,presidente,SP,,2022-10-30T22:36:28.000Z,,0.9682,13,LULA,PT,11133196,,,,,
2022,2,presidente,SP,,2022-10-30T22:38:28.000Z,,0.9705,22,JAIR BOLSONARO,PL,13795908,,,,,
2022,2,presidente,SP,,2022-10-30T22:38:28.000Z,,0.9705,13,LULA,PT,11160699,,,,,
2022,2,presidente,SP,,2022-10-30T22:40:00.000Z,,0.9737,22,JAIR BOLSONARO,PL,13842170,,,,,
2022,2,presidente,SP,,2022-10-30T22:40:00.000Z,,0.9737,13,LULA,PT,11193547,,,,,
2022,2,presidente,SP,,2022-10-30T22:41:51.000Z,,0.9754,22,JAIR BOLSONARO,PL,13867995,,,,,
2022,2,presidente,SP,,2022-10-30T22:41:51.000Z,,0.9754,13,LULA,PT,11215406,,,,,
2022,2,presidente,SP,,2022-10-30T22:43:20.000Z,,0.9761,22,JAIR BOLSONARO,PL,13878624,,,,,
2022,2,presidente,SP,,2022-10-30T22:43:20.000Z,,0.9761,13,LULA,PT,11222452,,,,,
2022,2,presidente,SP,,2022-10-30T22:45:01.000Z,,0.9773,22,JAIR BOLSONARO,PL,13896233,,,,,
2022,2,presidente,SP,,2022-10-30T22:45:01.000Z,,0.9773,13,LULA,PT,11236267,,,,,
2022,2,presidente,SP,,2022-10-30T22:46:53.000Z,,0.9791,22,JAIR BOLSONARO,PL,13920944,,,,,
2022,2,presidente,SP,,2022-10-30T22:46:53.000Z,,0.9791,13,LULA,PT,11259944,,,,,
2022,2,presidente,SP,,2022-10-30T22:48:34.000Z,,0.9795,22,JAIR BOLSONARO,PL,13926608,,,,,
2022,2,presidente,SP,,2022-10-30T22:48:34.000Z,,0.9795,13,LULA,PT,11264629,,,,,
2022,2,presidente,SP,,2022-10-30T22:50:25.000Z,,0.9817,22,JAIR BOLSONARO,PL,13958810,,,,,
2022,2,presidente,SP,,2022-10-30T22:50:25.000Z,,0.9817,13,LULA,PT,11290484,,,,,
2022,2,presidente,SP,,2022-10-30T22:52:08.000Z,,0.9825,22,JAIR BOLSONARO,PL,13970493,,,,,
2022,2,presidente,SP,,2022-10-30T22:52:08.000Z,,0.9825,13,LULA,PT,11301363,,,,,
2022,2,presidente,SP,,2022-10-30T22:53:42.000Z,,0.984,22,JAIR BOLSONARO,PL,13990746,,,,,
2022,2,presidente,SP,,2022-10-30T22:53:42.000Z,,0.984,13,LULA,PT,11319859,,,,,
2022,2,presidente,SP,,2022-10-30T22:55:07.000Z,,0.9844,22,JAIR BOLSONARO,PL,13995973,,,,,
2022,2,presidente,SP,,2022-10-30T22:55:07.000Z,,0.9844,13,LULA,PT,11324708,,,,,
2022,2,presidente,SP,,2022-10-30T22:57:00.000Z,,0.9848,22,JAIR BOLSONARO,PL,14001639,,,,,
2022,2,presidente,SP,,2022-10-30T22:57:00.000Z,,0.9848,13,LULA,PT,11328718,,,,,
2022,2,presidente,SP,,2022-10-30T22:58:43.000Z,,0.9858,22,JAIR BOLSONARO,PL,14015613,,,,,
2022,2,presidente,SP,,2022-10-30T22:58:43.000Z,,0.9858,13,LULA,PT,11341493,,,,,
2022,2,presidente,SP,,2022-10-30T23:00:54.000Z,,0.9865,22,JAIR BOLSONARO,PL,14027342,,,,,
2022,2,presidente,SP,,2022-10-30T23:00:54.000Z,,0.9865,13,LULA,PT,11350968,,,,,
2022,2,presidente,SP,,2022-10-30T23:03:03.000Z,,0.9879,22,JAIR BOLSONARO,PL,14046736,,,,,
2022,2,presidente,SP,,2022-10-30T23:03:03.000Z,,0.9879,13,LULA,PT,11366672,,,,,
2022,2,presidente,SP,,2022-10-30T23:04:55.000Z,,0.9905,22,JAIR BOLSONARO,PL,14081142,,,,,
2022,2,presidente,SP,,2022-10-30T23:04:55.000Z,,0.9905,13,LULA,PT,11400969,,,,,
2022,2,presidente,SP,,2022-10-30T23:07:00.000Z,,0.9906,22,JAIR BOLSONARO,PL,14081814,,,,,
2022,2,presidente,SP,,2022-10-30T23:07:00.000Z,,0.9906,13,LULA,PT,11401579,,,,,
2022,2,presidente,SP,,2022-10-30T23:08:46.000Z,,0.9908,22,JAIR BOLSONARO,PL,14084773,,,,,
2022,2,presidente,SP,,2022-10-30T23:08:46.000Z,,0.9908,13,LULA,PT,11403365,,,,,
2022,2,presidente,SP,,2022-10-30T23:10:18.000Z,,0.991,22,JAIR BOLSONARO,PL,14088579,,,,,
2022,2,presidente,SP,,2022-10-30T23:10:18.000Z,,0.991,13,LULA,PT,11406213,,,,,
2022,2,presidente,SP,,2022-10-30T23:12:10.000Z,,0.9912,22,JAIR BOLSONARO,PL,14091388,,,,,
2022,2,presidente,SP,,2022-10-30T23:12:10.000Z,,0.9912,13,LULA,PT,11408200,,,,,
2022,2,presidente,SP,,2022-10-30T23:14:17.000Z,,0.9914,22,JAIR BOLSONARO,PL,14094588,,,,,
2022,2,presidente,SP,,2022-10-30T23:14:17.000Z,,0.9914,13,LULA,PT,11409833,,,,,
2022,2,presidente,SP,,2022-10-30T23:16:24.000Z,,0.9917,22,JAIR BOLSONARO,PL,14099514,,,,,
2022,2,presidente,SP,,2022-10-30T23:16:24.000Z,,0.9917,13,LULA,PT,11413555,,,,,
2022,2,presidente,SP,,2022-10-30T23:19:06.000Z,,0.9928,22,JAIR BOLSONARO,PL,14117280,,,,,
2022,2,presidente,SP,,2022-10-30T23:19:06.000Z,,0.9928,13,LULA,PT,11425979,,,,,
2022,2,presidente,SP,,2022-10-30T23:20:50.000Z,,0.993,22,JAIR BOLSONARO,PL,14119852,,,,,
2022,2,presidente,SP,,2022-10-30T23:20:50.000Z,,0.993,13,LULA,PT,11427491,,,,,
2022,2,presidente,SP,,2022-10-30T23:22:15.000Z,,0.9935,22,JAIR BOLSONARO,PL,14126939,,,,,
2022,2,presidente,SP,,2022-10-30T23:22:15.000Z,,0.9935,13,LULA,PT,11433041,,,,,
2022,2,presidente,SP,,2022-10-30T23:23:48.000Z,,0.9935,22,JAIR BOLSONARO,PL,14127316,,,,,
2022,2,presidente,SP,,2022-10-30T23:23:48.000Z,,0.9935,13,LULA,PT,11433455,,,,,
2022,2,presidente,SP,,2022-10-30T23:25:10.000Z,,0.9936,22,JAIR BOLSONARO,PL,14128022,,,,,
2022,2,presidente,SP,,2022-10-30T23:25:10.000Z,,0.9936,13,LULA,PT,11434114,,,,,
2022,2,presidente,SP,,2022-10-30T23:26:55.000Z,,0.9942,22,JAIR BOLSONARO,PL,14137461,,,,,
2022,2,presidente,SP,,2022-10-30T23:26:55.000Z,,0.9942,13,LULA,PT,11441335,,,,,
2022,2,presidente,SP,,2022-10-30T23:28:24.000Z,,0.9942,22,JAIR BOLSONARO,PL,14137987,,,,,
2022,2,presidente,SP,,2022-10-30T23:28:24.000Z,,0.9942,13,LULA,PT,11441818,,,,,
2022,2,presidente,SP,,2022-10-30T23:30:25.000Z,,0.9946,22,JAIR BOLSONARO,PL,14143290,,,,,
2022,2,presidente,SP,,2022-10-30T23:30:25.000Z,,0.9946,13,LULA,PT,11445931,,,,,
2022,2,presidente,SP,,2022-10-30T23:32:07.000Z,,0.9951,22,JAIR BOLSONARO,PL,14148778,,,,,
2022,2,presidente,SP,,2022-10-30T23:32:07.000Z,,0.9951,13,LULA,PT,11451168,,,,,
2022,2,presidente,SP,,2022-10-30T23:34:01.000Z,,0.9951,22,JAIR BOLSONARO,PL,14149486,,,,,
2022,2,presidente,SP,,2022-10-30T23:34:01.000Z,,0.9951,13,LULA,PT,11451753,,,,,
2022,2,presidente,SP,,2022-10-30T23:35:38.000Z,,0.9954,22,JAIR BOLSONARO,PL,14153693,,,,,
2022,2,presidente,SP,,2022-10-30T23:35:38.000Z,,0.9954,13,LULA,PT,11454253,,,,,
2022,2,presidente,SP,,2022-10-30T23:37:10.000Z,,0.9955,22,JAIR BOLSONARO,PL,14154619,,,,,
2022,2,presidente,SP,,2022-10-30T23:37:10.000Z,,0.9955,13,LULA,PT,11455186,,,,,
2022,2,presidente,SP,,2022-10-30T23:39:14.000Z,,0.9957,22,JAIR BOLSONARO,PL,14157674,,,,,
2022,2,presidente,SP,,2022-10-30T23:39:14.000Z,,0.9957,13,LULA,PT,11457624,,,,,
2022,2,presidente,SP,,2022-10-30T23:41:36.000Z,,0.996,22,JAIR BOLSONARO,PL,14161321,,,,,
2022,2,presidente,SP,,2022-10-30T23:41:36.000Z,,0.996,13,LULA,PT,11461029,,,,,
2022,2,presidente,SP,,2022-10-30T23:43:09.000Z,,0.9961,22,JAIR BOLSONARO,PL,14163326,,,,,
2022,2,presidente,SP,,2022-10-30T23:43:09.000Z,,0.9961,13,LULA,PT,11462905,,,,,
2022,2,presidente,SP,,2022-10-30T23:45:28.000Z,,0.9966,22,JAIR BOLSONARO,PL,14169016,,,,,
2022,2,presidente,SP,,2022-10-30T23:45:28.000Z,,0.9966,13,LULA,PT,11469056,,,,,
2022,2,presidente,SP,,2022-10-30T23:47:13.000Z,,0.9969,22,JAIR BOLSONARO,PL,14173450,,,,,
2022,2,presidente,SP,,2022-10-30T23:47:13.000Z,,0.9969,13,LULA,PT,11474369,,,,,
2022,2,presidente,SP,,2022-10-30T23:48:53.000Z,,0.9972,22,JAIR BOLSONARO,PL,14177390,,,,,
2022,2,presidente,SP,,2022-10-30T23:48:53.000Z,,0.9972,13,LULA,PT,11480791,,,,,
2022,2,presidente,SP,,2022-10-30T23:50:50.000Z,,0.9975,22,JAIR BOLSONARO,PL,14179672,,,,,
2022,2,presidente,SP,,2022-10-30T23:50:50.000Z,,0.9975,13,LULA,PT,11484702,,,,,
2022,2,presidente,SP,,2022-10-30T23:52:26.000Z,,0.998,22,JAIR BOLSONARO,PL,14185597,,,,,
2022,2,presidente,SP,,2022-10-30T23:52:26.000Z,,0.998,13,LULA,PT,11495375,,,,,
2022,2,presidente,SP,,2022-10-30T23:54:36.000Z,,0.9983,22,JAIR BOLSONARO,PL,14188263,,,,,
2022,2,presidente,SP,,2022-10-30T23:54:36.000Z,,0.9983,13,LULA,PT,11500758,,,,,
2022,2,presidente,SP,,2022-10-30T23:56:23.000Z,,0.9984,22,JAIR BOLSONARO,PL,14189030,,,,,
2022,2,presidente,SP,,2022-10-30T23:56:23.000Z,,0.9984,13,LULA,PT,11501310,,,,,
2022,2,presidente,SP,,2022-10-30T23:58:52.000Z,,0.9984,22,JAIR BOLSONARO,PL,14189666,,,,,
2022,2,presidente,SP,,2022-10-30T23:58:52.000Z,,0.9984,13,LULA,PT,11501810,,,,,
2022,2,presidente,SP,,2022-10-31T00:00:24.000Z,,0.9985,22,JAIR BOLSONARO,PL,14190270,,,,,
2022,2,presidente,SP,,2022-10-31T00:00:24.000Z,,0.9985,13,LULA,PT,11502274,,,,,
2022,2,presidente,SP,,2022-10-31T00:01:54.000Z,,0.9985,22,JAIR BOLSONARO,PL,14190712,,,,,
2022,2,presidente,SP,,2022-10-31T00:01:54.000Z,,0.9985,13,LULA,PT,11502647,,,,,
2022,2,presidente,SP,,2022-10-31T00:04:04.000Z,,0.9986,22,JAIR BOLSONARO,PL,14191728,,,,,
2022,2,presidente,SP,,2022-10-31T00:04:04.000Z,,0.9986,13,LULA,PT,11503510,,,,,
2022,2,presidente,SP,,2022-10-31T00:06:45.000Z,,0.9992,22,JAIR BOLSONARO,PL,14202735,,,,,
2022,2,presidente,SP,,2022-10-31T00:06:45.000Z,,0.9992,13,LULA,PT,11510746,,,,,
2022,2,presidente,SP,,2022-10-31T00:08:41.000Z,,0.9998,22,JAIR BOLSONARO,PL,14212879,,,,,
2022,2,presidente,SP,,2022-10-31T00:08:41.000Z,,0.9998,13,LULA,PT,11516793,,,,,
2022,2,presidente,SP,,2022-10-31T00:11:11.000Z,,0.9998,22,JAIR BOLSONARO,PL,14213302,,,,,
2022,2,presidente,SP,,2022-10-31T00:11:11.000Z,,0.9998,13,LULA,PT,11517239,,,,,
2022,2,presidente,SP,,2022-10-31T00:13:16.000Z,,0.9998,22,JAIR BOLSONARO,PL,14213711,,,,,
2022,2,presidente,SP,,2022-10-31T00:13:16.000Z,,0.9998,13,LULA,PT,11517618,,,,,
2022,2,presidente,SP,,2022-10-31T00:15:05.000Z,,0.9999,22,JAIR BOLSONARO,PL,14214745,,,,,
2022,2,presidente,SP,,2022-10-31T00:15:05.000Z,,0.9999,13,LULA,PT,11518430,,,,,
2022,2,presidente,SP,,2022-10-31T00:16:55.000Z,,0.9999,22,JAIR BOLSONARO,PL,14215597,,,,,
2022,2,presidente,SP,,2022-10-31T00:16:55.000Z,,0.9999,13,LULA,PT,11519116,,,,,
2022,2,presidente,SP,,2022-10-31T00:19:34.000Z,,1,22,JAIR BOLSONARO,PL,14215931,,,,,
2022,2,presidente,SP,,2022-10-31T00:19:34.000Z,,1,13,LULA,PT,11519348,,,,,
2022,2,presidente,SP,,2022-10-31T00:21:21.000Z,,1,22,JAIR BOLSONARO,PL,14216109,,,,,
2022,2,presidente,SP,,2022-10-31T00:21:21.000Z,,1,13,LULA,PT,11519458,,,,,
2022,2,presidente,SP,,2022-10-31T00:24:00.000Z,,1,22,JAIR BOLSONARO,PL,14216109,,,,,
2022,2,presidente,SP,,2022-10-31T00:24:00.000Z,,1,13,LULA,PT,11519458,,,,,
2022,2,presidente,SP,,2022-10-31T00:26:10.000Z,,1,22,JAIR BOLSONARO,PL,14216109,,,,,
2022,2,presidente,SP,,2022-10-31T00:26:10.000Z,,1,13,LULA,PT,11519458,,,,,
2022,2,presidente,SP,,2022-10-31T00:27:51.000Z,,1,22,JAIR BOLSONARO,PL,14216109,,,,,
2022,2,presidente,SP,,2022-10-31T00:27:51.000Z,,1,13,LULA,PT,11519458,,,,,
2022,2,presidente,SP,,2022-10-31T00:30:04.000Z,,1,22,JAIR BOLSONARO,PL,14216109,,,,,
2022,2,presidente,SP,,2022-10-31T00:30:04.000Z,,1,13,LULA,PT,11519458,,,,,
2022,2,presidente,SP,,2022-10-31T00:32:08.000Z,,1,22,JAIR BOLSONARO,PL,14216109,,,,,
2022,2,presidente,SP,,2022-10-31T00:32:08.000Z,,1,13,LULA,PT,11519458,,,,,
2022,2,presidente,SP,,2022-10-31T00:34:28.000Z,,1,22,JAIR BOLSONARO,PL,14216109,,,,,
2022,2,presidente,SP,,2022-10-31T00:34:28.000Z,,1,13,LULA,PT,11519458,,,,,
2022,2,presidente,SP,,2022-10-31T00:36:29.000Z,,1,22,JAIR BOLSONARO,PL,14216271,,,,,
2022,2,presidente,SP,,2022-10-31T00:36:29.000Z,,1,13,LULA,PT,11519596,,,,,
2022,2,presidente,SP,,2022-10-31T00:38:33.000Z,,1,22,JAIR BOLSONARO,PL,14216271,,,,,
2022,2,presidente,SP,,2022-10-31T00:38:33.000Z,,1,13,LULA,PT,11519596,,,,,
2022,2,presidente,SP,,2022-10-31T00:40:50.000Z,,1,22,JAIR BOLSONARO,PL,14216587,,,,,
2022,2,presidente,SP,,2022-10-31T00:40:50.000Z,,1,13,LULA,PT,11519882,,,,,
2022,2,presidente,TO,,2022-10-30T20:06:14.000Z,,0.0005,22,JAIR BOLSONARO,PL,257,,,,,
2022,2,presidente,TO,,2022-10-30T20:06:14.000Z,,0.0005,13,LULA,PT,184,,,,,
2022,2,presidente,TO,,2022-10-30T20:07:24.000Z,,0.0005,22,JAIR BOLSONARO,PL,257,,,,,
2022,2,presidente,TO,,2022-10-30T20:07:24.000Z,,0.0005,13,LULA,PT,184,,,,,
2022,2,presidente,TO,,2022-10-30T20:08:29.000Z,,0.0028,22,JAIR BOLSONARO,PL,1119,,,,,
2022,2,presidente,TO,,2022-10-30T20:08:29.000Z,,0.0028,13,LULA,PT,1059,,,,,
2022,2,presidente,TO,,2022-10-30T20:09:41.000Z,,0.0058,22,JAIR BOLSONARO,PL,2488,,,,,
2022,2,presidente,TO,,2022-10-30T20:09:41.000Z,,0.0058,13,LULA,PT,2338,,,,,
2022,2,presidente,TO,,2022-10-30T20:10:53.000Z,,0.019,22,JAIR BOLSONARO,PL,7644,,,,,
2022,2,presidente,TO,,2022-10-30T20:10:53.000Z,,0.019,13,LULA,PT,7979,,,,,
2022,2,presidente,TO,,2022-10-30T20:12:03.000Z,,0.0235,22,JAIR BOLSONARO,PL,8942,,,,,
2022,2,presidente,TO,,2022-10-30T20:12:03.000Z,,0.0235,13,LULA,PT,10231,,,,,
2022,2,presidente,TO,,2022-10-30T20:13:10.000Z,,0.0288,22,JAIR BOLSONARO,PL,11003,,,,,
2022,2,presidente,TO,,2022-10-30T20:13:10.000Z,,0.0288,13,LULA,PT,12663,,,,,
2022,2,presidente,TO,,2022-10-30T20:14:22.000Z,,0.0425,22,JAIR BOLSONARO,PL,15918,,,,,
2022,2,presidente,TO,,2022-10-30T20:14:22.000Z,,0.0425,13,LULA,PT,18914,,,,,
2022,2,presidente,TO,,2022-10-30T20:15:32.000Z,,0.0604,22,JAIR BOLSONARO,PL,23272,,,,,
2022,2,presidente,TO,,2022-10-30T20:15:32.000Z,,0.0604,13,LULA,PT,27273,,,,,
2022,2,presidente,TO,,2022-10-30T20:16:38.000Z,,0.0897,22,JAIR BOLSONARO,PL,33492,,,,,
2022,2,presidente,TO,,2022-10-30T20:16:38.000Z,,0.0897,13,LULA,PT,39869,,,,,
2022,2,presidente,TO,,2022-10-30T20:17:45.000Z,,0.1069,22,JAIR BOLSONARO,PL,39662,,,,,
2022,2,presidente,TO,,2022-10-30T20:17:45.000Z,,0.1069,13,LULA,PT,47351,,,,,
2022,2,presidente,TO,,2022-10-30T20:18:57.000Z,,0.1322,22,JAIR BOLSONARO,PL,48665,,,,,
2022,2,presidente,TO,,2022-10-30T20:18:57.000Z,,0.1322,13,LULA,PT,58026,,,,,
2022,2,presidente,TO,,2022-10-30T20:20:07.000Z,,0.1559,22,JAIR BOLSONARO,PL,56889,,,,,
2022,2,presidente,TO,,2022-10-30T20:20:07.000Z,,0.1559,13,LULA,PT,68468,,,,,
2022,2,presidente,TO,,2022-10-30T20:21:18.000Z,,0.2588,22,JAIR BOLSONARO,PL,99426,,,,,
2022,2,presidente,TO,,2022-10-30T20:21:18.000Z,,0.2588,13,LULA,PT,113310,,,,,
2022,2,presidente,TO,,2022-10-30T20:22:34.000Z,,0.2588,22,JAIR BOLSONARO,PL,99426,,,,,
2022,2,presidente,TO,,2022-10-30T20:22:34.000Z,,0.2588,13,LULA,PT,113310,,,,,
2022,2,presidente,TO,,2022-10-30T20:23:44.000Z,,0.3505,22,JAIR BOLSONARO,PL,135040,,,,,
2022,2,presidente,TO,,2022-10-30T20:23:44.000Z,,0.3505,13,LULA,PT,152729,,,,,
2022,2,presidente,TO,,2022-10-30T20:25:07.000Z,,0.3841,22,JAIR BOLSONARO,PL,149216,,,,,
2022,2,presidente,TO,,2022-10-30T20:25:07.000Z,,0.3841,13,LULA,PT,167599,,,,,
2022,2,presidente,TO,,2022-10-30T20:26:13.000Z,,0.4203,22,JAIR BOLSONARO,PL,163555,,,,,
2022,2,presidente,TO,,2022-10-30T20:26:13.000Z,,0.4203,13,LULA,PT,183592,,,,,
2022,2,presidente,TO,,2022-10-30T20:27:20.000Z,,0.4716,22,JAIR BOLSONARO,PL,183593,,,,,
2022,2,presidente,TO,,2022-10-30T20:27:20.000Z,,0.4716,13,LULA,PT,206204,,,,,
2022,2,presidente,TO,,2022-10-30T20:28:25.000Z,,0.5019,22,JAIR BOLSONARO,PL,196829,,,,,
2022,2,presidente,TO,,2022-10-30T20:28:25.000Z,,0.5019,13,LULA,PT,219029,,,,,
2022,2,presidente,TO,,2022-10-30T20:29:36.000Z,,0.5284,22,JAIR BOLSONARO,PL,206258,,,,,
2022,2,presidente,TO,,2022-10-30T20:29:36.000Z,,0.5284,13,LULA,PT,231252,,,,,
2022,2,presidente,TO,,2022-10-30T20:30:44.000Z,,0.5567,22,JAIR BOLSONARO,PL,219077,,,,,
2022,2,presidente,TO,,2022-10-30T20:30:44.000Z,,0.5567,13,LULA,PT,243549,,,,,
2022,2,presidente,TO,,2022-10-30T20:32:00.000Z,,0.5855,22,JAIR BOLSONARO,PL,231440,,,,,
2022,2,presidente,TO,,2022-10-30T20:32:00.000Z,,0.5855,13,LULA,PT,255699,,,,,
2022,2,presidente,TO,,2022-10-30T20:33:17.000Z,,0.632,22,JAIR BOLSONARO,PL,252136,,,,,
2022,2,presidente,TO,,2022-10-30T20:33:17.000Z,,0.632,13,LULA,PT,276474,,,,,
2022,2,presidente,TO,,2022-10-30T20:34:24.000Z,,0.6422,22,JAIR BOLSONARO,PL,256782,,,,,
2022,2,presidente,TO,,2022-10-30T20:34:24.000Z,,0.6422,13,LULA,PT,280719,,,,,
2022,2,presidente,TO,,2022-10-30T20:35:41.000Z,,0.6591,22,JAIR BOLSONARO,PL,263431,,,,,
2022,2,presidente,TO,,2022-10-30T20:35:41.000Z,,0.6591,13,LULA,PT,288720,,,,,
2022,2,presidente,TO,,2022-10-30T20:36:50.000Z,,0.6773,22,JAIR BOLSONARO,PL,271756,,,,,
2022,2,presidente,TO,,2022-10-30T20:36:50.000Z,,0.6773,13,LULA,PT,295994,,,,,
2022,2,presidente,TO,,2022-10-30T20:37:57.000Z,,0.6965,22,JAIR BOLSONARO,PL,280570,,,,,
2022,2,presidente,TO,,2022-10-30T20:37:57.000Z,,0.6965,13,LULA,PT,304764,,,,,
2022,2,presidente,TO,,2022-10-30T20:39:08.000Z,,0.7096,22,JAIR BOLSONARO,PL,285841,,,,,
2022,2,presidente,TO,,2022-10-30T20:39:08.000Z,,0.7096,13,LULA,PT,311135,,,,,
2022,2,presidente,TO,,2022-10-30T20:40:14.000Z,,0.7266,22,JAIR BOLSONARO,PL,293692,,,,,
2022,2,presidente,TO,,2022-10-30T20:40:14.000Z,,0.7266,13,LULA,PT,317964,,,,,
2022,2,presidente,TO,,2022-10-30T20:41:25.000Z,,0.7574,22,JAIR BOLSONARO,PL,309199,,,,,
2022,2,presidente,TO,,2022-10-30T20:41:25.000Z,,0.7574,13,LULA,PT,330849,,,,,
2022,2,presidente,TO,,2022-10-30T20:42:31.000Z,,0.7574,22,JAIR BOLSONARO,PL,309199,,,,,
2022,2,presidente,TO,,2022-10-30T20:42:31.000Z,,0.7574,13,LULA,PT,330849,,,,,
2022,2,presidente,TO,,2022-10-30T20:43:38.000Z,,0.7708,22,JAIR BOLSONARO,PL,315523,,,,,
2022,2,presidente,TO,,2022-10-30T20:43:38.000Z,,0.7708,13,LULA,PT,336921,,,,,
2022,2,presidente,TO,,2022-10-30T20:44:52.000Z,,0.7854,22,JAIR BOLSONARO,PL,320790,,,,,
2022,2,presidente,TO,,2022-10-30T20:44:52.000Z,,0.7854,13,LULA,PT,343387,,,,,
2022,2,presidente,TO,,2022-10-30T20:46:03.000Z,,0.8072,22,JAIR BOLSONARO,PL,330167,,,,,
2022,2,presidente,TO,,2022-10-30T20:46:03.000Z,,0.8072,13,LULA,PT,353088,,,,,
2022,2,presidente,TO,,2022-10-30T20:47:14.000Z,,0.8095,22,JAIR BOLSONARO,PL,330984,,,,,
2022,2,presidente,TO,,2022-10-30T20:47:14.000Z,,0.8095,13,LULA,PT,354030,,,,,
2022,2,presidente,TO,,2022-10-30T20:48:47.000Z,,0.815,22,JAIR BOLSONARO,PL,333552,,,,,
2022,2,presidente,TO,,2022-10-30T20:48:47.000Z,,0.815,13,LULA,PT,356334,,,,,
2022,2,presidente,TO,,2022-10-30T20:50:02.000Z,,0.8307,22,JAIR BOLSONARO,PL,339866,,,,,
2022,2,presidente,TO,,2022-10-30T20:50:02.000Z,,0.8307,13,LULA,PT,363336,,,,,
2022,2,presidente,TO,,2022-10-30T20:51:15.000Z,,0.8347,22,JAIR BOLSONARO,PL,341408,,,,,
2022,2,presidente,TO,,2022-10-30T20:51:15.000Z,,0.8347,13,LULA,PT,365188,,,,,
2022,2,presidente,TO,,2022-10-30T20:52:28.000Z,,0.8524,22,JAIR BOLSONARO,PL,347747,,,,,
2022,2,presidente,TO,,2022-10-30T20:52:28.000Z,,0.8524,13,LULA,PT,373480,,,,,
2022,2,presidente,TO,,2022-10-30T20:53:46.000Z,,0.8577,22,JAIR BOLSONARO,PL,349466,,,,,
2022,2,presidente,TO,,2022-10-30T20:53:46.000Z,,0.8577,13,LULA,PT,376229,,,,,
2022,2,presidente,TO,,2022-10-30T20:55:03.000Z,,0.8706,22,JAIR BOLSONARO,PL,354959,,,,,
2022,2,presidente,TO,,2022-10-30T20:55:03.000Z,,0.8706,13,LULA,PT,380844,,,,,
2022,2,presidente,TO,,2022-10-30T20:56:25.000Z,,0.8731,22,JAIR BOLSONARO,PL,356070,,,,,
2022,2,presidente,TO,,2022-10-30T20:56:25.000Z,,0.8731,13,LULA,PT,381830,,,,,
2022,2,presidente,TO,,2022-10-30T20:57:49.000Z,,0.8789,22,JAIR BOLSONARO,PL,358378,,,,,
2022,2,presidente,TO,,2022-10-30T20:57:49.000Z,,0.8789,13,LULA,PT,384416,,,,,
2022,2,presidente,TO,,2022-10-30T20:59:11.000Z,,0.8797,22,JAIR BOLSONARO,PL,358463,,,,,
2022,2,presidente,TO,,2022-10-30T20:59:11.000Z,,0.8797,13,LULA,PT,384692,,,,,
2022,2,presidente,TO,,2022-10-30T21:00:24.000Z,,0.8822,22,JAIR BOLSONARO,PL,359531,,,,,
2022,2,presidente,TO,,2022-10-30T21:00:24.000Z,,0.8822,13,LULA,PT,385652,,,,,
2022,2,presidente,TO,,2022-10-30T21:01:54.000Z,,0.8853,22,JAIR BOLSONARO,PL,360502,,,,,
2022,2,presidente,TO,,2022-10-30T21:01:54.000Z,,0.8853,13,LULA,PT,386783,,,,,
2022,2,presidente,TO,,2022-10-30T21:03:18.000Z,,0.8888,22,JAIR BOLSONARO,PL,361995,,,,,
2022,2,presidente,TO,,2022-10-30T21:03:18.000Z,,0.8888,13,LULA,PT,388001,,,,,
2022,2,presidente,TO,,2022-10-30T21:04:31.000Z,,0.8918,22,JAIR BOLSONARO,PL,363632,,,,,
2022,2,presidente,TO,,2022-10-30T21:04:31.000Z,,0.8918,13,LULA,PT,389088,,,,,
2022,2,presidente,TO,,2022-10-30T21:05:38.000Z,,0.9025,22,JAIR BOLSONARO,PL,368462,,,,,
2022,2,presidente,TO,,2022-10-30T21:05:38.000Z,,0.9025,13,LULA,PT,393407,,,,,
2022,2,presidente,TO,,2022-10-30T21:06:57.000Z,,0.9047,22,JAIR BOLSONARO,PL,369449,,,,,
2022,2,presidente,TO,,2022-10-30T21:06:57.000Z,,0.9047,13,LULA,PT,394435,,,,,
2022,2,presidente,TO,,2022-10-30T21:08:14.000Z,,0.91,22,JAIR BOLSONARO,PL,371044,,,,,
2022,2,presidente,TO,,2022-10-30T21:08:14.000Z,,0.91,13,LULA,PT,397494,,,,,
2022,2,presidente,TO,,2022-10-30T21:09:35.000Z,,0.911,22,JAIR BOLSONARO,PL,371205,,,,,
2022,2,presidente,TO,,2022-10-30T21:09:35.000Z,,0.911,13,LULA,PT,398080,,,,,
2022,2,presidente,TO,,2022-10-30T21:10:46.000Z,,0.9113,22,JAIR BOLSONARO,PL,371278,,,,,
2022,2,presidente,TO,,2022-10-30T21:10:46.000Z,,0.9113,13,LULA,PT,398186,,,,,
2022,2,presidente,TO,,2022-10-30T21:12:15.000Z,,0.9115,22,JAIR BOLSONARO,PL,371380,,,,,
2022,2,presidente,TO,,2022-10-30T21:12:15.000Z,,0.9115,13,LULA,PT,398262,,,,,
2022,2,presidente,TO,,2022-10-30T21:13:31.000Z,,0.9138,22,JAIR BOLSONARO,PL,372402,,,,,
2022,2,presidente,TO,,2022-10-30T21:13:31.000Z,,0.9138,13,LULA,PT,399033,,,,,
2022,2,presidente,TO,,2022-10-30T21:14:40.000Z,,0.9206,22,JAIR BOLSONARO,PL,376254,,,,,
2022,2,presidente,TO,,2022-10-30T21:14:40.000Z,,0.9206,13,LULA,PT,401085,,,,,
2022,2,presidente,TO,,2022-10-30T21:16:08.000Z,,0.9237,22,JAIR BOLSONARO,PL,377844,,,,,
2022,2,presidente,TO,,2022-10-30T21:16:08.000Z,,0.9237,13,LULA,PT,402185,,,,,
2022,2,presidente,TO,,2022-10-30T21:17:28.000Z,,0.9272,22,JAIR BOLSONARO,PL,378977,,,,,
2022,2,presidente,TO,,2022-10-30T21:17:28.000Z,,0.9272,13,LULA,PT,403502,,,,,
2022,2,presidente,TO,,2022-10-30T21:18:50.000Z,,0.9272,22,JAIR BOLSONARO,PL,378977,,,,,
2022,2,presidente,TO,,2022-10-30T21:18:50.000Z,,0.9272,13,LULA,PT,403502,,,,,
2022,2,presidente,TO,,2022-10-30T21:20:19.000Z,,0.93,22,JAIR BOLSONARO,PL,379818,,,,,
2022,2,presidente,TO,,2022-10-30T21:20:19.000Z,,0.93,13,LULA,PT,404472,,,,,
2022,2,presidente,TO,,2022-10-30T21:21:40.000Z,,0.9315,22,JAIR BOLSONARO,PL,380226,,,,,
2022,2,presidente,TO,,2022-10-30T21:21:40.000Z,,0.9315,13,LULA,PT,405362,,,,,
2022,2,presidente,TO,,2022-10-30T21:23:04.000Z,,0.932,22,JAIR BOLSONARO,PL,380366,,,,,
2022,2,presidente,TO,,2022-10-30T21:23:04.000Z,,0.932,13,LULA,PT,405537,,,,,
2022,2,presidente,TO,,2022-10-30T21:24:28.000Z,,0.9386,22,JAIR BOLSONARO,PL,383758,,,,,
2022,2,presidente,TO,,2022-10-30T21:24:28.000Z,,0.9386,13,LULA,PT,407766,,,,,
2022,2,presidente,TO,,2022-10-30T21:25:52.000Z,,0.9401,22,JAIR BOLSONARO,PL,384220,,,,,
2022,2,presidente,TO,,2022-10-30T21:25:52.000Z,,0.9401,13,LULA,PT,408521,,,,,
2022,2,presidente,TO,,2022-10-30T21:27:24.000Z,,0.9416,22,JAIR BOLSONARO,PL,384791,,,,,
2022,2,presidente,TO,,2022-10-30T21:27:24.000Z,,0.9416,13,LULA,PT,409242,,,,,
2022,2,presidente,TO,,2022-10-30T21:28:44.000Z,,0.9479,22,JAIR BOLSONARO,PL,387916,,,,,
2022,2,presidente,TO,,2022-10-30T21:28:44.000Z,,0.9479,13,LULA,PT,411496,,,,,
2022,2,presidente,TO,,2022-10-30T21:30:07.000Z,,0.9517,22,JAIR BOLSONARO,PL,389508,,,,,
2022,2,presidente,TO,,2022-10-30T21:30:07.000Z,,0.9517,13,LULA,PT,413239,,,,,
2022,2,presidente,TO,,2022-10-30T21:31:38.000Z,,0.9543,22,JAIR BOLSONARO,PL,390278,,,,,
2022,2,presidente,TO,,2022-10-30T21:31:38.000Z,,0.9543,13,LULA,PT,414566,,,,,
2022,2,presidente,TO,,2022-10-30T21:33:04.000Z,,0.9548,22,JAIR BOLSONARO,PL,390467,,,,,
2022,2,presidente,TO,,2022-10-30T21:33:04.000Z,,0.9548,13,LULA,PT,414749,,,,,
2022,2,presidente,TO,,2022-10-30T21:34:23.000Z,,0.9553,22,JAIR BOLSONARO,PL,390571,,,,,
2022,2,presidente,TO,,2022-10-30T21:34:23.000Z,,0.9553,13,LULA,PT,415010,,,,,
2022,2,presidente,TO,,2022-10-30T21:35:45.000Z,,0.9601,22,JAIR BOLSONARO,PL,393148,,,,,
2022,2,presidente,TO,,2022-10-30T21:35:45.000Z,,0.9601,13,LULA,PT,416324,,,,,
2022,2,presidente,TO,,2022-10-30T21:37:04.000Z,,0.9631,22,JAIR BOLSONARO,PL,394526,,,,,
2022,2,presidente,TO,,2022-10-30T21:37:04.000Z,,0.9631,13,LULA,PT,417581,,,,,
2022,2,presidente,TO,,2022-10-30T21:38:35.000Z,,0.9659,22,JAIR BOLSONARO,PL,395527,,,,,
2022,2,presidente,TO,,2022-10-30T21:38:35.000Z,,0.9659,13,LULA,PT,418899,,,,,
2022,2,presidente,TO,,2022-10-30T21:40:06.000Z,,0.9674,22,JAIR BOLSONARO,PL,395987,,,,,
2022,2,presidente,TO,,2022-10-30T21:40:06.000Z,,0.9674,13,LULA,PT,419580,,,,,
2022,2,presidente,TO,,2022-10-30T21:41:36.000Z,,0.9679,22,JAIR BOLSONARO,PL,396236,,,,,
2022,2,presidente,TO,,2022-10-30T21:41:36.000Z,,0.9679,13,LULA,PT,419809,,,,,
2022,2,presidente,TO,,2022-10-30T21:43:00.000Z,,0.9679,22,JAIR BOLSONARO,PL,396236,,,,,
2022,2,presidente,TO,,2022-10-30T21:43:00.000Z,,0.9679,13,LULA,PT,419809,,,,,
2022,2,presidente,TO,,2022-10-30T21:44:18.000Z,,0.9689,22,JAIR BOLSONARO,PL,396802,,,,,
2022,2,presidente,TO,,2022-10-30T21:44:18.000Z,,0.9689,13,LULA,PT,420282,,,,,
2022,2,presidente,TO,,2022-10-30T21:45:39.000Z,,0.9725,22,JAIR BOLSONARO,PL,398920,,,,,
2022,2,presidente,TO,,2022-10-30T21:45:39.000Z,,0.9725,13,LULA,PT,421762,,,,,
2022,2,presidente,TO,,2022-10-30T21:47:00.000Z,,0.976,22,JAIR BOLSONARO,PL,400914,,,,,
2022,2,presidente,TO,,2022-10-30T21:47:00.000Z,,0.976,13,LULA,PT,423251,,,,,
2022,2,presidente,TO,,2022-10-30T21:48:20.000Z,,0.9775,22,JAIR BOLSONARO,PL,401790,,,,,
2022,2,presidente,TO,,2022-10-30T21:48:20.000Z,,0.9775,13,LULA,PT,423858,,,,,
2022,2,presidente,TO,,2022-10-30T21:51:34.000Z,,0.978,22,JAIR BOLSONARO,PL,401822,,,,,
2022,2,presidente,TO,,2022-10-30T21:51:34.000Z,,0.978,13,LULA,PT,424046,,,,,
2022,2,presidente,TO,,2022-10-30T21:53:08.000Z,,0.9783,22,JAIR BOLSONARO,PL,401995,,,,,
2022,2,presidente,TO,,2022-10-30T21:53:08.000Z,,0.9783,13,LULA,PT,424146,,,,,
2022,2,presidente,TO,,2022-10-30T21:54:34.000Z,,0.98,22,JAIR BOLSONARO,PL,402491,,,,,
2022,2,presidente,TO,,2022-10-30T21:54:34.000Z,,0.98,13,LULA,PT,425131,,,,,
2022,2,presidente,TO,,2022-10-30T21:56:05.000Z,,0.981,22,JAIR BOLSONARO,PL,402715,,,,,
2022,2,presidente,TO,,2022-10-30T21:56:05.000Z,,0.981,13,LULA,PT,425718,,,,,
2022,2,presidente,TO,,2022-10-30T21:57:32.000Z,,0.9838,22,JAIR BOLSONARO,PL,403830,,,,,
2022,2,presidente,TO,,2022-10-30T21:57:32.000Z,,0.9838,13,LULA,PT,427204,,,,,
2022,2,presidente,TO,,2022-10-30T21:59:09.000Z,,0.9866,22,JAIR BOLSONARO,PL,405123,,,,,
2022,2,presidente,TO,,2022-10-30T21:59:09.000Z,,0.9866,13,LULA,PT,428640,,,,,
2022,2,presidente,TO,,2022-10-30T22:00:33.000Z,,0.9879,22,JAIR BOLSONARO,PL,405734,,,,,
2022,2,presidente,TO,,2022-10-30T22:00:33.000Z,,0.9879,13,LULA,PT,429209,,,,,
2022,2,presidente,TO,,2022-10-30T22:02:11.000Z,,0.9884,22,JAIR BOLSONARO,PL,405960,,,,,
2022,2,presidente,TO,,2022-10-30T22:02:11.000Z,,0.9884,13,LULA,PT,429355,,,,,
2022,2,presidente,TO,,2022-10-30T22:03:34.000Z,,0.9889,22,JAIR BOLSONARO,PL,406158,,,,,
2022,2,presidente,TO,,2022-10-30T22:03:34.000Z,,0.9889,13,LULA,PT,429581,,,,,
2022,2,presidente,TO,,2022-10-30T22:05:01.000Z,,0.9904,22,JAIR BOLSONARO,PL,406905,,,,,
2022,2,presidente,TO,,2022-10-30T22:05:01.000Z,,0.9904,13,LULA,PT,430300,,,,,
2022,2,presidente,TO,,2022-10-30T22:06:21.000Z,,0.9932,22,JAIR BOLSONARO,PL,408242,,,,,
2022,2,presidente,TO,,2022-10-30T22:06:21.000Z,,0.9932,13,LULA,PT,431519,,,,,
2022,2,presidente,TO,,2022-10-30T22:07:53.000Z,,0.9932,22,JAIR BOLSONARO,PL,408242,,,,,
2022,2,presidente,TO,,2022-10-30T22:07:53.000Z,,0.9932,13,LULA,PT,431519,,,,,
2022,2,presidente,TO,,2022-10-30T22:09:15.000Z,,0.9932,22,JAIR BOLSONARO,PL,408242,,,,,
2022,2,presidente,TO,,2022-10-30T22:09:15.000Z,,0.9932,13,LULA,PT,431519,,,,,
2022,2,presidente,TO,,2022-10-30T22:10:42.000Z,,0.9947,22,JAIR BOLSONARO,PL,408984,,,,,
2022,2,presidente,TO,,2022-10-30T22:10:42.000Z,,0.9947,13,LULA,PT,432176,,,,,
2022,2,presidente,TO,,2022-10-30T22:12:29.000Z,,0.9947,22,JAIR BOLSONARO,PL,408984,,,,,
2022,2,presidente,TO,,2022-10-30T22:12:29.000Z,,0.9947,13,LULA,PT,432176,,,,,
2022,2,presidente,TO,,2022-10-30T22:14:13.000Z,,0.9962,22,JAIR BOLSONARO,PL,409714,,,,,
2022,2,presidente,TO,,2022-10-30T22:14:13.000Z,,0.9962,13,LULA,PT,432947,,,,,
2022,2,presidente,TO,,2022-10-30T22:15:52.000Z,,0.997,22,JAIR BOLSONARO,PL,410151,,,,,
2022,2,presidente,TO,,2022-10-30T22:15:52.000Z,,0.997,13,LULA,PT,433220,,,,,
2022,2,presidente,TO,,2022-10-30T22:17:34.000Z,,0.9977,22,JAIR BOLSONARO,PL,410560,,,,,
2022,2,presidente,TO,,2022-10-30T22:17:34.000Z,,0.9977,13,LULA,PT,433539,,,,,
2022,2,presidente,TO,,2022-10-30T22:19:08.000Z,,0.9982,22,JAIR BOLSONARO,PL,410953,,,,,
2022,2,presidente,TO,,2022-10-30T22:19:08.000Z,,0.9982,13,LULA,PT,433710,,,,,
2022,2,presidente,TO,,2022-10-30T22:20:53.000Z,,0.999,22,JAIR BOLSONARO,PL,411112,,,,,
2022,2,presidente,TO,,2022-10-30T22:20:53.000Z,,0.999,13,LULA,PT,434163,,,,,
2022,2,presidente,TO,,2022-10-30T22:22:26.000Z,,0.999,22,JAIR BOLSONARO,PL,411112,,,,,
2022,2,presidente,TO,,2022-10-30T22:22:26.000Z,,0.999,13,LULA,PT,434163,,,,,
2022,2,presidente,TO,,2022-10-30T22:23:54.000Z,,0.999,22,JAIR BOLSONARO,PL,411112,,,,,
2022,2,presidente,TO,,2022-10-30T22:23:54.000Z,,0.999,13,LULA,PT,434163,,,,,
2022,2,presidente,TO,,2022-10-30T22:25:42.000Z,,0.9995,22,JAIR BOLSONARO,PL,411435,,,,,
2022,2,presidente,TO,,2022-10-30T22:25:42.000Z,,0.9995,13,LULA,PT,434375,,,,,
2022,2,presidente,TO,,2022-10-30T22:27:32.000Z,,0.9995,22,JAIR BOLSONARO,PL,411435,,,,,
2022,2,presidente,TO,,2022-10-30T22:27:32.000Z,,0.9995,13,LULA,PT,434375,,,,,
2022,2,presidente,TO,,2022-10-30T22:29:10.000Z,,0.9995,22,JAIR BOLSONARO,PL,411435,,,,,
2022,2,presidente,TO,,2022-10-30T22:29:10.000Z,,0.9995,13,LULA,PT,434375,,,,,
2022,2,presidente,TO,,2022-10-30T22:30:57.000Z,,0.9995,22,JAIR BOLSONARO,PL,411435,,,,,
2022,2,presidente,TO,,2022-10-30T22:30:57.000Z,,0.9995,13,LULA,PT,434375,,,,,
2022,2,presidente,TO,,2022-10-30T22:32:34.000Z,,0.9995,22,JAIR BOLSONARO,PL,411435,,,,,
2022,2,presidente,TO,,2022-10-30T22:32:34.000Z,,0.9995,13,LULA,PT,434375,,,,,
2022,2,presidente,TO,,2022-10-30T22:34:18.000Z,,0.9995,22,JAIR BOLSONARO,PL,411435,,,,,
2022,2,presidente,TO,,2022-10-30T22:34:18.000Z,,0.9995,13,LULA,PT,434375,,,,,
2022,2,presidente,TO,,2022-10-30T22:36:05.000Z,,0.9995,22,JAIR BOLSONARO,PL,411435,,,,,
2022,2,presidente,TO,,2022-10-30T22:36:05.000Z,,0.9995,13,LULA,PT,434375,,,,,
2022,2,presidente,TO,,2022-10-30T22:38:15.000Z,,1,22,JAIR BOLSONARO,PL,411654,,,,,
2022,2,presidente,TO,,2022-10-30T22:38:15.000Z,,1,13,LULA,PT,434593,,,,,
